Epoch	Loss_Value	Smoothed_Trend
1	1.9446949556e-01	1.9443051555e-01
2	1.9345387166e-01	1.9360096893e-01
3	1.9235362907e-01	1.9260748190e-01
4	1.9116378794e-01	1.9145605203e-01
5	1.8987868342e-01	1.9015267687e-01
6	1.8849255156e-01	1.8870335400e-01
7	1.8699916097e-01	1.8711408098e-01
8	1.8539187778e-01	1.8539085538e-01
9	1.8366423056e-01	1.8353967476e-01
10	1.8181072562e-01	1.8156653669e-01
11	1.7982724600e-01	1.7947743873e-01
12	1.7771059344e-01	1.7727837846e-01
13	1.7545854772e-01	1.7497535343e-01
14	1.7307014824e-01	1.7257436121e-01
15	1.7054884836e-01	1.7008139938e-01
16	1.6790590802e-01	1.6750246549e-01
17	1.6515823611e-01	1.6484355711e-01
18	1.6232057054e-01	1.6211067180e-01
19	1.5940534014e-01	1.5930980714e-01
20	1.5642604149e-01	1.5644696069e-01
21	1.5339537133e-01	1.5352813001e-01
22	1.5032516831e-01	1.5055931268e-01
23	1.4722712232e-01	1.4754650625e-01
24	1.4411027558e-01	1.4449570829e-01
25	1.4098163990e-01	1.4141291637e-01
26	1.3784718861e-01	1.3830412806e-01
27	1.3471210283e-01	1.3520782328e-01
28	1.3158124144e-01	1.3209720069e-01
29	1.2845946800e-01	1.2897947235e-01
30	1.2535088480e-01	1.2586178430e-01
31	1.2225991641e-01	1.2275113158e-01
32	1.1919010025e-01	1.1965428322e-01
33	1.1614504022e-01	1.1657769551e-01
34	1.1312773219e-01	1.1352742502e-01
35	1.1014099381e-01	1.1050905653e-01
36	1.0718748259e-01	1.0752765434e-01
37	1.0427038211e-01	1.0458773151e-01
38	1.0139293103e-01	1.0169320908e-01
39	9.8558842140e-02	9.8847380493e-02
40	9.5771890441e-02	9.6052890063e-02
41	9.3035060727e-02	9.3311817878e-02
42	9.0351155169e-02	9.0625904080e-02
43	8.7722576645e-02	8.7996748284e-02
44	8.5151231235e-02	8.5425797199e-02
45	8.2638892757e-02	8.2914315226e-02
46	8.0187328172e-02	8.0463450725e-02
47	7.7797977745e-02	7.8074254087e-02
48	7.5472197433e-02	7.5747692343e-02
49	7.3211204694e-02	7.3484681892e-02
50	7.1016171121e-02	7.1286044833e-02
51	6.8887933719e-02	6.9152471693e-02
52	6.6826913301e-02	6.7084506219e-02
53	6.4833375333e-02	6.5082533027e-02
54	6.2907332305e-02	6.3146776964e-02
55	6.1048512316e-02	6.1277315535e-02
56	5.9256527574e-02	5.9474066721e-02
57	5.7530994506e-02	5.7736808332e-02
58	5.5871460826e-02	5.6065162087e-02
59	5.4277327006e-02	5.4458604195e-02
60	5.2747801735e-02	5.2916455973e-02
61	5.1281966761e-02	5.1437885550e-02
62	4.9878729547e-02	5.0021910570e-02
63	4.8536880171e-02	4.8667423502e-02
64	4.7255123273e-02	4.7373206032e-02
65	4.6032081491e-02	4.6137958256e-02
66	4.4866394068e-02	4.4960318924e-02
67	4.3756616355e-02	4.3838860140e-02
68	4.2701309261e-02	4.2772097981e-02
69	4.1698857579e-02	4.1758496179e-02
70	4.0747570848e-02	4.0796465458e-02
71	3.9845803771e-02	3.9884372879e-02
72	3.8991863535e-02	3.9020555381e-02
73	3.8184006956e-02	3.8203323694e-02
74	3.7420542428e-02	3.7430973220e-02
75	3.6699749601e-02	3.6701793364e-02
76	3.6019901575e-02	3.6014079738e-02
77	3.5379276403e-02	3.5366137599e-02
78	3.4776190476e-02	3.4756281482e-02
79	3.4209026106e-02	3.4182841265e-02
80	3.3676137796e-02	3.3644164622e-02
81	3.3175894770e-02	3.3138617385e-02
82	3.2706702290e-02	3.2664588046e-02
83	3.2266983247e-02	3.2220495758e-02
84	3.1855198272e-02	3.1804796270e-02
85	3.1469841267e-02	3.1415985127e-02
86	3.1109459404e-02	3.1052598757e-02
87	3.0772647072e-02	3.0713216703e-02
88	3.0458042235e-02	3.0396461631e-02
89	3.0164325322e-02	3.0101000198e-02
90	2.9890233344e-02	2.9825544287e-02
91	2.9634552189e-02	2.9568851762e-02
92	2.9396104675e-02	2.9329729873e-02
93	2.9173764360e-02	2.9107035417e-02
94	2.8966457102e-02	2.8899677182e-02
95	2.8773159891e-02	2.8706612372e-02
96	2.8592897088e-02	2.8526845115e-02
97	2.8424740153e-02	2.8359428192e-02
98	2.8267811883e-02	2.8203461820e-02
99	2.8121279706e-02	2.8058091822e-02
100	2.7984357633e-02	2.7922510502e-02
101	2.7856308750e-02	2.7795954941e-02
102	2.7736439318e-02	2.7677705614e-02
103	2.7624092714e-02	2.7567085064e-02
104	2.7518651910e-02	2.7463457352e-02
105	2.7419538881e-02	2.7366228328e-02
106	2.7326213386e-02	2.7274842951e-02
107	2.7238171629e-02	2.7188783518e-02
108	2.7154944394e-02	2.7107568372e-02
109	2.7076095469e-02	2.7030749904e-02
110	2.7001220640e-02	2.6957913005e-02
111	2.6929946054e-02	2.6888673291e-02
112	2.6861925864e-02	2.6822675859e-02
113	2.6796841618e-02	2.6759593876e-02
114	2.6734400796e-02	2.6699127010e-02
115	2.6674334274e-02	2.6640999812e-02
116	2.6616396405e-02	2.6584960541e-02
117	2.6560363238e-02	2.6530779792e-02
118	2.6506030366e-02	2.6478248753e-02
119	2.6453211994e-02	2.6427177870e-02
120	2.6401740117e-02	2.6377395626e-02
121	2.6351462550e-02	2.6328747343e-02
122	2.6302242374e-02	2.6281093934e-02
123	2.6253956442e-02	2.6234310712e-02
124	2.6206493767e-02	2.6188286401e-02
125	2.6159756191e-02	2.6142922039e-02
126	2.6113657762e-02	2.6098130011e-02
127	2.6068122215e-02	2.6053833261e-02
128	2.6023081544e-02	2.6009964423e-02
129	2.5978476131e-02	2.5966464861e-02
130	2.5934253984e-02	2.5923283849e-02
131	2.5890370059e-02	2.5880377818e-02
132	2.5846785592e-02	2.5837709666e-02
133	2.5803467408e-02	2.5795248108e-02
134	2.5760387397e-02	2.5752967073e-02
135	2.5717522055e-02	2.5710845131e-02
136	2.5674851965e-02	2.5668864989e-02
137	2.5632361229e-02	2.5627013020e-02
138	2.5590037069e-02	2.5585278800e-02
139	2.5547869856e-02	2.5543654715e-02
140	2.5505852517e-02	2.5502135597e-02
141	2.5463979622e-02	2.5460718371e-02
142	2.5422247379e-02	2.5419401764e-02
143	2.5380653634e-02	2.5378186042e-02
144	2.5339197562e-02	2.5337072749e-02
145	2.5297879428e-02	2.5296064477e-02
146	2.5256700437e-02	2.5255164678e-02
147	2.5215662522e-02	2.5214377470e-02
148	2.5174768285e-02	2.5173707488e-02
149	2.5134020830e-02	2.5133159734e-02
150	2.5093423452e-02	2.5092739430e-02
151	2.5052979707e-02	2.5052451937e-02
152	2.5012693310e-02	2.5012302702e-02
153	2.4972568072e-02	2.4972297177e-02
154	2.4932607783e-02	2.4932440722e-02
155	2.4892816143e-02	2.4892738554e-02
156	2.4853196766e-02	2.4853195697e-02
157	2.4813753163e-02	2.4813816948e-02
158	2.4774488701e-02	2.4774606844e-02
159	2.4735406537e-02	2.4735569639e-02
160	2.4696509656e-02	2.4696709286e-02
161	2.4657800774e-02	2.4658029433e-02
162	2.4619282360e-02	2.4619533415e-02
163	2.4580956623e-02	2.4581224248e-02
164	2.4542825619e-02	2.4543104636e-02
165	2.4504891150e-02	2.4505176978e-02
166	2.4467154691e-02	2.4467443385e-02
167	2.4429617477e-02	2.4429905676e-02
168	2.4392280510e-02	2.4392565380e-02
169	2.4355144575e-02	2.4355423751e-02
170	2.4318210280e-02	2.4318481779e-02
171	2.4281477993e-02	2.4281740201e-02
172	2.4244947873e-02	2.4245199516e-02
173	2.4208619907e-02	2.4208859997e-02
174	2.4172493907e-02	2.4172721708e-02
175	2.4136569511e-02	2.4136784522e-02
176	2.4100846203e-02	2.4101048131e-02
177	2.4065323320e-02	2.4065512055e-02
178	2.4030000067e-02	2.4030175660e-02
179	2.3994875531e-02	2.3995038169e-02
180	2.3959948694e-02	2.3960098673e-02
181	2.3925218428e-02	2.3925356143e-02
182	2.3890683514e-02	2.3890809440e-02
183	2.3856342681e-02	2.3856457330e-02
184	2.3822194685e-02	2.3822298488e-02
185	2.3788238098e-02	2.3788331512e-02
186	2.3754471431e-02	2.3754554933e-02
187	2.3720893144e-02	2.3720967221e-02
188	2.3687501637e-02	2.3687566793e-02
189	2.3654295265e-02	2.3654352019e-02
190	2.3621272354e-02	2.3621321231e-02
191	2.3588431209e-02	2.3588472734e-02
192	2.3555770106e-02	2.3555804803e-02
193	2.3523287305e-02	2.3523315690e-02
194	2.3490981042e-02	2.3491003631e-02
195	2.3458849535e-02	2.3458866848e-02
196	2.3426891027e-02	2.3426903554e-02
197	2.3395103865e-02	2.3395111958e-02
198	2.3363486281e-02	2.3363490265e-02
199	2.3332036494e-02	2.3332036686e-02
200	2.3300752727e-02	2.3300749429e-02
201	2.3269633208e-02	2.3269626714e-02
202	2.3238676167e-02	2.3238666766e-02
203	2.3207879829e-02	2.3207867819e-02
204	2.3177242497e-02	2.3177228120e-02
205	2.3146762442e-02	2.3146745927e-02
206	2.3116437939e-02	2.3116419513e-02
207	2.3086267285e-02	2.3086247165e-02
208	2.3056248800e-02	2.3056227184e-02
209	2.3026380815e-02	2.3026357890e-02
210	2.2996661677e-02	2.2996637625e-02
211	2.2967089769e-02	2.2967064746e-02
212	2.2937663478e-02	2.2937637632e-02
213	2.2908381201e-02	2.2908354680e-02
214	2.2879241359e-02	2.2879214308e-02
215	2.2850242396e-02	2.2850214951e-02
216	2.2821382775e-02	2.2821355064e-02
217	2.2792660972e-02	2.2792633124e-02
218	2.2764075489e-02	2.2764047623e-02
219	2.2735624873e-02	2.2735597078e-02
220	2.2707307687e-02	2.2707280020e-02
221	2.2679122512e-02	2.2679095003e-02
222	2.2651067928e-02	2.2651040598e-02
223	2.2623142532e-02	2.2623115400e-02
224	2.2595344941e-02	2.2595318026e-02
225	2.2567673798e-02	2.2567647109e-02
226	2.2540127767e-02	2.2540101305e-02
227	2.2512705507e-02	2.2512679284e-02
228	2.2485405705e-02	2.2485379738e-02
229	2.2458227073e-02	2.2458201373e-02
230	2.2431168338e-02	2.2431142916e-02
231	2.2404228246e-02	2.2404203111e-02
232	2.2377405559e-02	2.2377380717e-02
233	2.2350699045e-02	2.2350674514e-02
234	2.2324107499e-02	2.2324083296e-02
235	2.2297629736e-02	2.2297605873e-02
236	2.2271264586e-02	2.2271241073e-02
237	2.2245010896e-02	2.2244987741e-02
238	2.2218867525e-02	2.2218844735e-02
239	2.2192833350e-02	2.2192810933e-02
240	2.2166907261e-02	2.2166885224e-02
241	2.2141088163e-02	2.2141066516e-02
242	2.2115374982e-02	2.2115353728e-02
243	2.2089766657e-02	2.2089745795e-02
244	2.2064262140e-02	2.2064241666e-02
245	2.2038860396e-02	2.2038840304e-02
246	2.2013560403e-02	2.2013540685e-02
247	2.1988361153e-02	2.1988341800e-02
248	2.1963261631e-02	2.1963242652e-02
249	2.1938260832e-02	2.1938242258e-02
250	2.1913357778e-02	2.1913339646e-02
251	2.1888551509e-02	2.1888533856e-02
252	2.1863841091e-02	2.1863823942e-02
253	2.1839225589e-02	2.1839208968e-02
254	2.1814704077e-02	2.1814688007e-02
255	2.1790275667e-02	2.1790260146e-02
256	2.1765939466e-02	2.1765924480e-02
257	2.1741694577e-02	2.1741680116e-02
258	2.1717540117e-02	2.1717526169e-02
259	2.1693475240e-02	2.1693461764e-02
260	2.1669499087e-02	2.1669486038e-02
261	2.1645610802e-02	2.1645598133e-02
262	2.1621809534e-02	2.1621797201e-02
263	2.1598094443e-02	2.1598082405e-02
264	2.1574464689e-02	2.1574452913e-02
265	2.1550919446e-02	2.1550907903e-02
266	2.1527457894e-02	2.1527446561e-02
267	2.1504079225e-02	2.1504068081e-02
268	2.1480782633e-02	2.1480771662e-02
269	2.1457567307e-02	2.1457556514e-02
270	2.1434432472e-02	2.1434421852e-02
271	2.1411377372e-02	2.1411366899e-02
272	2.1388401225e-02	2.1388390886e-02
273	2.1365503261e-02	2.1365493049e-02
274	2.1342682717e-02	2.1342672629e-02
275	2.1319938840e-02	2.1319928875e-02
276	2.1297270883e-02	2.1297261039e-02
277	2.1274678109e-02	2.1274668381e-02
278	2.1252159787e-02	2.1252150169e-02
279	2.1229715190e-02	2.1229705674e-02
280	2.1207343599e-02	2.1207334176e-02
281	2.1185044298e-02	2.1185034959e-02
282	2.1162816580e-02	2.1162807316e-02
283	2.1140659741e-02	2.1140650544e-02
284	2.1118573088e-02	2.1118563947e-02
285	2.1096555931e-02	2.1096546836e-02
286	2.1074607583e-02	2.1074598529e-02
287	2.1052727371e-02	2.1052718351e-02
288	2.1030914622e-02	2.1030905631e-02
289	2.1009168668e-02	2.1009159707e-02
290	2.0987488847e-02	2.0987479921e-02
291	2.0965874508e-02	2.0965865622e-02
292	2.0944324999e-02	2.0944316163e-02
293	2.0922839676e-02	2.0922830905e-02
294	2.0901417897e-02	2.0901409213e-02
295	2.0880059027e-02	2.0880050455e-02
296	2.0858762434e-02	2.0858754005e-02
297	2.0837527492e-02	2.0837519244e-02
298	2.0816353583e-02	2.0816345557e-02
299	2.0795240144e-02	2.0795232337e-02
300	2.0774186592e-02	2.0774178982e-02
301	2.0753192321e-02	2.0753184895e-02
302	2.0732256733e-02	2.0732249486e-02
303	2.0711379233e-02	2.0711372168e-02
304	2.0690559230e-02	2.0690552360e-02
305	2.0669796159e-02	2.0669789484e-02
306	2.0649089480e-02	2.0649082970e-02
307	2.0628438614e-02	2.0628432250e-02
308	2.0607842989e-02	2.0607836762e-02
309	2.0587302058e-02	2.0587295947e-02
310	2.0566815266e-02	2.0566809250e-02
311	2.0546382056e-02	2.0546376120e-02
312	2.0526001873e-02	2.0525996009e-02
313	2.0505674153e-02	2.0505668373e-02
314	2.0485398344e-02	2.0485392674e-02
315	2.0465173923e-02	2.0465168375e-02
316	2.0445000357e-02	2.0444994944e-02
317	2.0424877109e-02	2.0424871852e-02
318	2.0404803641e-02	2.0404798574e-02
319	2.0384779430e-02	2.0384774588e-02
320	2.0364804041e-02	2.0364799375e-02
321	2.0344876979e-02	2.0344872421e-02
322	2.0324997726e-02	2.0324993212e-02
323	2.0305165769e-02	2.0305161241e-02
324	2.0285380582e-02	2.0285376000e-02
325	2.0265641635e-02	2.0265636987e-02
326	2.0245948421e-02	2.0245943702e-02
327	2.0226300438e-02	2.0226295650e-02
328	2.0206697193e-02	2.0206692338e-02
329	2.0187138195e-02	2.0187133276e-02
330	2.0167622950e-02	2.0167617976e-02
331	2.0148150963e-02	2.0148145955e-02
332	2.0128721749e-02	2.0128716733e-02
333	2.0109334821e-02	2.0109329834e-02
334	2.0089989702e-02	2.0089984784e-02
335	2.0070685944e-02	2.0070681112e-02
336	2.0051423098e-02	2.0051418352e-02
337	2.0032200699e-02	2.0032196039e-02
338	2.0013018282e-02	2.0013013711e-02
339	1.9993875391e-02	1.9993870909e-02
340	1.9974771573e-02	1.9974767176e-02
341	1.9955706375e-02	1.9955702057e-02
342	1.9936679351e-02	1.9936675100e-02
343	1.9917690055e-02	1.9917685856e-02
344	1.9898738046e-02	1.9898733880e-02
345	1.9879822875e-02	1.9879818724e-02
346	1.9860944091e-02	1.9860939949e-02
347	1.9842101254e-02	1.9842097117e-02
348	1.9823293925e-02	1.9823289794e-02
349	1.9804521684e-02	1.9804517550e-02
350	1.9785784117e-02	1.9785779958e-02
351	1.9767080801e-02	1.9767076592e-02
352	1.9748411318e-02	1.9748407028e-02
353	1.9729775244e-02	1.9729770845e-02
354	1.9711172160e-02	1.9711167621e-02
355	1.9692601655e-02	1.9692596939e-02
356	1.9674063314e-02	1.9674058386e-02
357	1.9655556724e-02	1.9655551555e-02
358	1.9637081476e-02	1.9637076042e-02
359	1.9618637160e-02	1.9618631446e-02
360	1.9600223368e-02	1.9600217372e-02
361	1.9581839699e-02	1.9581833429e-02
362	1.9563485760e-02	1.9563479233e-02
363	1.9545161163e-02	1.9545154401e-02
364	1.9526865534e-02	1.9526858557e-02
365	1.9508598486e-02	1.9508591329e-02
366	1.9490359633e-02	1.9490352348e-02
367	1.9472148600e-02	1.9472141251e-02
368	1.9453965015e-02	1.9453957681e-02
369	1.9435808502e-02	1.9435801281e-02
370	1.9417678744e-02	1.9417671703e-02
371	1.9399575404e-02	1.9399568600e-02
372	1.9381498146e-02	1.9381491629e-02
373	1.9363446618e-02	1.9363440451e-02
374	1.9345420463e-02	1.9345414730e-02
375	1.9327419329e-02	1.9327414135e-02
376	1.9309442902e-02	1.9309438339e-02
377	1.9291490879e-02	1.9291487015e-02
378	1.9273563036e-02	1.9273559844e-02
379	1.9255659126e-02	1.9255656506e-02
380	1.9237778831e-02	1.9237776686e-02
381	1.9219921833e-02	1.9219920070e-02
382	1.9202087810e-02	1.9202086348e-02
383	1.9184276445e-02	1.9184275209e-02
384	1.9166487416e-02	1.9166486344e-02
385	1.9148720406e-02	1.9148719449e-02
386	1.9130975097e-02	1.9130974215e-02
387	1.9113251190e-02	1.9113250340e-02
388	1.9095548388e-02	1.9095547519e-02
389	1.9077866380e-02	1.9077865448e-02
390	1.9060204852e-02	1.9060203827e-02
391	1.9042563496e-02	1.9042562353e-02
392	1.9024942008e-02	1.9024940726e-02
393	1.9007340081e-02	1.9007338646e-02
394	1.8989757409e-02	1.8989755812e-02
395	1.8972193693e-02	1.8972191923e-02
396	1.8954648632e-02	1.8954646683e-02
397	1.8937121925e-02	1.8937119792e-02
398	1.8919613277e-02	1.8919610955e-02
399	1.8902122380e-02	1.8902119876e-02
400	1.8884648932e-02	1.8884646257e-02
401	1.8867192635e-02	1.8867189804e-02
402	1.8849753195e-02	1.8849750219e-02
403	1.8832330315e-02	1.8832327209e-02
404	1.8814923695e-02	1.8814920482e-02
405	1.8797533044e-02	1.8797529752e-02
406	1.8780158074e-02	1.8780154735e-02
407	1.8762798514e-02	1.8762795147e-02
408	1.8745454089e-02	1.8745450709e-02
409	1.8728124518e-02	1.8728121141e-02
410	1.8710809526e-02	1.8710806167e-02
411	1.8693508843e-02	1.8693505498e-02
412	1.8676222208e-02	1.8676218844e-02
413	1.8658949354e-02	1.8658945920e-02
414	1.8641690018e-02	1.8641686445e-02
415	1.8624443941e-02	1.8624440145e-02
416	1.8607210859e-02	1.8607206751e-02
417	1.8589990512e-02	1.8589985999e-02
418	1.8572782638e-02	1.8572777630e-02
419	1.8555586981e-02	1.8555581391e-02
420	1.8538403285e-02	1.8538397038e-02
421	1.8521231291e-02	1.8521224330e-02
422	1.8504070747e-02	1.8504063034e-02
423	1.8486921404e-02	1.8486912924e-02
424	1.8469783014e-02	1.8469773780e-02
425	1.8452655333e-02	1.8452645387e-02
426	1.8435538123e-02	1.8435527538e-02
427	1.8418431156e-02	1.8418420029e-02
428	1.8401334212e-02	1.8401322665e-02
429	1.8384247058e-02	1.8384235254e-02
430	1.8367169462e-02	1.8367157610e-02
431	1.8350101195e-02	1.8350089554e-02
432	1.8333042031e-02	1.8333030909e-02
433	1.8315991745e-02	1.8315981505e-02
434	1.8298950114e-02	1.8298941176e-02
435	1.8281916945e-02	1.8281909759e-02
436	1.8264892531e-02	1.8264887098e-02
437	1.8247876897e-02	1.8247873037e-02
438	1.8230869897e-02	1.8230867427e-02
439	1.8213871399e-02	1.8213870118e-02
440	1.8196881254e-02	1.8196880966e-02
441	1.8179899320e-02	1.8179899828e-02
442	1.8162925462e-02	1.8162926568e-02
443	1.8145959539e-02	1.8145961046e-02
444	1.8129001412e-02	1.8129003128e-02
445	1.8112050930e-02	1.8112052682e-02
446	1.8095107939e-02	1.8095109575e-02
447	1.8078172284e-02	1.8078173676e-02
448	1.8061243808e-02	1.8061244856e-02
449	1.8044322367e-02	1.8044322987e-02
450	1.8027407811e-02	1.8027407939e-02
451	1.8010499995e-02	1.8010499585e-02
452	1.7993598768e-02	1.7993597797e-02
453	1.7976703974e-02	1.7976702445e-02
454	1.7959815460e-02	1.7959813402e-02
455	1.7942933075e-02	1.7942930536e-02
456	1.7926056668e-02	1.7926053716e-02
457	1.7909186095e-02	1.7909182806e-02
458	1.7892321214e-02	1.7892317671e-02
459	1.7875461890e-02	1.7875458169e-02
460	1.7858607983e-02	1.7858604160e-02
461	1.7841759351e-02	1.7841755497e-02
462	1.7824915860e-02	1.7824912047e-02
463	1.7808077422e-02	1.7808073686e-02
464	1.7791243944e-02	1.7791240291e-02
465	1.7774415298e-02	1.7774411740e-02
466	1.7757591350e-02	1.7757587914e-02
467	1.7740771998e-02	1.7740768699e-02
468	1.7723957143e-02	1.7723953980e-02
469	1.7707146678e-02	1.7707143647e-02
470	1.7690340502e-02	1.7690337591e-02
471	1.7673538521e-02	1.7673535706e-02
472	1.7656740633e-02	1.7656737891e-02
473	1.7639946740e-02	1.7639944045e-02
474	1.7623156737e-02	1.7623154070e-02
475	1.7606370521e-02	1.7606367871e-02
476	1.7589587989e-02	1.7589585355e-02
477	1.7572809041e-02	1.7572806428e-02
478	1.7556033577e-02	1.7556031001e-02
479	1.7539261498e-02	1.7539258984e-02
480	1.7522492729e-02	1.7522490290e-02
481	1.7505727205e-02	1.7505724830e-02
482	1.7488964842e-02	1.7488962520e-02
483	1.7472205557e-02	1.7472203275e-02
484	1.7455449270e-02	1.7455447012e-02
485	1.7438695903e-02	1.7438693649e-02
486	1.7421945375e-02	1.7421943109e-02
487	1.7405197608e-02	1.7405195312e-02
488	1.7388452519e-02	1.7388450182e-02
489	1.7371710032e-02	1.7371707641e-02
490	1.7354970072e-02	1.7354967616e-02
491	1.7338232569e-02	1.7338230033e-02
492	1.7321497459e-02	1.7321494822e-02
493	1.7304764678e-02	1.7304761913e-02
494	1.7288034161e-02	1.7288031240e-02
495	1.7271305854e-02	1.7271302738e-02
496	1.7254579698e-02	1.7254576346e-02
497	1.7237855591e-02	1.7237852005e-02
498	1.7221133447e-02	1.7221129656e-02
499	1.7204413209e-02	1.7204409245e-02
500	1.7187694825e-02	1.7187690722e-02
501	1.7170978242e-02	1.7170974032e-02
502	1.7154263408e-02	1.7154259124e-02
503	1.7137550276e-02	1.7137545949e-02
504	1.7120838826e-02	1.7120834461e-02
505	1.7104129031e-02	1.7104124617e-02
506	1.7087420857e-02	1.7087416376e-02
507	1.7070714270e-02	1.7070709705e-02
508	1.7054009241e-02	1.7054004571e-02
509	1.7037305737e-02	1.7037300946e-02
510	1.7020603731e-02	1.7020598805e-02
511	1.7003903174e-02	1.7003898127e-02
512	1.6987203979e-02	1.6987198897e-02
513	1.6970506199e-02	1.6970501101e-02
514	1.6953809860e-02	1.6953804731e-02
515	1.6937114953e-02	1.6937109781e-02
516	1.6920421469e-02	1.6920416249e-02
517	1.6903729398e-02	1.6903724137e-02
518	1.6887038732e-02	1.6887033450e-02
519	1.6870349469e-02	1.6870344198e-02
520	1.6853661608e-02	1.6853656394e-02
521	1.6836975156e-02	1.6836970054e-02
522	1.6820290117e-02	1.6820285200e-02
523	1.6803606502e-02	1.6803601855e-02
524	1.6786924315e-02	1.6786920047e-02
525	1.6770243564e-02	1.6770239805e-02
526	1.6753564353e-02	1.6753561163e-02
527	1.6736886804e-02	1.6736884153e-02
528	1.6720210947e-02	1.6720208810e-02
529	1.6703536819e-02	1.6703535169e-02
530	1.6686864448e-02	1.6686863265e-02
531	1.6670193877e-02	1.6670193136e-02
532	1.6653525140e-02	1.6653524820e-02
533	1.6636858266e-02	1.6636858355e-02
534	1.6620193318e-02	1.6620193784e-02
535	1.6603530365e-02	1.6603531150e-02
536	1.6586869421e-02	1.6586870493e-02
537	1.6570210525e-02	1.6570211855e-02
538	1.6553553711e-02	1.6553555275e-02
539	1.6536899014e-02	1.6536900790e-02
540	1.6520246492e-02	1.6520248441e-02
541	1.6503596198e-02	1.6503598265e-02
542	1.6486948171e-02	1.6486950301e-02
543	1.6470302448e-02	1.6470304582e-02
544	1.6453659065e-02	1.6453661143e-02
545	1.6437018059e-02	1.6437020006e-02
546	1.6420379468e-02	1.6420381151e-02
547	1.6403743329e-02	1.6403744560e-02
548	1.6387109624e-02	1.6387110221e-02
549	1.6370478292e-02	1.6370478126e-02
550	1.6353849352e-02	1.6353848274e-02
551	1.6337222826e-02	1.6337220670e-02
552	1.6320598743e-02	1.6320595333e-02
553	1.6303977141e-02	1.6303972292e-02
554	1.6287358055e-02	1.6287351585e-02
555	1.6270741528e-02	1.6270733264e-02
556	1.6254127621e-02	1.6254117386e-02
557	1.6237516370e-02	1.6237504021e-02
558	1.6220907791e-02	1.6220893247e-02
559	1.6204301816e-02	1.6204285154e-02
560	1.6187698461e-02	1.6187679841e-02
561	1.6171097752e-02	1.6171077419e-02
562	1.6154499713e-02	1.6154478007e-02
563	1.6137904361e-02	1.6137881737e-02
564	1.6121311717e-02	1.6121288746e-02
565	1.6104721806e-02	1.6104699181e-02
566	1.6088134656e-02	1.6088113198e-02
567	1.6071550297e-02	1.6071530960e-02
568	1.6054968763e-02	1.6054952637e-02
569	1.6038390082e-02	1.6038378404e-02
570	1.6021814686e-02	1.6021808444e-02
571	1.6005244124e-02	1.6005242942e-02
572	1.5988678750e-02	1.5988682087e-02
573	1.5972118781e-02	1.5972126072e-02
574	1.5955564425e-02	1.5955575088e-02
575	1.5939015873e-02	1.5939029324e-02
576	1.5922473293e-02	1.5922488969e-02
577	1.5905936833e-02	1.5905954206e-02
578	1.5889406628e-02	1.5889425218e-02
579	1.5872882813e-02	1.5872902181e-02
580	1.5856365504e-02	1.5856385271e-02
581	1.5839854816e-02	1.5839874652e-02
582	1.5823350896e-02	1.5823370487e-02
583	1.5806853847e-02	1.5806872928e-02
584	1.5790363753e-02	1.5790382119e-02
585	1.5773880697e-02	1.5773898189e-02
586	1.5757404736e-02	1.5757421255e-02
587	1.5740935921e-02	1.5740951422e-02
588	1.5724474293e-02	1.5724488779e-02
589	1.5708019883e-02	1.5708033401e-02
590	1.5691572714e-02	1.5691585347e-02
591	1.5675132804e-02	1.5675144655e-02
592	1.5658700167e-02	1.5658711346e-02
593	1.5642274805e-02	1.5642285421e-02
594	1.5625856715e-02	1.5625866860e-02
595	1.5609445872e-02	1.5609455622e-02
596	1.5593042258e-02	1.5593051652e-02
597	1.5576645851e-02	1.5576654924e-02
598	1.5560256624e-02	1.5560265408e-02
599	1.5543874543e-02	1.5543883072e-02
600	1.5527499576e-02	1.5527507877e-02
601	1.5511131698e-02	1.5511139782e-02
602	1.5494770866e-02	1.5494778740e-02
603	1.5478417019e-02	1.5478424702e-02
604	1.5462070096e-02	1.5462077613e-02
605	1.5445730031e-02	1.5445737417e-02
606	1.5429396752e-02	1.5429404051e-02
607	1.5413070180e-02	1.5413077447e-02
608	1.5396750230e-02	1.5396757533e-02
609	1.5380436836e-02	1.5380444232e-02
610	1.5364129921e-02	1.5364137461e-02
611	1.5347829395e-02	1.5347837134e-02
612	1.5331535155e-02	1.5331543158e-02
613	1.5315247072e-02	1.5315255430e-02
614	1.5298965042e-02	1.5298973842e-02
615	1.5282688953e-02	1.5282698281e-02
616	1.5266418710e-02	1.5266428619e-02
617	1.5250154191e-02	1.5250164720e-02
618	1.5233895267e-02	1.5233906442e-02
619	1.5217641792e-02	1.5217653640e-02
620	1.5201393655e-02	1.5201406162e-02
621	1.5185150828e-02	1.5185163852e-02
622	1.5168913174e-02	1.5168926548e-02
623	1.5152680536e-02	1.5152694081e-02
624	1.5136452742e-02	1.5136466278e-02
625	1.5120229612e-02	1.5120242958e-02
626	1.5104010939e-02	1.5104023933e-02
627	1.5087796520e-02	1.5087809011e-02
628	1.5071586110e-02	1.5071597992e-02
629	1.5055379390e-02	1.5055390666e-02
630	1.5039176101e-02	1.5039186819e-02
631	1.5022975986e-02	1.5022986228e-02
632	1.5006778792e-02	1.5006788660e-02
633	1.4990584245e-02	1.4990593875e-02
634	1.4974392068e-02	1.4974401621e-02
635	1.4958201977e-02	1.4958211634e-02
636	1.4942013656e-02	1.4942023643e-02
637	1.4925826800e-02	1.4925837367e-02
638	1.4909641227e-02	1.4909652519e-02
639	1.4893456616e-02	1.4893468800e-02
640	1.4877272639e-02	1.4877285904e-02
641	1.4861089229e-02	1.4861103516e-02
642	1.4844906194e-02	1.4844921313e-02
643	1.4828723202e-02	1.4828738961e-02
644	1.4812539912e-02	1.4812556118e-02
645	1.4796355960e-02	1.4796372432e-02
646	1.4780170959e-02	1.4780187544e-02
647	1.4763984524e-02	1.4764001087e-02
648	1.4747796258e-02	1.4747812680e-02
649	1.4731605756e-02	1.4731621889e-02
650	1.4715412597e-02	1.4715428271e-02
651	1.4699216353e-02	1.4699231381e-02
652	1.4683016585e-02	1.4683030771e-02
653	1.4666812841e-02	1.4666825995e-02
654	1.4650604662e-02	1.4650616603e-02
655	1.4634391580e-02	1.4634402144e-02
656	1.4618173113e-02	1.4618182163e-02
657	1.4601948767e-02	1.4601956164e-02
658	1.4585718042e-02	1.4585723634e-02
659	1.4569480526e-02	1.4569484009e-02
660	1.4553235842e-02	1.4553236689e-02
661	1.4536983475e-02	1.4536981098e-02
662	1.4520722898e-02	1.4520716683e-02
663	1.4504453572e-02	1.4504442917e-02
664	1.4488174945e-02	1.4488159308e-02
665	1.4471886454e-02	1.4471865388e-02
666	1.4455587527e-02	1.4455560687e-02
667	1.4439277574e-02	1.4439244775e-02
668	1.4422956012e-02	1.4422917265e-02
669	1.4406622243e-02	1.4406577810e-02
670	1.4390275653e-02	1.4390226104e-02
671	1.4373915621e-02	1.4373861878e-02
672	1.4357541515e-02	1.4357484904e-02
673	1.4341152973e-02	1.4341094989e-02
674	1.4324751010e-02	1.4324691976e-02
675	1.4308335433e-02	1.4308275744e-02
676	1.4291905786e-02	1.4291846203e-02
677	1.4275461591e-02	1.4275403289e-02
678	1.4259002354e-02	1.4258946965e-02
679	1.4242527554e-02	1.4242477211e-02
680	1.4226036651e-02	1.4225994028e-02
681	1.4209529184e-02	1.4209497428e-02
682	1.4193006164e-02	1.4192987437e-02
683	1.4176467917e-02	1.4176464083e-02
684	1.4159916307e-02	1.4159927402e-02
685	1.4143352991e-02	1.4143377427e-02
686	1.4126777956e-02	1.4126814188e-02
687	1.4110191081e-02	1.4110237712e-02
688	1.4093592183e-02	1.4093648014e-02
689	1.4076981024e-02	1.4077045088e-02
690	1.4060357493e-02	1.4060428909e-02
691	1.4043722547e-02	1.4043799419e-02
692	1.4027076107e-02	1.4027156532e-02
693	1.4010417885e-02	1.4010500121e-02
694	1.3993747537e-02	1.3993830022e-02
695	1.3977064658e-02	1.3977146021e-02
696	1.3960368792e-02	1.3960447858e-02
697	1.3943659448e-02	1.3943735215e-02
698	1.3926936080e-02	1.3927007717e-02
699	1.3910198089e-02	1.3910264934e-02
700	1.3893444734e-02	1.3893506424e-02
701	1.3876675307e-02	1.3876731699e-02
702	1.3859889109e-02	1.3859940217e-02
703	1.3843085414e-02	1.3843131379e-02
704	1.3826263478e-02	1.3826304526e-02
705	1.3809422494e-02	1.3809458933e-02
706	1.3792561673e-02	1.3792593811e-02
707	1.3775680209e-02	1.3775708304e-02
708	1.3758777193e-02	1.3758801505e-02
709	1.3741851753e-02	1.3741872467e-02
710	1.3724903045e-02	1.3724920264e-02
711	1.3707930230e-02	1.3707944001e-02
712	1.3690932307e-02	1.3690942772e-02
713	1.3673908267e-02	1.3673915659e-02
714	1.3656857213e-02	1.3656861736e-02
715	1.3639778245e-02	1.3639780064e-02
716	1.3622670465e-02	1.3622669703e-02
717	1.3605532975e-02	1.3605529749e-02
718	1.3588364877e-02	1.3588359305e-02
719	1.3571165271e-02	1.3571157484e-02
720	1.3553933260e-02	1.3553923406e-02
721	1.3536667946e-02	1.3536656198e-02
722	1.3519368433e-02	1.3519354998e-02
723	1.3502033825e-02	1.3502018954e-02
724	1.3484663228e-02	1.3484647225e-02
725	1.3467255758e-02	1.3467238983e-02
726	1.3449810524e-02	1.3449793408e-02
727	1.3432326631e-02	1.3432309690e-02
728	1.3414803186e-02	1.3414787025e-02
729	1.3397239298e-02	1.3397224618e-02
730	1.3379634074e-02	1.3379621682e-02
731	1.3361986621e-02	1.3361977437e-02
732	1.3344296111e-02	1.3344291103e-02
733	1.3326562715e-02	1.3326561908e-02
734	1.3308786054e-02	1.3308789076e-02
735	1.3290965377e-02	1.3290971832e-02
736	1.3273099927e-02	1.3273109401e-02
737	1.3255188930e-02	1.3255201009e-02
738	1.3237231599e-02	1.3237245876e-02
739	1.3219227134e-02	1.3219243215e-02
740	1.3201174727e-02	1.3201192235e-02
741	1.3183073563e-02	1.3183092132e-02
742	1.3164922816e-02	1.3164942067e-02
743	1.3146721656e-02	1.3146741189e-02
744	1.3128469258e-02	1.3128488649e-02
745	1.3110164816e-02	1.3110183594e-02
746	1.3091807492e-02	1.3091825172e-02
747	1.3073396445e-02	1.3073412527e-02
748	1.3054930819e-02	1.3054944801e-02
749	1.3036409668e-02	1.3036421132e-02
750	1.3017832005e-02	1.3017840655e-02
751	1.2999196827e-02	1.2999202502e-02
752	1.2980503151e-02	1.2980505796e-02
753	1.2961750030e-02	1.2961749658e-02
754	1.2942936514e-02	1.2942933200e-02
755	1.2924061507e-02	1.2924055529e-02
756	1.2905124036e-02	1.2905115744e-02
757	1.2886123149e-02	1.2886112940e-02
758	1.2867057893e-02	1.2867046206e-02
759	1.2847927315e-02	1.2847914658e-02
760	1.2828730459e-02	1.2828717418e-02
761	1.2809466367e-02	1.2809453612e-02
762	1.2790134077e-02	1.2790122366e-02
763	1.2770732626e-02	1.2770722803e-02
764	1.2751261046e-02	1.2751254047e-02
765	1.2731718366e-02	1.2731715219e-02
766	1.2712103793e-02	1.2712105440e-02
767	1.2692417599e-02	1.2692423825e-02
768	1.2672659175e-02	1.2672669486e-02
769	1.2652827671e-02	1.2652841530e-02
770	1.2632922151e-02	1.2632939063e-02
771	1.2612941726e-02	1.2612961188e-02
772	1.2592885500e-02	1.2592907007e-02
773	1.2572752564e-02	1.2572775618e-02
774	1.2552541992e-02	1.2552566117e-02
775	1.2532252845e-02	1.2532277592e-02
776	1.2511884172e-02	1.2511909126e-02
777	1.2491435033e-02	1.2491459788e-02
778	1.2470904480e-02	1.2470928635e-02
779	1.2450291526e-02	1.2450314695e-02
780	1.2429595163e-02	1.2429616981e-02
781	1.2408814374e-02	1.2408834494e-02
782	1.2387947951e-02	1.2387966222e-02
783	1.2366994699e-02	1.2367011146e-02
784	1.2345953533e-02	1.2345968232e-02
785	1.2324823359e-02	1.2324836438e-02
786	1.2303603073e-02	1.2303614695e-02
787	1.2282291569e-02	1.2282301908e-02
788	1.2260887751e-02	1.2260896973e-02
789	1.2239390524e-02	1.2239398772e-02
790	1.2217798748e-02	1.2217806177e-02
791	1.2196111296e-02	1.2196118045e-02
792	1.2174327124e-02	1.2174333226e-02
793	1.2152445138e-02	1.2152450595e-02
794	1.2130464256e-02	1.2130469034e-02
795	1.2108383308e-02	1.2108387422e-02
796	1.2086201117e-02	1.2086204636e-02
797	1.2063916511e-02	1.2063919547e-02
798	1.2041528279e-02	1.2041531027e-02
799	1.2019035196e-02	1.2019037943e-02
800	1.1996436024e-02	1.1996439158e-02
801	1.1973729510e-02	1.1973733531e-02
802	1.1950914387e-02	1.1950919916e-02
803	1.1927989494e-02	1.1927997144e-02
804	1.1904954332e-02	1.1904964027e-02
805	1.1881807823e-02	1.1881819379e-02
806	1.1858548746e-02	1.1858562010e-02
807	1.1835175854e-02	1.1835190727e-02
808	1.1811687881e-02	1.1811704319e-02
809	1.1788083541e-02	1.1788101567e-02
810	1.1764361523e-02	1.1764381252e-02
811	1.1740520917e-02	1.1740542150e-02
812	1.1716560972e-02	1.1716583032e-02
813	1.1692480383e-02	1.1692502656e-02
814	1.1668277845e-02	1.1668299760e-02
815	1.1643952034e-02	1.1643972980e-02
816	1.1619501602e-02	1.1619520928e-02
817	1.1594925183e-02	1.1594942222e-02
818	1.1570221391e-02	1.1570235485e-02
819	1.1545388823e-02	1.1545399355e-02
820	1.1520426056e-02	1.1520432483e-02
821	1.1495331652e-02	1.1495333537e-02
822	1.1470104157e-02	1.1470101195e-02
823	1.1444742102e-02	1.1444734149e-02
824	1.1419244005e-02	1.1419231093e-02
825	1.1393608367e-02	1.1393590706e-02
826	1.1367833686e-02	1.1367811645e-02
827	1.1341918466e-02	1.1341892509e-02
828	1.1315861858e-02	1.1315831906e-02
829	1.1289662955e-02	1.1289628377e-02
830	1.1263320290e-02	1.1263280521e-02
831	1.1236832324e-02	1.1236786984e-02
832	1.1210197723e-02	1.1210146444e-02
833	1.1183415270e-02	1.1183357609e-02
834	1.1156483485e-02	1.1156419251e-02
835	1.1129400761e-02	1.1129330200e-02
836	1.1102165470e-02	1.1102089283e-02
837	1.1074776056e-02	1.1074695255e-02
838	1.1047231015e-02	1.1047146850e-02
839	1.1019529446e-02	1.1019442908e-02
840	1.0991673262e-02	1.0991582379e-02
841	1.0963662364e-02	1.0963564165e-02
842	1.0935495707e-02	1.0935387113e-02
843	1.0907172307e-02	1.0907050248e-02
844	1.0878691044e-02	1.0878552737e-02
845	1.0850050657e-02	1.0849893906e-02
846	1.0821249882e-02	1.0821073194e-02
847	1.0792287497e-02	1.0792090221e-02
848	1.0763162264e-02	1.0762944769e-02
849	1.0733873270e-02	1.0733636777e-02
850	1.0704420205e-02	1.0704166204e-02
851	1.0674803424e-02	1.0674533239e-02
852	1.0645024581e-02	1.0644738325e-02
853	1.0615083624e-02	1.0614782133e-02
854	1.0584983522e-02	1.0584665570e-02
855	1.0554724196e-02	1.0554389785e-02
856	1.0524305524e-02	1.0523956176e-02
857	1.0493728054e-02	1.0493366403e-02
858	1.0462992379e-02	1.0462622369e-02
859	1.0432098338e-02	1.0431726210e-02
860	1.0401045827e-02	1.0400680240e-02
861	1.0369837017e-02	1.0369486947e-02
862	1.0338477874e-02	1.0338148898e-02
863	1.0306973805e-02	1.0306668788e-02
864	1.0275326164e-02	1.0275049509e-02
865	1.0243536224e-02	1.0243294142e-02
866	1.0211611456e-02	1.0211406013e-02
867	1.0179560889e-02	1.0179388642e-02
868	1.0147386512e-02	1.0147245689e-02
869	1.0115091755e-02	1.0114980960e-02
870	1.0082679812e-02	1.0082598369e-02
871	1.0050155769e-02	1.0050101901e-02
872	1.0017522861e-02	1.0017495539e-02
873	9.9847851544e-03	9.9847833194e-03
874	9.9519473103e-03	9.9519693479e-03
875	9.9190194113e-03	9.9190578068e-03
876	9.8860051877e-03	9.8860529715e-03
877	9.8529073890e-03	9.8529591853e-03
878	9.8197297910e-03	9.8197808738e-03
879	9.7864762904e-03	9.7865224947e-03
880	9.7531509276e-03	9.7531885894e-03
881	9.7197566291e-03	9.7197836425e-03
882	9.6862956458e-03	9.6863120291e-03
883	9.6527704444e-03	9.6527780554e-03
884	9.6191837215e-03	9.6191859653e-03
885	9.5855394706e-03	9.5855399073e-03
886	9.5518413933e-03	9.5518439119e-03
887	9.5180963937e-03	9.5181019189e-03
888	9.4843098954e-03	9.4843179103e-03
889	9.4504846503e-03	9.4504958713e-03
890	9.4166237027e-03	9.4166396378e-03
891	9.3827308627e-03	9.3827528729e-03
892	9.3488096927e-03	9.3488392734e-03
893	9.3148641300e-03	9.3149026469e-03
894	9.2808976582e-03	9.2809467168e-03
895	9.2469142595e-03	9.2469751504e-03
896	9.2129186877e-03	9.2129915375e-03
897	9.1789177900e-03	9.1789994457e-03
898	9.1449164291e-03	9.1450023859e-03
899	9.1109181840e-03	9.1110038380e-03
900	9.0769258553e-03	9.0770072758e-03
901	9.0429413504e-03	9.0430163063e-03
902	9.0089671945e-03	9.0090345170e-03
903	8.9750061205e-03	8.9750654691e-03
904	8.9410601052e-03	8.9411127014e-03
905	8.9071318067e-03	8.9071797329e-03
906	8.8732251295e-03	8.8732700786e-03
907	8.8393452206e-03	8.8393872023e-03
908	8.8054960163e-03	8.8055344893e-03
909	8.7716806291e-03	8.7717152454e-03
910	8.7379016553e-03	8.7379326983e-03
911	8.7041614854e-03	8.7041900226e-03
912	8.6704630705e-03	8.6704903141e-03
913	8.6368084249e-03	8.6368366812e-03
914	8.6032004204e-03	8.6032322369e-03
915	8.5696428827e-03	8.5696800138e-03
916	8.5361399013e-03	8.5361829721e-03
917	8.5026948488e-03	8.5027440168e-03
918	8.4693107971e-03	8.4693659873e-03
919	8.4359906220e-03	8.4360516778e-03
920	8.4027373496e-03	8.4028038219e-03
921	8.3695543250e-03	8.3696250975e-03
922	8.3364449618e-03	8.3365181719e-03
923	8.3034119572e-03	8.3034857930e-03
924	8.2704577768e-03	8.2705307454e-03
925	8.2375845378e-03	8.2376558012e-03
926	8.2047956379e-03	8.2048636923e-03
927	8.1720939282e-03	8.1721570922e-03
928	8.1394812820e-03	8.1395386276e-03
929	8.1069601896e-03	8.1070108768e-03
930	8.0745331031e-03	8.0745763419e-03
931	8.0422019895e-03	8.0422374592e-03
932	8.0099691039e-03	8.0099966403e-03
933	7.9778366143e-03	7.9778563256e-03
934	7.9458065106e-03	7.9458189573e-03
935	7.9138805736e-03	7.9138869600e-03
936	7.8820607822e-03	7.8820627316e-03
937	7.8503496211e-03	7.8503486406e-03
938	7.8187500170e-03	7.8187470381e-03
939	7.7872641563e-03	7.7872602197e-03
940	7.7558945197e-03	7.7558904269e-03
941	7.7246434380e-03	7.7246398927e-03
942	7.6935133997e-03	7.6935108804e-03
943	7.6625070346e-03	7.6625056753e-03
944	7.6316267262e-03	7.6316265755e-03
945	7.6008749656e-03	7.6008758862e-03
946	7.5702546868e-03	7.5702559271e-03
947	7.5397683250e-03	7.5397690291e-03
948	7.5094177319e-03	7.5094174194e-03
949	7.4792047050e-03	7.4792033368e-03
950	7.4491315731e-03	7.4491290699e-03
951	7.4192008920e-03	7.4191969412e-03
952	7.3894148088e-03	7.3894093450e-03
953	7.3597755002e-03	7.3597687253e-03
954	7.3302853182e-03	7.3302775410e-03
955	7.3009466901e-03	7.3009382571e-03
956	7.2717622589e-03	7.2717530705e-03
957	7.2427346529e-03	7.2427241716e-03
958	7.2138662511e-03	7.2138538531e-03
959	7.1851594832e-03	7.1851444161e-03
960	7.1566167906e-03	7.1565982386e-03
961	7.1282403923e-03	7.1282177844e-03
962	7.1000323273e-03	7.1000055977e-03
963	7.0719947034e-03	7.0719642945e-03
964	7.0441299380e-03	7.0440965563e-03
965	7.0164412958e-03	7.0164050905e-03
966	6.9889317182e-03	6.9888926238e-03
967	6.9616033802e-03	6.9615618871e-03
968	6.9344581974e-03	6.9344156131e-03
969	6.9074981180e-03	6.9074564901e-03
970	6.8807251277e-03	6.8806871902e-03
971	6.8541410948e-03	6.8541104272e-03
972	6.8277484534e-03	6.8277289577e-03
973	6.8015542298e-03	6.8015455593e-03
974	6.7755614691e-03	6.7755630047e-03
975	6.7497716790e-03	6.7497840525e-03
976	6.7241863468e-03	6.7242114566e-03
977	6.6988068230e-03	6.6988479637e-03
978	6.6736346145e-03	6.6736962944e-03
979	6.6486712828e-03	6.6487591378e-03
980	6.6239191858e-03	6.6240391374e-03
981	6.5993909691e-03	6.5995388402e-03
982	6.5750910206e-03	6.5752607623e-03
983	6.5510202673e-03	6.5512073859e-03
984	6.5271826301e-03	6.5273811303e-03
985	6.5035794125e-03	6.5037843057e-03
986	6.4802109457e-03	6.4804191375e-03
987	6.4570773329e-03	6.4572877465e-03
988	6.4341789882e-03	6.4343921190e-03
989	6.4115166467e-03	6.4117340829e-03
990	6.3890913524e-03	6.3893152835e-03
991	6.3669044270e-03	6.3671371616e-03
992	6.3449573533e-03	6.3452009948e-03
993	6.3232516892e-03	6.3235078715e-03
994	6.3017907562e-03	6.3020586655e-03
995	6.2805767723e-03	6.2808539839e-03
996	6.2596099028e-03	6.2598941265e-03
997	6.2388903458e-03	6.2391791813e-03
998	6.2184182325e-03	6.2187090321e-03
999	6.1981935425e-03	6.1984834986e-03
1000	6.1782159668e-03	6.1785022259e-03
1001	6.1584848986e-03	6.1587646427e-03
1002	6.1389995597e-03	6.1392699519e-03
1003	6.1197588941e-03	6.1200171244e-03
1004	6.1007614706e-03	6.1010048782e-03
1005	6.0820059434e-03	6.0822317173e-03
1006	6.0634923849e-03	6.0636959883e-03
1007	6.0452184669e-03	6.0453962185e-03
1008	6.0271812703e-03	6.0273309154e-03
1009	6.0093779322e-03	6.0094984761e-03
1010	5.9918066504e-03	5.9918972870e-03
1011	5.9744642578e-03	5.9745256600e-03
1012	5.9573473361e-03	5.9573818093e-03
1013	5.9404526360e-03	5.9404638456e-03
1014	5.9237771437e-03	5.9237697867e-03
1015	5.9073185385e-03	5.9072975718e-03
1016	5.8910759830e-03	5.8910450764e-03
1017	5.8750468888e-03	5.8750101303e-03
1018	5.8592285018e-03	5.8591905315e-03
1019	5.8436183249e-03	5.8435840605e-03
1020	5.8282155138e-03	5.8281885493e-03
1021	5.8130208382e-03	5.8130018683e-03
1022	5.7980317861e-03	5.7980218772e-03
1023	5.7832459316e-03	5.7832464326e-03
1024	5.7686611068e-03	5.7686733920e-03
1025	5.7542754560e-03	5.7543006158e-03
1026	5.7400871210e-03	5.7401259654e-03
1027	5.7260945275e-03	5.7261473026e-03
1028	5.7122962331e-03	5.7123624821e-03
1029	5.6986918372e-03	5.6987693183e-03
1030	5.6852799113e-03	5.6853656110e-03
1031	5.6720580340e-03	5.6721491549e-03
1032	5.6590237757e-03	5.6591177865e-03
1033	5.6461747068e-03	5.6462693169e-03
1034	5.6335083829e-03	5.6336015102e-03
1035	5.6210223293e-03	5.6211120791e-03
1036	5.6087140258e-03	5.6087987388e-03
1037	5.5965808857e-03	5.5966591275e-03
1038	5.5846202644e-03	5.5846907863e-03
1039	5.5728294649e-03	5.5728911658e-03
1040	5.5612057380e-03	5.5612576365e-03
1041	5.5497462619e-03	5.5497875150e-03
1042	5.5384481520e-03	5.5384781186e-03
1043	5.5273084708e-03	5.5273267231e-03
1044	5.5163242424e-03	5.5163305612e-03
1045	5.5054924660e-03	5.5054868318e-03
1046	5.4948101293e-03	5.4947927548e-03
1047	5.4842742351e-03	5.4842456332e-03
1048	5.4738817849e-03	5.4738427660e-03
1049	5.4636298123e-03	5.4635814497e-03
1050	5.4535153944e-03	5.4534589851e-03
1051	5.4435356296e-03	5.4434726873e-03
1052	5.4336875207e-03	5.4336198857e-03
1053	5.4239683596e-03	5.4238979393e-03
1054	5.4143765586e-03	5.4143042428e-03
1055	5.4049095549e-03	5.4048362648e-03
1056	5.3955646696e-03	5.3954915240e-03
1057	5.3863393248e-03	5.3862675626e-03
1058	5.3772310459e-03	5.3771619470e-03
1059	5.3682374606e-03	5.3681722691e-03
1060	5.3593563074e-03	5.3592961483e-03
1061	5.3505845190e-03	5.3505312336e-03
1062	5.3419203417e-03	5.3418752060e-03
1063	5.3333624361e-03	5.3333257804e-03
1064	5.3249093928e-03	5.3248807078e-03
1065	5.3165596909e-03	5.3165377778e-03
1066	5.3083116810e-03	5.3082948208e-03
1067	5.3001635770e-03	5.3001497087e-03
1068	5.2921134606e-03	5.2921003559e-03
1069	5.2841592903e-03	5.2841447192e-03
1070	5.2762989190e-03	5.2762807976e-03
1071	5.2685301168e-03	5.2685066313e-03
1072	5.2608505979e-03	5.2608203009e-03
1073	5.2532580510e-03	5.2532199259e-03
1074	5.2457501692e-03	5.2457036628e-03
1075	5.2383246778e-03	5.2382697028e-03
1076	5.2309793653e-03	5.2309162700e-03
1077	5.2237121327e-03	5.2236416183e-03
1078	5.2165208319e-03	5.2164440244e-03
1079	5.2094034198e-03	5.2093217912e-03
1080	5.2023579979e-03	5.2022732708e-03
1081	5.1953828189e-03	5.1952968628e-03
1082	5.1884762821e-03	5.1883910085e-03
1083	5.1816369207e-03	5.1815541825e-03
1084	5.1748633895e-03	5.1747848858e-03
1085	5.1681544506e-03	5.1680816398e-03
1086	5.1615089531e-03	5.1614429836e-03
1087	5.1549258121e-03	5.1548674437e-03
1088	5.1484039876e-03	5.1483535674e-03
1089	5.1419424658e-03	5.1418999372e-03
1090	5.1355402412e-03	5.1355051718e-03
1091	5.1291963011e-03	5.1291679290e-03
1092	5.1229096141e-03	5.1228869074e-03
1093	5.1166791249e-03	5.1166608470e-03
1094	5.1105037501e-03	5.1104885302e-03
1095	5.1043823773e-03	5.1043687819e-03
1096	5.0983138683e-03	5.0983004690e-03
1097	5.0922970637e-03	5.0922824991e-03
1098	5.0863307920e-03	5.0863138198e-03
1099	5.0804138775e-03	5.0803934159e-03
1100	5.0745451504e-03	5.0745203079e-03
1101	5.0687234585e-03	5.0686935490e-03
1102	5.0629476739e-03	5.0629122234e-03
1103	5.0572167025e-03	5.0571754438e-03
1104	5.0515295173e-03	5.0514823450e-03
1105	5.0458855037e-03	5.0458320804e-03
1106	5.0402831738e-03	5.0402238205e-03
1107	5.0347209433e-03	5.0346567520e-03
1108	5.0291974237e-03	5.0291300762e-03
1109	5.0237114538e-03	5.0236430092e-03
1110	5.0182621079e-03	5.0181947806e-03
1111	5.0128486407e-03	5.0127846291e-03
1112	5.0074704697e-03	5.0074118071e-03
1113	5.0021271767e-03	5.0020755837e-03
1114	4.9968184856e-03	4.9967752462e-03
1115	4.9915442294e-03	4.9915101017e-03
1116	4.9863042642e-03	4.9862794785e-03
1117	4.9810984581e-03	4.9810827276e-03
1118	4.9759266641e-03	4.9759192228e-03
1119	4.9707886888e-03	4.9707883619e-03
1120	4.9656842722e-03	4.9656895659e-03
1121	4.9606130741e-03	4.9606222792e-03
1122	4.9555746668e-03	4.9555859683e-03
1123	4.9505685336e-03	4.9505801210e-03
1124	4.9455940747e-03	4.9456042452e-03
1125	4.9406506172e-03	4.9406578667e-03
1126	4.9357374294e-03	4.9357405276e-03
1127	4.9308537379e-03	4.9308517850e-03
1128	4.9259987502e-03	4.9259912089e-03
1129	4.9211716820e-03	4.9211583815e-03
1130	4.9163717520e-03	4.9163528960e-03
1131	4.9115982064e-03	4.9115743676e-03
1132	4.9068503376e-03	4.9068224057e-03
1133	4.9021274927e-03	4.9020966043e-03
1134	4.8974290843e-03	4.8973965428e-03
1135	4.8927546210e-03	4.8927217877e-03
1136	4.8881038761e-03	4.8880718971e-03
1137	4.8834765779e-03	4.8834464233e-03
1138	4.8788724663e-03	4.8788449171e-03
1139	4.8742913049e-03	4.8742669325e-03
1140	4.8697328893e-03	4.8697120315e-03
1141	4.8651970235e-03	4.8651797869e-03
1142	4.8606835090e-03	4.8606697851e-03
1143	4.8561921397e-03	4.8561816317e-03
1144	4.8517226956e-03	4.8517149522e-03
1145	4.8472749397e-03	4.8472693964e-03
1146	4.8428486149e-03	4.8428446390e-03
1147	4.8384434382e-03	4.8384403789e-03
1148	4.8340591074e-03	4.8340563368e-03
1149	4.8296953009e-03	4.8296922529e-03
1150	4.8253516887e-03	4.8253478836e-03
1151	4.8210279355e-03	4.8210229983e-03
1152	4.8167237027e-03	4.8167173757e-03
1153	4.8124386516e-03	4.8124307996e-03
1154	4.8081724433e-03	4.8081630559e-03
1155	4.8039247529e-03	4.8039139311e-03
1156	4.7996952703e-03	4.7996832107e-03
1157	4.7954837026e-03	4.7954706778e-03
1158	4.7912897784e-03	4.7912761123e-03
1159	4.7871132548e-03	4.7870992910e-03
1160	4.7829539032e-03	4.7829399859e-03
1161	4.7788115120e-03	4.7787979671e-03
1162	4.7746858857e-03	4.7746730105e-03
1163	4.7705768424e-03	4.7705648975e-03
1164	4.7664842113e-03	4.7664734160e-03
1165	4.7624078321e-03	4.7623983618e-03
1166	4.7583476585e-03	4.7583395395e-03
1167	4.7543036537e-03	4.7542967638e-03
1168	4.7502757133e-03	4.7502698595e-03
1169	4.7462637755e-03	4.7462586610e-03
1170	4.7422676886e-03	4.7422630134e-03
1171	4.7382872493e-03	4.7382827755e-03
1172	4.7343222580e-03	4.7343178131e-03
1173	4.7303725148e-03	4.7303679982e-03
1174	4.7264378210e-03	4.7264332077e-03
1175	4.7225179856e-03	4.7225133212e-03
1176	4.7186128292e-03	4.7186082192e-03
1177	4.7147221861e-03	4.7147177826e-03
1178	4.7108459384e-03	4.7108418911e-03
1179	4.7069839981e-03	4.7069804232e-03
1180	4.7031362593e-03	4.7031332543e-03
1181	4.6993026238e-03	4.6993002559e-03
1182	4.6954829924e-03	4.6954812972e-03
1183	4.6916772642e-03	4.6916762472e-03
1184	4.6878853359e-03	4.6878849750e-03
1185	4.6841071673e-03	4.6841073509e-03
1186	4.6803427019e-03	4.6803432473e-03
1187	4.6765918657e-03	4.6765925392e-03
1188	4.6728545635e-03	4.6728551051e-03
1189	4.6691306874e-03	4.6691308268e-03
1190	4.6654201153e-03	4.6654195900e-03
1191	4.6617227134e-03	4.6617212842e-03
1192	4.6580383394e-03	4.6580358055e-03
1193	4.6543668461e-03	4.6543630574e-03
1194	4.6507080950e-03	4.6507029483e-03
1195	4.6470619118e-03	4.6470553935e-03
1196	4.6434279656e-03	4.6434203117e-03
1197	4.6398061156e-03	4.6397976230e-03
1198	4.6361962170e-03	4.6361872478e-03
1199	4.6325981354e-03	4.6325891059e-03
1200	4.6290117734e-03	4.6290031162e-03
1201	4.6254370657e-03	4.6254291962e-03
1202	4.6218739747e-03	4.6218672628e-03
1203	4.6183224795e-03	4.6183172318e-03
1204	4.6147825635e-03	4.6147790188e-03
1205	4.6112542538e-03	4.6112525398e-03
1206	4.6077376478e-03	4.6077377108e-03
1207	4.6042327762e-03	4.6042344480e-03
1208	4.6007396284e-03	4.6007426680e-03
1209	4.5972581853e-03	4.5972622884e-03
1210	4.5937884092e-03	4.5937932272e-03
1211	4.5903302419e-03	4.5903354052e-03
1212	4.5868836007e-03	4.5868887477e-03
1213	4.5834483873e-03	4.5834531877e-03
1214	4.5800244843e-03	4.5800286624e-03
1215	4.5766117664e-03	4.5766151124e-03
1216	4.5732101042e-03	4.5732124802e-03
1217	4.5698193690e-03	4.5698207081e-03
1218	4.5664394357e-03	4.5664397372e-03
1219	4.5630701838e-03	4.5630695068e-03
1220	4.5597114937e-03	4.5597099546e-03
1221	4.5563632446e-03	4.5563610154e-03
1222	4.5530253368e-03	4.5530226144e-03
1223	4.5496976848e-03	4.5496946722e-03
1224	4.5463802170e-03	4.5463771046e-03
1225	4.5430728728e-03	4.5430698222e-03
1226	4.5397755927e-03	4.5397727321e-03
1227	4.5364882903e-03	4.5364857393e-03
1228	4.5332108941e-03	4.5332087484e-03
1229	4.5299433547e-03	4.5299416646e-03
1230	4.5266856311e-03	4.5266843946e-03
1231	4.5234376883e-03	4.5234368494e-03
1232	4.5201994954e-03	4.5201989467e-03
1233	4.5169710232e-03	4.5169706103e-03
1234	4.5137522425e-03	4.5137517693e-03
1235	4.5105431220e-03	4.5105423573e-03
1236	4.5073436519e-03	4.5073423132e-03
1237	4.5041537337e-03	4.5041515807e-03
1238	4.5009731653e-03	4.5009701078e-03
1239	4.4978017914e-03	4.4977978457e-03
1240	4.4946394709e-03	4.4946347461e-03
1241	4.4914860933e-03	4.4914807614e-03
1242	4.4883415794e-03	4.4883358456e-03
1243	4.4852058785e-03	4.4851999536e-03
1244	4.4820789522e-03	4.4820730412e-03
1245	4.4789607520e-03	4.4789550654e-03
1246	4.4758512447e-03	4.4758459838e-03
1247	4.4727504243e-03	4.4727457541e-03
1248	4.4696582956e-03	4.4696543349e-03
1249	4.4665748730e-03	4.4665716867e-03
1250	4.4635001847e-03	4.4634977719e-03
1251	4.4604342503e-03	4.4604325561e-03
1252	4.4573770823e-03	4.4573760084e-03
1253	4.4543286829e-03	4.4543280996e-03
1254	4.4512890431e-03	4.4512888035e-03
1255	4.4482581406e-03	4.4482580977e-03
1256	4.4452359409e-03	4.4452359628e-03
1257	4.4422223986e-03	4.4422223819e-03
1258	4.4392174589e-03	4.4392173398e-03
1259	4.4362210781e-03	4.4362208228e-03
1260	4.4332332265e-03	4.4332328186e-03
1261	4.4302538571e-03	4.4302533163e-03
1262	4.4272829147e-03	4.4272823074e-03
1263	4.4243203421e-03	4.4243197828e-03
1264	4.4213660902e-03	4.4213657293e-03
1265	4.4184202007e-03	4.4184201305e-03
1266	4.4154826840e-03	4.4154829655e-03
1267	4.4125535333e-03	4.4125542099e-03
1268	4.4096327435e-03	4.4096338368e-03
1269	4.4067203146e-03	4.4067218176e-03
1270	4.4038162454e-03	4.4038181225e-03
1271	4.4009205302e-03	4.4009227207e-03
1272	4.3980331876e-03	4.3980355795e-03
1273	4.3951542154e-03	4.3951566661e-03
1274	4.3922836079e-03	4.3922859488e-03
1275	4.3894213461e-03	4.3894233968e-03
1276	4.3865673838e-03	4.3865689769e-03
1277	4.3837216643e-03	4.3837226548e-03
1278	4.3808841387e-03	4.3808843964e-03
1279	4.3780547306e-03	4.3780541697e-03
1280	4.3752333299e-03	4.3752319451e-03
1281	4.3724198600e-03	4.3724176962e-03
1282	4.3696142533e-03	4.3696113986e-03
1283	4.3668164678e-03	4.3668130310e-03
1284	4.3640264853e-03	4.3640225748e-03
1285	4.3612442830e-03	4.3612400154e-03
1286	4.3584698440e-03	4.3584653405e-03
1287	4.3557031560e-03	4.3556985408e-03
1288	4.3529442094e-03	4.3529396085e-03
1289	4.3501929961e-03	4.3501885357e-03
1290	4.3474495081e-03	4.3474453146e-03
1291	4.3447137607e-03	4.3447099391e-03
1292	4.3419857754e-03	4.3419824038e-03
1293	4.3392655522e-03	4.3392627030e-03
1294	4.3365530904e-03	4.3365508297e-03
1295	4.3338483781e-03	4.3338467759e-03
1296	4.3311513970e-03	4.3311505333e-03
1297	4.3284621546e-03	4.3284620932e-03
1298	4.3257806384e-03	4.3257814471e-03
1299	4.3231068141e-03	4.3231085868e-03
1300	4.3204406549e-03	4.3204435045e-03
1301	4.3177822827e-03	4.3177861929e-03
1302	4.3151318155e-03	4.3151366446e-03
1303	4.3124893299e-03	4.3124948524e-03
1304	4.3098548669e-03	4.3098608088e-03
1305	4.3072284320e-03	4.3072345059e-03
1306	4.3046100183e-03	4.3046159338e-03
1307	4.3019996244e-03	4.3020050814e-03
1308	4.2993972117e-03	4.2994019363e-03
1309	4.2968027143e-03	4.2968064852e-03
1310	4.2942160321e-03	4.2942187166e-03
1311	4.2916370973e-03	4.2916386197e-03
1312	4.2890658015e-03	4.2890661837e-03
1313	4.2865020447e-03	4.2865013967e-03
1314	4.2839457538e-03	4.2839442443e-03
1315	4.2813968554e-03	4.2813947095e-03
1316	4.2788552885e-03	4.2788527713e-03
1317	4.2763210051e-03	4.2763184055e-03
1318	4.2737939788e-03	4.2737915843e-03
1319	4.2712742211e-03	4.2712722760e-03
1320	4.2687617376e-03	4.2687604453e-03
1321	4.2662565374e-03	4.2662560529e-03
1322	4.2637586323e-03	4.2637590551e-03
1323	4.2612680340e-03	4.2612694049e-03
1324	4.2587847647e-03	4.2587870528e-03
1325	4.2563088433e-03	4.2563119468e-03
1326	4.2538402759e-03	4.2538440327e-03
1327	4.2513790591e-03	4.2513832603e-03
1328	4.2489251843e-03	4.2489295836e-03
1329	4.2464786393e-03	4.2464829595e-03
1330	4.2440393951e-03	4.2440433489e-03
1331	4.2416074131e-03	4.2416107168e-03
1332	4.2391826467e-03	4.2391850318e-03
1333	4.2367650431e-03	4.2367662667e-03
1334	4.2343545394e-03	4.2343543978e-03
1335	4.2319509954e-03	4.2319494028e-03
1336	4.2295542624e-03	4.2295512601e-03
1337	4.2271642129e-03	4.2271599492e-03
1338	4.2247807409e-03	4.2247754488e-03
1339	4.2224037632e-03	4.2223977368e-03
1340	4.2200332198e-03	4.2200267898e-03
1341	4.2176690768e-03	4.2176625816e-03
1342	4.2153113198e-03	4.2153050828e-03
1343	4.2129599512e-03	4.2129542621e-03
1344	4.2106149840e-03	4.2106100870e-03
1345	4.2082764369e-03	4.2082725250e-03
1346	4.2059443377e-03	4.2059415446e-03
1347	4.2036187418e-03	4.2036171153e-03
1348	4.2012997055e-03	4.2012992082e-03
1349	4.1989872653e-03	4.1989877966e-03
1350	4.1966814445e-03	4.1966828570e-03
1351	4.1943822514e-03	4.1943843696e-03
1352	4.1920896791e-03	4.1920923179e-03
1353	4.1898037205e-03	4.1898066883e-03
1354	4.1875244070e-03	4.1875274699e-03
1355	4.1852517207e-03	4.1852546546e-03
1356	4.1829856254e-03	4.1829882364e-03
1357	4.1807260732e-03	4.1807282110e-03
1358	4.1784730073e-03	4.1784745752e-03
1359	4.1762263707e-03	4.1762273268e-03
1360	4.1739861177e-03	4.1739864636e-03
1361	4.1717521927e-03	4.1717519808e-03
1362	4.1695245406e-03	4.1695238697e-03
1363	4.1673031099e-03	4.1673021155e-03
1364	4.1650878403e-03	4.1650866980e-03
1365	4.1628787012e-03	4.1628775938e-03
1366	4.1606757007e-03	4.1606747761e-03
1367	4.1584788773e-03	4.1584782166e-03
1368	4.1562882474e-03	4.1562878862e-03
1369	4.1541038233e-03	4.1541037559e-03
1370	4.1519256131e-03	4.1519257972e-03
1371	4.1497536201e-03	4.1497539831e-03
1372	4.1475878423e-03	4.1475882908e-03
1373	4.1454282712e-03	4.1454287020e-03
1374	4.1432748926e-03	4.1432752016e-03
1375	4.1411276742e-03	4.1411277753e-03
1376	4.1389865645e-03	4.1389864102e-03
1377	4.1368515209e-03	4.1368510936e-03
1378	4.1347225036e-03	4.1347218106e-03
1379	4.1325994728e-03	4.1325985456e-03
1380	4.1304823893e-03	4.1304812843e-03
1381	4.1283712152e-03	4.1283700145e-03
1382	4.1262659156e-03	4.1262647233e-03
1383	4.1241664590e-03	4.1241653982e-03
1384	4.1220728172e-03	4.1220720276e-03
1385	4.1199849655e-03	4.1199845990e-03
1386	4.1179028820e-03	4.1179030992e-03
1387	4.1158265615e-03	4.1158275142e-03
1388	4.1137560850e-03	4.1137578279e-03
1389	4.1116915095e-03	4.1116940212e-03
1390	4.1096328700e-03	4.1096360711e-03
1391	4.1075801887e-03	4.1075839508e-03
1392	4.1055334747e-03	4.1055376306e-03
1393	4.1034927235e-03	4.1034970792e-03
1394	4.1014579182e-03	4.1014622633e-03
1395	4.0994290304e-03	4.0994331478e-03
1396	4.0974060171e-03	4.0974096962e-03
1397	4.0953887327e-03	4.0953918711e-03
1398	4.0933770420e-03	4.0933796347e-03
1399	4.0913708523e-03	4.0913729488e-03
1400	4.0893701186e-03	4.0893717755e-03
1401	4.0873747903e-03	4.0873760770e-03
1402	4.0853848396e-03	4.0853858146e-03
1403	4.0834003053e-03	4.0834009481e-03
1404	4.0814212004e-03	4.0814214369e-03
1405	4.0794475135e-03	4.0794472407e-03
1406	4.0774791709e-03	4.0774783194e-03
1407	4.0755161465e-03	4.0755146336e-03
1408	4.0735583876e-03	4.0735561440e-03
1409	4.0716057736e-03	4.0716028109e-03
1410	4.0696582453e-03	4.0696545943e-03
1411	4.0677157206e-03	4.0677114544e-03
1412	4.0657781032e-03	4.0657733521e-03
1413	4.0638453197e-03	4.0638402492e-03
1414	4.0619173175e-03	4.0619121089e-03
1415	4.0599940684e-03	4.0599888955e-03
1416	4.0580755581e-03	4.0580705748e-03
1417	4.0561617857e-03	4.0561571156e-03
1418	4.0542527600e-03	4.0542484912e-03
1419	4.0523485021e-03	4.0523446798e-03
1420	4.0504490328e-03	4.0504456654e-03
1421	4.0485543732e-03	4.0485514377e-03
1422	4.0466645415e-03	4.0466619925e-03
1423	4.0447795509e-03	4.0447773278e-03
1424	4.0428994075e-03	4.0428974438e-03
1425	4.0410241097e-03	4.0410223430e-03
1426	4.0391536417e-03	4.0391520307e-03
1427	4.0372880007e-03	4.0372865145e-03
1428	4.0354272279e-03	4.0354258034e-03
1429	4.0335713209e-03	4.0335699099e-03
1430	4.0317202656e-03	4.0317188490e-03
1431	4.0298740377e-03	4.0298726369e-03
1432	4.0280326047e-03	4.0280312887e-03
1433	4.0261959430e-03	4.0261948196e-03
1434	4.0243640518e-03	4.0243632441e-03
1435	4.0225369413e-03	4.0225365736e-03
1436	4.0207145994e-03	4.0207148177e-03
1437	4.0188970069e-03	4.0188979828e-03
1438	4.0170841543e-03	4.0170860711e-03
1439	4.0152761238e-03	4.0152790806e-03
1440	4.0134730295e-03	4.0134770063e-03
1441	4.0116749798e-03	4.0116798406e-03
1442	4.0098820500e-03	4.0098875744e-03
1443	4.0080942857e-03	4.0081001969e-03
1444	4.0063117025e-03	4.0063176964e-03
1445	4.0045342883e-03	4.0045400609e-03
1446	4.0027620069e-03	4.0027672779e-03
1447	4.0009948020e-03	4.0009993350e-03
1448	3.9992326029e-03	3.9992362194e-03
1449	3.9974753298e-03	3.9974779183e-03
1450	3.9957228991e-03	3.9957244187e-03
1451	3.9939752287e-03	3.9939757059e-03
1452	3.9922322472e-03	3.9922317613e-03
1453	3.9904938986e-03	3.9904925641e-03
1454	3.9887601344e-03	3.9887580939e-03
1455	3.9870309174e-03	3.9870283299e-03
1456	3.9853062228e-03	3.9853032512e-03
1457	3.9835860370e-03	3.9835828364e-03
1458	3.9818703565e-03	3.9818670641e-03
1459	3.9801591710e-03	3.9801559124e-03
1460	3.9784524610e-03	3.9784493600e-03
1461	3.9767502275e-03	3.9767473862e-03
1462	3.9750524746e-03	3.9750499705e-03
1463	3.9733592168e-03	3.9733570922e-03
1464	3.9716704807e-03	3.9716687304e-03
1465	3.9699862758e-03	3.9699848666e-03
1466	3.9683066020e-03	3.9683054861e-03
1467	3.9666314530e-03	3.9666305773e-03
1468	3.9649608174e-03	3.9649601319e-03
1469	3.9632946843e-03	3.9632941444e-03
1470	3.9616330357e-03	3.9616326117e-03
1471	3.9599758480e-03	3.9599755324e-03
1472	3.9583230975e-03	3.9583229071e-03
1473	3.9566747648e-03	3.9566747369e-03
1474	3.9550308190e-03	3.9550310231e-03
1475	3.9533912290e-03	3.9533917661e-03
1476	3.9517559974e-03	3.9517569647e-03
1477	3.9501252187e-03	3.9501266164e-03
1478	3.9484989341e-03	3.9485007164e-03
1479	3.9468771734e-03	3.9468792580e-03
1480	3.9452599491e-03	3.9452622324e-03
1481	3.9436472611e-03	3.9436496278e-03
1482	3.9420390976e-03	3.9420414303e-03
1483	3.9404354362e-03	3.9404376253e-03
1484	3.9388362467e-03	3.9388381976e-03
1485	3.9372415032e-03	3.9372431314e-03
1486	3.9356511697e-03	3.9356524091e-03
1487	3.9340652043e-03	3.9340660120e-03
1488	3.9324835641e-03	3.9324839220e-03
1489	3.9309062072e-03	3.9309061221e-03
1490	3.9293330941e-03	3.9293325975e-03
1491	3.9277641950e-03	3.9277633353e-03
1492	3.9261995117e-03	3.9261983243e-03
1493	3.9246390389e-03	3.9246375551e-03
1494	3.9230827718e-03	3.9230810194e-03
1495	3.9215307055e-03	3.9215287099e-03
1496	3.9199828322e-03	3.9199806194e-03
1497	3.9184391160e-03	3.9184367407e-03
1498	3.9168995306e-03	3.9168970661e-03
1499	3.9153640557e-03	3.9153615870e-03
1500	3.9138326721e-03	3.9138302938e-03
1501	3.9123053624e-03	3.9123031752e-03
1502	3.9107821143e-03	3.9107802191e-03
1503	3.9092629171e-03	3.9092614153e-03
1504	3.9077477674e-03	3.9077467547e-03
1505	3.9062366749e-03	3.9062362289e-03
1506	3.9047296875e-03	3.9047298302e-03
1507	3.9032268295e-03	3.9032275515e-03
1508	3.9017281149e-03	3.9017293863e-03
1509	3.9002335474e-03	3.9002353288e-03
1510	3.8987431288e-03	3.8987453731e-03
1511	3.8972569101e-03	3.8972595141e-03
1512	3.8957749309e-03	3.8957777466e-03
1513	3.8942971982e-03	3.8943000652e-03
1514	3.8928237036e-03	3.8928264642e-03
1515	3.8913544255e-03	3.8913569373e-03
1516	3.8898893312e-03	3.8898914772e-03
1517	3.8884283803e-03	3.8884300761e-03
1518	3.8869715280e-03	3.8869727260e-03
1519	3.8855187256e-03	3.8855194186e-03
1520	3.8840699259e-03	3.8840701451e-03
1521	3.8826250985e-03	3.8826248955e-03
1522	3.8811842124e-03	3.8811836591e-03
1523	3.8797472379e-03	3.8797464235e-03
1524	3.8783141504e-03	3.8783131746e-03
1525	3.8768849320e-03	3.8768838974e-03
1526	3.8754595690e-03	3.8754585755e-03
1527	3.8740380575e-03	3.8740371915e-03
1528	3.8726203942e-03	3.8726197257e-03
1529	3.8712065816e-03	3.8712061574e-03
1530	3.8697966345e-03	3.8697964648e-03
1531	3.8683905590e-03	3.8683906262e-03
1532	3.8669883574e-03	3.8669886212e-03
1533	3.8655900250e-03	3.8655904303e-03
1534	3.8641955536e-03	3.8641960345e-03
1535	3.8628049307e-03	3.8628054151e-03
1536	3.8614181390e-03	3.8614185549e-03
1537	3.8600351575e-03	3.8600354389e-03
1538	3.8586559613e-03	3.8586560549e-03
1539	3.8572805229e-03	3.8572803927e-03
1540	3.8559088136e-03	3.8559084436e-03
1541	3.8545408036e-03	3.8545401999e-03
1542	3.8531764640e-03	3.8531756547e-03
1543	3.8518157694e-03	3.8518148010e-03
1544	3.8504586948e-03	3.8504576318e-03
1545	3.8491052228e-03	3.8491041392e-03
1546	3.8477553566e-03	3.8477543142e-03
1547	3.8464090942e-03	3.8464081474e-03
1548	3.8450664303e-03	3.8450656282e-03
1549	3.8437273591e-03	3.8437267452e-03
1550	3.8423918723e-03	3.8423914858e-03
1551	3.8410599589e-03	3.8410598371e-03
1552	3.8397316083e-03	3.8397317854e-03
1553	3.8384068425e-03	3.8384073166e-03
1554	3.8370856733e-03	3.8370864168e-03
1555	3.8357680991e-03	3.8357690716e-03
1556	3.8344541123e-03	3.8344552676e-03
1557	3.8331436995e-03	3.8331449914e-03
1558	3.8318368524e-03	3.8318382299e-03
1559	3.8305335766e-03	3.8305349704e-03
1560	3.8292338591e-03	3.8292352004e-03
1561	3.8279376817e-03	3.8279389077e-03
1562	3.8266450240e-03	3.8266460801e-03
1563	3.8253558617e-03	3.8253567053e-03
1564	3.8240701676e-03	3.8240707706e-03
1565	3.8227879135e-03	3.8227882630e-03
1566	3.8215090707e-03	3.8215091691e-03
1567	3.8202336113e-03	3.8202334752e-03
1568	3.8189615092e-03	3.8189611668e-03
1569	3.8176927423e-03	3.8176922288e-03
1570	3.8164272903e-03	3.8164266455e-03
1571	3.8151651354e-03	3.8151644009e-03
1572	3.8139062638e-03	3.8139054790e-03
1573	3.8126506652e-03	3.8126498640e-03
1574	3.8113983302e-03	3.8113975402e-03
1575	3.8101492466e-03	3.8101484917e-03
1576	3.8089034027e-03	3.8089027028e-03
1577	3.8076607872e-03	3.8076601574e-03
1578	3.8064213864e-03	3.8064208393e-03
1579	3.8051851876e-03	3.8051847332e-03
1580	3.8039521779e-03	3.8039518244e-03
1581	3.8027223453e-03	3.8027220988e-03
1582	3.8014956835e-03	3.8014955426e-03
1583	3.8002721849e-03	3.8002721425e-03
1584	3.7990518398e-03	3.7990518855e-03
1585	3.7978346369e-03	3.7978347598e-03
1586	3.7966205634e-03	3.7966207537e-03
1587	3.7954096055e-03	3.7954098560e-03
1588	3.7942017576e-03	3.7942020555e-03
1589	3.7929970126e-03	3.7929973409e-03
1590	3.7917953588e-03	3.7917957006e-03
1591	3.7905967818e-03	3.7905971228e-03
1592	3.7894012663e-03	3.7894015951e-03
1593	3.7882088019e-03	3.7882091047e-03
1594	3.7870193755e-03	3.7870196381e-03
1595	3.7858329723e-03	3.7858331812e-03
1596	3.7846495765e-03	3.7846497180e-03
1597	3.7834691715e-03	3.7834692316e-03
1598	3.7822917409e-03	3.7822917046e-03
1599	3.7811172683e-03	3.7811171201e-03
1600	3.7799457371e-03	3.7799454620e-03
1601	3.7787771318e-03	3.7787767166e-03
1602	3.7776114379e-03	3.7776108719e-03
1603	3.7764486418e-03	3.7764479173e-03
1604	3.7752887324e-03	3.7752878435e-03
1605	3.7741317028e-03	3.7741306419e-03
1606	3.7729775360e-03	3.7729763047e-03
1607	3.7718262162e-03	3.7718248252e-03
1608	3.7706777302e-03	3.7706761975e-03
1609	3.7695320622e-03	3.7695304168e-03
1610	3.7683891950e-03	3.7683874786e-03
1611	3.7672491150e-03	3.7672473787e-03
1612	3.7661118107e-03	3.7661101132e-03
1613	3.7649772723e-03	3.7649756776e-03
1614	3.7638454916e-03	3.7638440677e-03
1615	3.7627164619e-03	3.7627152792e-03
1616	3.7615901774e-03	3.7615893073e-03
1617	3.7604666372e-03	3.7604661473e-03
1618	3.7593458417e-03	3.7593457939e-03
1619	3.7582277891e-03	3.7582282423e-03
1620	3.7571125031e-03	3.7571134869e-03
1621	3.7560000304e-03	3.7560015225e-03
1622	3.7548904258e-03	3.7548923434e-03
1623	3.7537837212e-03	3.7537859438e-03
1624	3.7526799402e-03	3.7526823179e-03
1625	3.7515790853e-03	3.7515814598e-03
1626	3.7504811144e-03	3.7504833632e-03
1627	3.7493859900e-03	3.7493880219e-03
1628	3.7482936801e-03	3.7482954293e-03
1629	3.7472041599e-03	3.7472055785e-03
1630	3.7461174111e-03	3.7461184624e-03
1631	3.7450334093e-03	3.7450340738e-03
1632	3.7439521272e-03	3.7439524050e-03
1633	3.7428735308e-03	3.7428734478e-03
1634	3.7417975919e-03	3.7417971935e-03
1635	3.7407242864e-03	3.7407236324e-03
1636	3.7396535952e-03	3.7396527542e-03
1637	3.7385855038e-03	3.7385845477e-03
1638	3.7375200021e-03	3.7375190010e-03
1639	3.7364570840e-03	3.7364561016e-03
1640	3.7353967468e-03	3.7353958364e-03
1641	3.7343389904e-03	3.7343381917e-03
1642	3.7332838127e-03	3.7332831532e-03
1643	3.7322312086e-03	3.7322307061e-03
1644	3.7311811748e-03	3.7311808355e-03
1645	3.7301337084e-03	3.7301335260e-03
1646	3.7290888056e-03	3.7290887627e-03
1647	3.7280464621e-03	3.7280465321e-03
1648	3.7270066710e-03	3.7270068228e-03
1649	3.7259694221e-03	3.7259696250e-03
1650	3.7249347052e-03	3.7249349304e-03
1651	3.7239025080e-03	3.7239027320e-03
1652	3.7228728152e-03	3.7228730226e-03
1653	3.7218456176e-03	3.7218457945e-03
1654	3.7208209040e-03	3.7208210400e-03
1655	3.7197986624e-03	3.7197987514e-03
1656	3.7187788802e-03	3.7187789210e-03
1657	3.7177615446e-03	3.7177615410e-03
1658	3.7167466427e-03	3.7167466034e-03
1659	3.7157341656e-03	3.7157340999e-03
1660	3.7147241085e-03	3.7147240216e-03
1661	3.7137164639e-03	3.7137163592e-03
1662	3.7127112238e-03	3.7127111031e-03
1663	3.7117083797e-03	3.7117082434e-03
1664	3.7107079227e-03	3.7107077695e-03
1665	3.7097098433e-03	3.7097096707e-03
1666	3.7087141321e-03	3.7087139365e-03
1667	3.7077207792e-03	3.7077205569e-03
1668	3.7067297747e-03	3.7067295220e-03
1669	3.7057411088e-03	3.7057408225e-03
1670	3.7047547719e-03	3.7047544497e-03
1671	3.7037707544e-03	3.7037703954e-03
1672	3.7027890462e-03	3.7027886520e-03
1673	3.7018096366e-03	3.7018092125e-03
1674	3.7008325163e-03	3.7008320704e-03
1675	3.6998576769e-03	3.6998572198e-03
1676	3.6988851102e-03	3.6988846547e-03
1677	3.6979148117e-03	3.6979143695e-03
1678	3.6969467763e-03	3.6969463587e-03
1679	3.6959809986e-03	3.6959806171e-03
1680	3.6950174740e-03	3.6950171395e-03
1681	3.6940561982e-03	3.6940559207e-03
1682	3.6930971665e-03	3.6930969553e-03
1683	3.6921403730e-03	3.6921402376e-03
1684	3.6911858113e-03	3.6911857615e-03
1685	3.6902334743e-03	3.6902335205e-03
1686	3.6892833542e-03	3.6892835079e-03
1687	3.6883354430e-03	3.6883357170e-03
1688	3.6873897450e-03	3.6873901407e-03
1689	3.6864462685e-03	3.6864467719e-03
1690	3.6855050153e-03	3.6855056032e-03
1691	3.6845659848e-03	3.6845666274e-03
1692	3.6836291735e-03	3.6836298371e-03
1693	3.6826945758e-03	3.6826952250e-03
1694	3.6817621840e-03	3.6817627840e-03
1695	3.6808319881e-03	3.6808325070e-03
1696	3.6799039764e-03	3.6799043869e-03
1697	3.6789781360e-03	3.6789784170e-03
1698	3.6780544530e-03	3.6780545905e-03
1699	3.6771329136e-03	3.6771329006e-03
1700	3.6762135043e-03	3.6762133406e-03
1701	3.6752962129e-03	3.6752959037e-03
1702	3.6743810288e-03	3.6743805830e-03
1703	3.6734679391e-03	3.6734673714e-03
1704	3.6725569230e-03	3.6725562618e-03
1705	3.6716479672e-03	3.6716472469e-03
1706	3.6707410614e-03	3.6707403198e-03
1707	3.6698361982e-03	3.6698354731e-03
1708	3.6689333729e-03	3.6689327000e-03
1709	3.6680325835e-03	3.6680319933e-03
1710	3.6671338298e-03	3.6671333462e-03
1711	3.6662371125e-03	3.6662367517e-03
1712	3.6653424331e-03	3.6653422026e-03
1713	3.6644497931e-03	3.6644496918e-03
1714	3.6635591944e-03	3.6635592123e-03
1715	3.6626706375e-03	3.6626707577e-03
1716	3.6617841214e-03	3.6617843217e-03
1717	3.6608996438e-03	3.6608998985e-03
1718	3.6600172006e-03	3.6600174830e-03
1719	3.6591367863e-03	3.6591370700e-03
1720	3.6582583940e-03	3.6582586550e-03
1721	3.6573820155e-03	3.6573822337e-03
1722	3.6565076409e-03	3.6565078020e-03
1723	3.6556352598e-03	3.6556353560e-03
1724	3.6547648618e-03	3.6547648921e-03
1725	3.6538964369e-03	3.6538964064e-03
1726	3.6530299756e-03	3.6530298952e-03
1727	3.6521654737e-03	3.6521653547e-03
1728	3.6513029291e-03	3.6513027813e-03
1729	3.6504423381e-03	3.6504421710e-03
1730	3.6495836967e-03	3.6495835196e-03
1731	3.6487269992e-03	3.6487268224e-03
1732	3.6478722399e-03	3.6478720740e-03
1733	3.6470194129e-03	3.6470192667e-03
1734	3.6461685125e-03	3.6461683909e-03
1735	3.6453195330e-03	3.6453194362e-03
1736	3.6444724683e-03	3.6444723924e-03
1737	3.6436273129e-03	3.6436272501e-03
1738	3.6427840655e-03	3.6427840014e-03
1739	3.6419427262e-03	3.6419426401e-03
1740	3.6411032937e-03	3.6411031624e-03
1741	3.6402657672e-03	3.6402655665e-03
1742	3.6394301438e-03	3.6394298526e-03
1743	3.6385964195e-03	3.6385960225e-03
1744	3.6377645893e-03	3.6377640792e-03
1745	3.6369346472e-03	3.6369340265e-03
1746	3.6361065864e-03	3.6361058685e-03
1747	3.6352803997e-03	3.6352796088e-03
1748	3.6344560787e-03	3.6344552503e-03
1749	3.6336336128e-03	3.6336327948e-03
1750	3.6328129940e-03	3.6328122423e-03
1751	3.6319942145e-03	3.6319935914e-03
1752	3.6311772659e-03	3.6311768387e-03
1753	3.6303621346e-03	3.6303619792e-03
1754	3.6295488094e-03	3.6295490066e-03
1755	3.6287372817e-03	3.6287379131e-03
1756	3.6279275445e-03	3.6279286899e-03
1757	3.6271195953e-03	3.6271213274e-03
1758	3.6263135125e-03	3.6263158154e-03
1759	3.6255093636e-03	3.6255121433e-03
1760	3.6247071976e-03	3.6247103005e-03
1761	3.6239070435e-03	3.6239102767e-03
1762	3.6231089092e-03	3.6231120615e-03
1763	3.6223127832e-03	3.6223156454e-03
1764	3.6215186359e-03	3.6215210191e-03
1765	3.6207264231e-03	3.6207281741e-03
1766	3.6199360908e-03	3.6199371025e-03
1767	3.6191475796e-03	3.6191477969e-03
1768	3.6183608284e-03	3.6183602501e-03
1769	3.6175757789e-03	3.6175744552e-03
1770	3.6167923785e-03	3.6167904052e-03
1771	3.6160105835e-03	3.6160080931e-03
1772	3.6152303608e-03	3.6152275115e-03
1773	3.6144516884e-03	3.6144486527e-03
1774	3.6136745560e-03	3.6136715085e-03
1775	3.6128989639e-03	3.6128960703e-03
1776	3.6121249219e-03	3.6121223287e-03
1777	3.6113524471e-03	3.6113502739e-03
1778	3.6105815622e-03	3.6105798953e-03
1779	3.6098122924e-03	3.6098111817e-03
1780	3.6090446637e-03	3.6090441210e-03
1781	3.6082787004e-03	3.6082787011e-03
1782	3.6075144235e-03	3.6075149093e-03
1783	3.6067518491e-03	3.6067527331e-03
1784	3.6059909876e-03	3.6059921629e-03
1785	3.6052318420e-03	3.6052331919e-03
1786	3.6044744099e-03	3.6044758161e-03
1787	3.6037186833e-03	3.6037200344e-03
1788	3.6029646474e-03	3.6029658473e-03
1789	3.6022122836e-03	3.6022132572e-03
1790	3.6014615719e-03	3.6014622674e-03
1791	3.6007124910e-03	3.6007128815e-03
1792	3.5999650203e-03	3.5999651029e-03
1793	3.5992191407e-03	3.5992189345e-03
1794	3.5984748351e-03	3.5984743777e-03
1795	3.5977320898e-03	3.5977314329e-03
1796	3.5969908940e-03	3.5969900985e-03
1797	3.5962512405e-03	3.5962503717e-03
1798	3.5955131254e-03	3.5955122479e-03
1799	3.5947765468e-03	3.5947757215e-03
1800	3.5940415024e-03	3.5940407852e-03
1801	3.5933079955e-03	3.5933074312e-03
1802	3.5925760327e-03	3.5925756512e-03
1803	3.5918456252e-03	3.5918454368e-03
1804	3.5911167831e-03	3.5911167800e-03
1805	3.5903895146e-03	3.5903896733e-03
1806	3.5896638253e-03	3.5896641103e-03
1807	3.5889397176e-03	3.5889400854e-03
1808	3.5882171900e-03	3.5882175940e-03
1809	3.5874962377e-03	3.5874966334e-03
1810	3.5867768534e-03	3.5867772018e-03
1811	3.5860590279e-03	3.5860592987e-03
1812	3.5853427513e-03	3.5853429244e-03
1813	3.5846280160e-03	3.5846280792e-03
1814	3.5839148108e-03	3.5839147636e-03
1815	3.5832031249e-03	3.5832029774e-03
1816	3.5824929481e-03	3.5824927198e-03
1817	3.5817842715e-03	3.5817839893e-03
1818	3.5810770878e-03	3.5810767834e-03
1819	3.5803713927e-03	3.5803710988e-03
1820	3.5796671840e-03	3.5796669312e-03
1821	3.5789644604e-03	3.5789642760e-03
1822	3.5782632217e-03	3.5782631276e-03
1823	3.5775634673e-03	3.5775634804e-03
1824	3.5768652004e-03	3.5768653283e-03
1825	3.5761684319e-03	3.5761686650e-03
1826	3.5754731682e-03	3.5754734843e-03
1827	3.5747794143e-03	3.5747797804e-03
1828	3.5740871731e-03	3.5740875483e-03
1829	3.5733964452e-03	3.5733967835e-03
1830	3.5727072295e-03	3.5727074823e-03
1831	3.5720195225e-03	3.5720196420e-03
1832	3.5713333190e-03	3.5713332606e-03
1833	3.5706486133e-03	3.5706483373e-03
1834	3.5699653839e-03	3.5699648717e-03
1835	3.5692836040e-03	3.5692828644e-03
1836	3.5686032517e-03	3.5686023162e-03
1837	3.5679243100e-03	3.5679232284e-03
1838	3.5672467679e-03	3.5672456024e-03
1839	3.5665706205e-03	3.5665694397e-03
1840	3.5658958683e-03	3.5658947417e-03
1841	3.5652225166e-03	3.5652215095e-03
1842	3.5645505746e-03	3.5645497438e-03
1843	3.5638800538e-03	3.5638794450e-03
1844	3.5632109671e-03	3.5632106128e-03
1845	3.5625433277e-03	3.5625432463e-03
1846	3.5618771472e-03	3.5618773445e-03
1847	3.5612124355e-03	3.5612129057e-03
1848	3.5605492003e-03	3.5605499278e-03
1849	3.5598874575e-03	3.5598884086e-03
1850	3.5592272192e-03	3.5592283457e-03
1851	3.5585684886e-03	3.5585697367e-03
1852	3.5579112647e-03	3.5579125798e-03
1853	3.5572555444e-03	3.5572568732e-03
1854	3.5566013258e-03	3.5566026154e-03
1855	3.5559486090e-03	3.5559498052e-03
1856	3.5552973875e-03	3.5552984416e-03
1857	3.5546476518e-03	3.5546485241e-03
1858	3.5539993916e-03	3.5540000520e-03
1859	3.5533525940e-03	3.5533530248e-03
1860	3.5527072449e-03	3.5527074416e-03
1861	3.5520633301e-03	3.5520633007e-03
1862	3.5514208359e-03	3.5514205996e-03
1863	3.5507797478e-03	3.5507793350e-03
1864	3.5501400545e-03	3.5501395027e-03
1865	3.5495017467e-03	3.5495010982e-03
1866	3.5488648168e-03	3.5488641161e-03
1867	3.5482292575e-03	3.5482285510e-03
1868	3.5475950663e-03	3.5475943967e-03
1869	3.5469622427e-03	3.5469616462e-03
1870	3.5463307882e-03	3.5463302918e-03
1871	3.5457007058e-03	3.5457003254e-03
1872	3.5450719993e-03	3.5450717392e-03
1873	3.5444446726e-03	3.5444445259e-03
1874	3.5438187294e-03	3.5438186789e-03
1875	3.5431941726e-03	3.5431941929e-03
1876	3.5425710038e-03	3.5425710643e-03
1877	3.5419492232e-03	3.5419492909e-03
1878	3.5413288294e-03	3.5413288716e-03
1879	3.5407098197e-03	3.5407098065e-03
1880	3.5400921895e-03	3.5400920969e-03
1881	3.5394759333e-03	3.5394757449e-03
1882	3.5388610445e-03	3.5388607529e-03
1883	3.5382475159e-03	3.5382471236e-03
1884	3.5376353399e-03	3.5376348594e-03
1885	3.5370245091e-03	3.5370239624e-03
1886	3.5364150158e-03	3.5364144341e-03
1887	3.5358068532e-03	3.5358062752e-03
1888	3.5352000151e-03	3.5351994857e-03
1889	3.5345944963e-03	3.5345940644e-03
1890	3.5339902917e-03	3.5339900095e-03
1891	3.5333873965e-03	3.5333873182e-03
1892	3.5327858079e-03	3.5327859870e-03
1893	3.5321855289e-03	3.5321860120e-03
1894	3.5315865928e-03	3.5315873888e-03
1895	3.5309890330e-03	3.5309901127e-03
1896	3.5303928753e-03	3.5303941791e-03
1897	3.5297981368e-03	3.5297995835e-03
1898	3.5292048296e-03	3.5292063217e-03
1899	3.5286129550e-03	3.5286143899e-03
1900	3.5280225043e-03	3.5280237844e-03
1901	3.5274334609e-03	3.5274345023e-03
1902	3.5268458023e-03	3.5268465407e-03
1903	3.5262595021e-03	3.5262598973e-03
1904	3.5256745323e-03	3.5256745699e-03
1905	3.5250908647e-03	3.5250905563e-03
1906	3.5245084735e-03	3.5245078546e-03
1907	3.5239273373e-03	3.5239264624e-03
1908	3.5233474436e-03	3.5233463775e-03
1909	3.5227687825e-03	3.5227675970e-03
1910	3.5221913486e-03	3.5221901181e-03
1911	3.5216151397e-03	3.5216139373e-03
1912	3.5210401572e-03	3.5210390508e-03
1913	3.5204664077e-03	3.5204654546e-03
1914	3.5198939010e-03	3.5198931441e-03
1915	3.5193226472e-03	3.5193221145e-03
1916	3.5187526570e-03	3.5187523606e-03
1917	3.5181839406e-03	3.5181838770e-03
1918	3.5176165066e-03	3.5176166577e-03
1919	3.5170503620e-03	3.5170506970e-03
1920	3.5164855110e-03	3.5164859900e-03
1921	3.5159219555e-03	3.5159225330e-03
1922	3.5153596948e-03	3.5153603235e-03
1923	3.5147987254e-03	3.5147993603e-03
1924	3.5142390415e-03	3.5142396426e-03
1925	3.5136806356e-03	3.5136811708e-03
1926	3.5131234990e-03	3.5131239453e-03
1927	3.5125676220e-03	3.5125679666e-03
1928	3.5120129952e-03	3.5120132351e-03
1929	3.5114596100e-03	3.5114597505e-03
1930	3.5109074582e-03	3.5109075120e-03
1931	3.5103565346e-03	3.5103565178e-03
1932	3.5098068344e-03	3.5098067656e-03
1933	3.5092583540e-03	3.5092582524e-03
1934	3.5087110919e-03	3.5087109745e-03
1935	3.5081650470e-03	3.5081649282e-03
1936	3.5076202185e-03	3.5076201091e-03
1937	3.5070766056e-03	3.5070765128e-03
1938	3.5065342076e-03	3.5065341347e-03
1939	3.5059930236e-03	3.5059929701e-03
1940	3.5054530522e-03	3.5054530148e-03
1941	3.5049142915e-03	3.5049142643e-03
1942	3.5043767391e-03	3.5043767147e-03
1943	3.5038403919e-03	3.5038403621e-03
1944	3.5033052461e-03	3.5033052028e-03
1945	3.5027712974e-03	3.5027712335e-03
1946	3.5022385377e-03	3.5022384511e-03
1947	3.5017069569e-03	3.5017068528e-03
1948	3.5011765491e-03	3.5011764358e-03
1949	3.5006473106e-03	3.5006471977e-03
1950	3.5001192372e-03	3.5001191359e-03
1951	3.4995923253e-03	3.4995922478e-03
1952	3.4990665722e-03	3.4990665308e-03
1953	3.4985419772e-03	3.4985419820e-03
1954	3.4980185463e-03	3.4980185985e-03
1955	3.4974962830e-03	3.4974963768e-03
1956	3.4969751883e-03	3.4969753136e-03
1957	3.4964552618e-03	3.4964554054e-03
1958	3.4959365018e-03	3.4959366487e-03
1959	3.4954189051e-03	3.4954190398e-03
1960	3.4949024671e-03	3.4949025755e-03
1961	3.4943871824e-03	3.4943872524e-03
1962	3.4938730445e-03	3.4938730676e-03
1963	3.4933600468e-03	3.4933600182e-03
1964	3.4928481825e-03	3.4928481016e-03
1965	3.4923374449e-03	3.4923373153e-03
1966	3.4918278280e-03	3.4918276570e-03
1967	3.4913193269e-03	3.4913191245e-03
1968	3.4908119412e-03	3.4908117158e-03
1969	3.4903056702e-03	3.4903054289e-03
1970	3.4898005117e-03	3.4898002618e-03
1971	3.4892964610e-03	3.4892962126e-03
1972	3.4887935154e-03	3.4887932790e-03
1973	3.4882916723e-03	3.4882914587e-03
1974	3.4877909297e-03	3.4877907492e-03
1975	3.4872912862e-03	3.4872911478e-03
1976	3.4867927415e-03	3.4867926517e-03
1977	3.4862952945e-03	3.4862952584e-03
1978	3.4857989451e-03	3.4857989653e-03
1979	3.4853036946e-03	3.4853037700e-03
1980	3.4848095449e-03	3.4848096705e-03
1981	3.4843164976e-03	3.4843166650e-03
1982	3.4838245530e-03	3.4838247515e-03
1983	3.4833337102e-03	3.4833339284e-03
1984	3.4828439673e-03	3.4828441939e-03
1985	3.4823553214e-03	3.4823555462e-03
1986	3.4818677685e-03	3.4818679833e-03
1987	3.4813813041e-03	3.4813815031e-03
1988	3.4808959233e-03	3.4808961032e-03
1989	3.4804116212e-03	3.4804117810e-03
1990	3.4799283931e-03	3.4799285339e-03
1991	3.4794462352e-03	3.4794463588e-03
1992	3.4789651433e-03	3.4789652526e-03
1993	3.4784851138e-03	3.4784852121e-03
1994	3.4780061431e-03	3.4780062340e-03
1995	3.4775282283e-03	3.4775283152e-03
1996	3.4770513680e-03	3.4770514524e-03
1997	3.4765755619e-03	3.4765756424e-03
1998	3.4761008093e-03	3.4761008818e-03
1999	3.4756271093e-03	3.4756271674e-03
2000	3.4751544607e-03	3.4751544959e-03
2001	3.4746828613e-03	3.4746828637e-03
2002	3.4742123058e-03	3.4742122676e-03
2003	3.4737427826e-03	3.4737427040e-03
2004	3.4732742834e-03	3.4732741695e-03
2005	3.4728068008e-03	3.4728066607e-03
2006	3.4723403288e-03	3.4723401741e-03
2007	3.4718748626e-03	3.4718747064e-03
2008	3.4714103988e-03	3.4714102543e-03
2009	3.4709469350e-03	3.4709468144e-03
2010	3.4704844700e-03	3.4704843831e-03
2011	3.4700230033e-03	3.4700229571e-03
2012	3.4695625348e-03	3.4695625329e-03
2013	3.4691030646e-03	3.4691031070e-03
2014	3.4686445924e-03	3.4686446761e-03
2015	3.4681871180e-03	3.4681872366e-03
2016	3.4677306403e-03	3.4677307852e-03
2017	3.4672751573e-03	3.4672753184e-03
2018	3.4668206666e-03	3.4668208328e-03
2019	3.4663671645e-03	3.4663673254e-03
2020	3.4659146471e-03	3.4659147930e-03
2021	3.4654631095e-03	3.4654632324e-03
2022	3.4650125463e-03	3.4650126402e-03
2023	3.4645629518e-03	3.4645630132e-03
2024	3.4641143200e-03	3.4641143479e-03
2025	3.4636666452e-03	3.4636666410e-03
2026	3.4632199217e-03	3.4632198891e-03
2027	3.4627741442e-03	3.4627740887e-03
2028	3.4623293077e-03	3.4623292363e-03
2029	3.4618854079e-03	3.4618853284e-03
2030	3.4614424408e-03	3.4614423609e-03
2031	3.4610004030e-03	3.4610003296e-03
2032	3.4605592915e-03	3.4605592301e-03
2033	3.4601191038e-03	3.4601190583e-03
2034	3.4596798395e-03	3.4596798099e-03
2035	3.4592415010e-03	3.4592414808e-03
2036	3.4588040882e-03	3.4588040672e-03
2037	3.4583675964e-03	3.4583675654e-03
2038	3.4579320220e-03	3.4579319723e-03
2039	3.4574973616e-03	3.4574972846e-03
2040	3.4570636115e-03	3.4570634997e-03
2041	3.4566307680e-03	3.4566306148e-03
2042	3.4561988270e-03	3.4561986276e-03
2043	3.4557677794e-03	3.4557675357e-03
2044	3.4553376143e-03	3.4553373370e-03
2045	3.4549083234e-03	3.4549080293e-03
2046	3.4544799043e-03	3.4544796107e-03
2047	3.4540523548e-03	3.4540520790e-03
2048	3.4536256741e-03	3.4536254322e-03
2049	3.4531998622e-03	3.4531996679e-03
2050	3.4527749194e-03	3.4527747837e-03
2051	3.4523508464e-03	3.4523507767e-03
2052	3.4519276436e-03	3.4519276437e-03
2053	3.4515053112e-03	3.4515053818e-03
2054	3.4510838499e-03	3.4510839879e-03
2055	3.4506632649e-03	3.4506634591e-03
2056	3.4502435591e-03	3.4502437928e-03
2057	3.4498247333e-03	3.4498249864e-03
2058	3.4494067867e-03	3.4494070376e-03
2059	3.4489897167e-03	3.4489899446e-03
2060	3.4485735191e-03	3.4485737057e-03
2061	3.4481581886e-03	3.4481583198e-03
2062	3.4477437187e-03	3.4477437858e-03
2063	3.4473301027e-03	3.4473301027e-03
2064	3.4469173337e-03	3.4469172696e-03
2065	3.4465054063e-03	3.4465052854e-03
2066	3.4460943149e-03	3.4460941488e-03
2067	3.4456840546e-03	3.4456838583e-03
2068	3.4452746208e-03	3.4452744123e-03
2069	3.4448660093e-03	3.4448658085e-03
2070	3.4444582170e-03	3.4444580443e-03
2071	3.4440512410e-03	3.4440511166e-03
2072	3.4436450787e-03	3.4436450220e-03
2073	3.4432397283e-03	3.4432397570e-03
2074	3.4428351886e-03	3.4428353181e-03
2075	3.4424314694e-03	3.4424317017e-03
2076	3.4420285796e-03	3.4420289043e-03
2077	3.4416265252e-03	3.4416269224e-03
2078	3.4412253092e-03	3.4412257524e-03
2079	3.4408249310e-03	3.4408253909e-03
2080	3.4404253872e-03	3.4404258343e-03
2081	3.4400266725e-03	3.4400270794e-03
2082	3.4396287824e-03	3.4396291232e-03
2083	3.4392317088e-03	3.4392319627e-03
2084	3.4388354393e-03	3.4388355951e-03
2085	3.4384399621e-03	3.4384400174e-03
2086	3.4380452661e-03	3.4380452268e-03
2087	3.4376513412e-03	3.4376512201e-03
2088	3.4372581791e-03	3.4372579942e-03
2089	3.4368657731e-03	3.4368655457e-03
2090	3.4364741184e-03	3.4364738710e-03
2091	3.4360832123e-03	3.4360829664e-03
2092	3.4356930536e-03	3.4356928281e-03
2093	3.4353036427e-03	3.4353034519e-03
2094	3.4349149805e-03	3.4349148339e-03
2095	3.4345270688e-03	3.4345269699e-03
2096	3.4341399094e-03	3.4341398554e-03
2097	3.4337535036e-03	3.4337534862e-03
2098	3.4333678486e-03	3.4333678579e-03
2099	3.4329829383e-03	3.4329829660e-03
2100	3.4325987687e-03	3.4325988060e-03
2101	3.4322153352e-03	3.4322153739e-03
2102	3.4318326335e-03	3.4318326659e-03
2103	3.4314506592e-03	3.4314506788e-03
2104	3.4310694080e-03	3.4310694095e-03
2105	3.4306888757e-03	3.4306888553e-03
2106	3.4303090563e-03	3.4303090137e-03
2107	3.4299299442e-03	3.4299298823e-03
2108	3.4295515352e-03	3.4295514586e-03
2109	3.4291738254e-03	3.4291737403e-03
2110	3.4287968118e-03	3.4287967245e-03
2111	3.4284204921e-03	3.4284204085e-03
2112	3.4280448643e-03	3.4280447890e-03
2113	3.4276699267e-03	3.4276698629e-03
2114	3.4272956779e-03	3.4272956267e-03
2115	3.4269221164e-03	3.4269220771e-03
2116	3.4265492408e-03	3.4265492104e-03
2117	3.4261770493e-03	3.4261770235e-03
2118	3.4258055393e-03	3.4258055130e-03
2119	3.4254347075e-03	3.4254346759e-03
2120	3.4250645507e-03	3.4250645095e-03
2121	3.4246950656e-03	3.4246950110e-03
2122	3.4243262494e-03	3.4243261782e-03
2123	3.4239580987e-03	3.4239580089e-03
2124	3.4235906098e-03	3.4235905011e-03
2125	3.4232237790e-03	3.4232236528e-03
2126	3.4228576027e-03	3.4228574622e-03
2127	3.4224920770e-03	3.4224919275e-03
2128	3.4221271984e-03	3.4221270468e-03
2129	3.4217629634e-03	3.4217628184e-03
2130	3.4213993687e-03	3.4213992401e-03
2131	3.4210364110e-03	3.4210363101e-03
2132	3.4206740875e-03	3.4206740261e-03
2133	3.4203123968e-03	3.4203123857e-03
2134	3.4199513430e-03	3.4199513863e-03
2135	3.4195909283e-03	3.4195910250e-03
2136	3.4192311540e-03	3.4192312991e-03
2137	3.4188720203e-03	3.4188722056e-03
2138	3.4185135269e-03	3.4185137415e-03
2139	3.4181556738e-03	3.4181559039e-03
2140	3.4177984589e-03	3.4177986900e-03
2141	3.4174418791e-03	3.4174420972e-03
2142	3.4170859306e-03	3.4170861227e-03
2143	3.4167306087e-03	3.4167307642e-03
2144	3.4163759087e-03	3.4163760195e-03
2145	3.4160218256e-03	3.4160218862e-03
2146	3.4156683547e-03	3.4156683624e-03
2147	3.4153154914e-03	3.4153154462e-03
2148	3.4149632319e-03	3.4149631359e-03
2149	3.4146115730e-03	3.4146114298e-03
2150	3.4142605113e-03	3.4142603260e-03
2151	3.4139100386e-03	3.4139098226e-03
2152	3.4135601492e-03	3.4135599175e-03
2153	3.4132108394e-03	3.4132106081e-03
2154	3.4128621071e-03	3.4128618919e-03
2155	3.4125139493e-03	3.4125137659e-03
2156	3.4121663644e-03	3.4121662270e-03
2157	3.4118193518e-03	3.4118192718e-03
2158	3.4114729121e-03	3.4114728967e-03
2159	3.4111270470e-03	3.4111270982e-03
2160	3.4107817583e-03	3.4107818728e-03
2161	3.4104370476e-03	3.4104372171e-03
2162	3.4100929158e-03	3.4100931279e-03
2163	3.4097493630e-03	3.4097496023e-03
2164	3.4094063886e-03	3.4094066376e-03
2165	3.4090639909e-03	3.4090642312e-03
2166	3.4087221674e-03	3.4087223809e-03
2167	3.4083809145e-03	3.4083810846e-03
2168	3.4080402282e-03	3.4080403404e-03
2169	3.4077001039e-03	3.4077001466e-03
2170	3.4073605367e-03	3.4073605014e-03
2171	3.4070215199e-03	3.4070214031e-03
2172	3.4066830409e-03	3.4066828500e-03
2173	3.4063450916e-03	3.4063448404e-03
2174	3.4060076653e-03	3.4060073724e-03
2175	3.4056707571e-03	3.4056704441e-03
2176	3.4053343639e-03	3.4053340536e-03
2177	3.4049984846e-03	3.4049981987e-03
2178	3.4046631192e-03	3.4046628768e-03
2179	3.4043282692e-03	3.4043280855e-03
2180	3.4039939364e-03	3.4039938219e-03
2181	3.4036601231e-03	3.4036600833e-03
2182	3.4033268318e-03	3.4033268666e-03
2183	3.4029940644e-03	3.4029941689e-03
2184	3.4026618222e-03	3.4026619873e-03
2185	3.4023301054e-03	3.4023303187e-03
2186	3.4019989136e-03	3.4019991605e-03
2187	3.4016682465e-03	3.4016685101e-03
2188	3.4013381020e-03	3.4013383651e-03
2189	3.4010084772e-03	3.4010087232e-03
2190	3.4006793679e-03	3.4006795821e-03
2191	3.4003507691e-03	3.4003509397e-03
2192	3.4000226756e-03	3.4000227939e-03
2193	3.3996950817e-03	3.3996951426e-03
2194	3.3993679817e-03	3.3993679838e-03
2195	3.3990413704e-03	3.3990413131e-03
2196	3.3987152427e-03	3.3987151248e-03
2197	3.3983895945e-03	3.3983894126e-03
2198	3.3980644220e-03	3.3980641702e-03
2199	3.3977397221e-03	3.3977393922e-03
2200	3.3974154926e-03	3.3974150748e-03
2201	3.3970917315e-03	3.3970912161e-03
2202	3.3967684375e-03	3.3967678160e-03
2203	3.3964456094e-03	3.3964448767e-03
2204	3.3961232463e-03	3.3961224022e-03
2205	3.3958013471e-03	3.3958003978e-03
2206	3.3954799109e-03	3.3954788701e-03
2207	3.3951589372e-03	3.3951578260e-03
2208	3.3948384255e-03	3.3948372727e-03
2209	3.3945183749e-03	3.3945172169e-03
2210	3.3941987835e-03	3.3941976647e-03
2211	3.3938796492e-03	3.3938786211e-03
2212	3.3935609690e-03	3.3935600899e-03
2213	3.3932427398e-03	3.3932420736e-03
2214	3.3929249599e-03	3.3929245733e-03
2215	3.3926076323e-03	3.3926075890e-03
2216	3.3922907577e-03	3.3922911194e-03
2217	3.3919743359e-03	3.3919751625e-03
2218	3.3916583657e-03	3.3916597156e-03
2219	3.3913428521e-03	3.3913447757e-03
2220	3.3910278789e-03	3.3910303395e-03
2221	3.3907135216e-03	3.3907164039e-03
2222	3.3903998340e-03	3.3904029660e-03
2223	3.3900868468e-03	3.3900900232e-03
2224	3.3897745669e-03	3.3897775733e-03
2225	3.3894629789e-03	3.3894656145e-03
2226	3.3891520514e-03	3.3891541451e-03
2227	3.3888417407e-03	3.3888431637e-03
2228	3.3885319913e-03	3.3885326688e-03
2229	3.3882227432e-03	3.3882226590e-03
2230	3.3879139392e-03	3.3879131326e-03
2231	3.3876055334e-03	3.3876040877e-03
2232	3.3872974849e-03	3.3872955218e-03
2233	3.3869897634e-03	3.3869874321e-03
2234	3.3866823504e-03	3.3866798154e-03
2235	3.3863752392e-03	3.3863726681e-03
2236	3.3860684347e-03	3.3860659857e-03
2237	3.3857619517e-03	3.3857597634e-03
2238	3.3854558121e-03	3.3854539956e-03
2239	3.3851500434e-03	3.3851486762e-03
2240	3.3848446747e-03	3.3848437986e-03
2241	3.3845397351e-03	3.3845393556e-03
2242	3.3842352506e-03	3.3842353398e-03
2243	3.3839312427e-03	3.3839317435e-03
2244	3.3836277267e-03	3.3836285587e-03
2245	3.3833247113e-03	3.3833257776e-03
2246	3.3830221984e-03	3.3830233949e-03
2247	3.3827201836e-03	3.3827214084e-03
2248	3.3824186570e-03	3.3824198186e-03
2249	3.3821176048e-03	3.3821186282e-03
2250	3.3818170118e-03	3.3818178417e-03
2251	3.3815168626e-03	3.3815174648e-03
2252	3.3812171426e-03	3.3812175036e-03
2253	3.3809178381e-03	3.3809179639e-03
2254	3.3806189379e-03	3.3806188510e-03
2255	3.3803204330e-03	3.3803201688e-03
2256	3.3800223174e-03	3.3800219197e-03
2257	3.3797245880e-03	3.3797241045e-03
2258	3.3794272434e-03	3.3794267224e-03
2259	3.3791302804e-03	3.3791297711e-03
2260	3.3788336998e-03	3.3788332469e-03
2261	3.3785375044e-03	3.3785371449e-03
2262	3.3782416985e-03	3.3782414596e-03
2263	3.3779462868e-03	3.3779461850e-03
2264	3.3776512746e-03	3.3776513151e-03
2265	3.3773566671e-03	3.3773568442e-03
2266	3.3770624717e-03	3.3770627669e-03
2267	3.3767686931e-03	3.3767690787e-03
2268	3.3764753334e-03	3.3764757757e-03
2269	3.3761823923e-03	3.3761828550e-03
2270	3.3758898669e-03	3.3758903142e-03
2271	3.3755977522e-03	3.3755981518e-03
2272	3.3753060414e-03	3.3753063667e-03
2273	3.3750147264e-03	3.3750149579e-03
2274	3.3747237982e-03	3.3747239251e-03
2275	3.3744332480e-03	3.3744332673e-03
2276	3.3741430670e-03	3.3741429839e-03
2277	3.3738532475e-03	3.3738530738e-03
2278	3.3735637830e-03	3.3735635358e-03
2279	3.3732746682e-03	3.3732743685e-03
2280	3.3729858995e-03	3.3729855701e-03
2281	3.3726974746e-03	3.3726971385e-03
2282	3.3724093927e-03	3.3724090714e-03
2283	3.3721216539e-03	3.3721213661e-03
2284	3.3718342591e-03	3.3718340201e-03
2285	3.3715472096e-03	3.3715470302e-03
2286	3.3712605070e-03	3.3712603933e-03
2287	3.3709741524e-03	3.3709741061e-03
2288	3.3706881469e-03	3.3706881653e-03
2289	3.3704024909e-03	3.3704025678e-03
2290	3.3701171837e-03	3.3701173106e-03
2291	3.3698322243e-03	3.3698323908e-03
2292	3.3695476118e-03	3.3695478057e-03
2293	3.3692633443e-03	3.3692635530e-03
2294	3.3689794191e-03	3.3689796302e-03
2295	3.3686958331e-03	3.3686960354e-03
2296	3.3684125831e-03	3.3684127667e-03
2297	3.3681296663e-03	3.3681298224e-03
2298	3.3678470799e-03	3.3678471986e-03
2299	3.3675648210e-03	3.3675648905e-03
2300	3.3672828864e-03	3.3672828926e-03
2301	3.3670012733e-03	3.3670011999e-03
2302	3.3667199785e-03	3.3667198088e-03
2303	3.3664389964e-03	3.3664387171e-03
2304	3.3661583220e-03	3.3661579249e-03
2305	3.3658779515e-03	3.3658774341e-03
2306	3.3655978814e-03	3.3655972489e-03
2307	3.3653181081e-03	3.3653173748e-03
2308	3.3650386288e-03	3.3650378185e-03
2309	3.3647594416e-03	3.3647585869e-03
2310	3.3644805451e-03	3.3644796871e-03
2311	3.3642019384e-03	3.3642011251e-03
2312	3.3639236210e-03	3.3639229054e-03
2313	3.3636455921e-03	3.3636450311e-03
2314	3.3633678501e-03	3.3633675027e-03
2315	3.3630903933e-03	3.3630903188e-03
2316	3.3628132200e-03	3.3628134755e-03
2317	3.3625363334e-03	3.3625369670e-03
2318	3.3622597371e-03	3.3622607855e-03
2319	3.3619834330e-03	3.3619849221e-03
2320	3.3617074217e-03	3.3617093666e-03
2321	3.3614317023e-03	3.3614341084e-03
2322	3.3611562767e-03	3.3611591366e-03
2323	3.3608812204e-03	3.3608844408e-03
2324	3.3606065980e-03	3.3606100112e-03
2325	3.3603324512e-03	3.3603358386e-03
2326	3.3600587960e-03	3.3600619150e-03
2327	3.3597856221e-03	3.3597882332e-03
2328	3.3595128960e-03	3.3595147869e-03
2329	3.3592405638e-03	3.3592415707e-03
2330	3.3589685575e-03	3.3589685793e-03
2331	3.3586968009e-03	3.3586958082e-03
2332	3.3584252167e-03	3.3584232527e-03
2333	3.3581537327e-03	3.3581509081e-03
2334	3.3578822874e-03	3.3578787698e-03
2335	3.3576108334e-03	3.3576068326e-03
2336	3.3573393410e-03	3.3573350912e-03
2337	3.3570677982e-03	3.3570635398e-03
2338	3.3567962107e-03	3.3567921727e-03
2339	3.3565245995e-03	3.3565209837e-03
2340	3.3562529982e-03	3.3562499670e-03
2341	3.3559814490e-03	3.3559791163e-03
2342	3.3557099985e-03	3.3557084261e-03
2343	3.3554386941e-03	3.3554378911e-03
2344	3.3551675816e-03	3.3551675066e-03
2345	3.3548967003e-03	3.3548972688e-03
2346	3.3546260805e-03	3.3546271744e-03
2347	3.3543557424e-03	3.3543572212e-03
2348	3.3540856959e-03	3.3540874073e-03
2349	3.3538159407e-03	3.3538177344e-03
2350	3.3535464682e-03	3.3535482072e-03
2351	3.3532772632e-03	3.3532788334e-03
2352	3.3530083060e-03	3.3530096228e-03
2353	3.3527395751e-03	3.3527405865e-03
2354	3.3524710490e-03	3.3524717365e-03
2355	3.3522027087e-03	3.3522030843e-03
2356	3.3519345388e-03	3.3519346404e-03
2357	3.3516665290e-03	3.3516664139e-03
2358	3.3513986741e-03	3.3513984113e-03
2359	3.3511309741e-03	3.3511306369e-03
2360	3.3508634338e-03	3.3508630925e-03
2361	3.3505960616e-03	3.3505957775e-03
2362	3.3503288687e-03	3.3503286891e-03
2363	3.3500618673e-03	3.3500618229e-03
2364	3.3497950696e-03	3.3497951732e-03
2365	3.3495284865e-03	3.3495287336e-03
2366	3.3492621266e-03	3.3492624978e-03
2367	3.3489959956e-03	3.3489964592e-03
2368	3.3487300959e-03	3.3487306124e-03
2369	3.3484644262e-03	3.3484649524e-03
2370	3.3481989825e-03	3.3481994758e-03
2371	3.3479337577e-03	3.3479341798e-03
2372	3.3476687428e-03	3.3476690632e-03
2373	3.3474039277e-03	3.3474041254e-03
2374	3.3471393017e-03	3.3471393667e-03
2375	3.3468748546e-03	3.3468747882e-03
2376	3.3466105772e-03	3.3466103909e-03
2377	3.3463464620e-03	3.3463461758e-03
2378	3.3460825036e-03	3.3460821438e-03
2379	3.3458186984e-03	3.3458182951e-03
2380	3.3455550452e-03	3.3455546292e-03
2381	3.3452915443e-03	3.3452911450e-03
2382	3.3450281980e-03	3.3450278408e-03
2383	3.3447650093e-03	3.3447647143e-03
2384	3.3445019820e-03	3.3445017626e-03
2385	3.3442391202e-03	3.3442389826e-03
2386	3.3439764274e-03	3.3439763709e-03
2387	3.3437139067e-03	3.3437139244e-03
2388	3.3434515605e-03	3.3434516402e-03
2389	3.3431893897e-03	3.3431895159e-03
2390	3.3429273945e-03	3.3429275495e-03
2391	3.3426655740e-03	3.3426657398e-03
2392	3.3424039266e-03	3.3424040860e-03
2393	3.3421424504e-03	3.3421425880e-03
2394	3.3418811430e-03	3.3418812460e-03
2395	3.3416200022e-03	3.3416200605e-03
2396	3.3413590257e-03	3.3413590324e-03
2397	3.3410982115e-03	3.3410981624e-03
2398	3.3408375571e-03	3.3408374514e-03
2399	3.3405770551e-03	3.3405768999e-03
2400	3.3403167004e-03	3.3403165083e-03
2401	3.3400564893e-03	3.3400562767e-03
2402	3.3397964198e-03	3.3397962047e-03
2403	3.3395364910e-03	3.3395362918e-03
2404	3.3392767036e-03	3.3392765372e-03
2405	3.3390170590e-03	3.3390169397e-03
2406	3.3387575593e-03	3.3387574981e-03
2407	3.3384982069e-03	3.3384982111e-03
2408	3.3382390044e-03	3.3382390773e-03
2409	3.3379799583e-03	3.3379800952e-03
2410	3.3377210734e-03	3.3377212634e-03
2411	3.3374623530e-03	3.3374625808e-03
2412	3.3372037987e-03	3.3372040462e-03
2413	3.3369454102e-03	3.3369456588e-03
2414	3.3366871858e-03	3.3366874180e-03
2415	3.3364291225e-03	3.3364293231e-03
2416	3.3361712161e-03	3.3361713739e-03
2417	3.3359134622e-03	3.3359135701e-03
2418	3.3356558560e-03	3.3356559113e-03
2419	3.3353983929e-03	3.3353983974e-03
2420	3.3351410689e-03	3.3351410281e-03
2421	3.3348838804e-03	3.3348838029e-03
2422	3.3346268248e-03	3.3346267214e-03
2423	3.3343699004e-03	3.3343697831e-03
2424	3.3341131064e-03	3.3341129873e-03
2425	3.3338564424e-03	3.3338563329e-03
2426	3.3335999089e-03	3.3335998187e-03
2427	3.3333435065e-03	3.3333434429e-03
2428	3.3330872361e-03	3.3330872038e-03
2429	3.3328310981e-03	3.3328310993e-03
2430	3.3325750932e-03	3.3325751273e-03
2431	3.3323192217e-03	3.3323192857e-03
2432	3.3320634835e-03	3.3320635730e-03
2433	3.3318078798e-03	3.3318079882e-03
2434	3.3315524120e-03	3.3315525302e-03
2435	3.3312970803e-03	3.3312971985e-03
2436	3.3310418833e-03	3.3310419926e-03
2437	3.3307868191e-03	3.3307869119e-03
2438	3.3305318847e-03	3.3305319558e-03
2439	3.3302770766e-03	3.3302771237e-03
2440	3.3300223909e-03	3.3300224143e-03
2441	3.3297678239e-03	3.3297678263e-03
2442	3.3295133717e-03	3.3295133582e-03
2443	3.3292590313e-03	3.3292590081e-03
2444	3.3290047997e-03	3.3290047739e-03
2445	3.3287506750e-03	3.3287506535e-03
2446	3.3284966558e-03	3.3284966448e-03
2447	3.3282427412e-03	3.3282427457e-03
2448	3.3279889311e-03	3.3279889541e-03
2449	3.3277352255e-03	3.3277352683e-03
2450	3.3274816252e-03	3.3274816867e-03
2451	3.3272281340e-03	3.3272282079e-03
2452	3.3269747558e-03	3.3269748308e-03
2453	3.3267214935e-03	3.3267215545e-03
2454	3.3264683494e-03	3.3264683779e-03
2455	3.3262153282e-03	3.3262152996e-03
2456	3.3259624294e-03	3.3259623186e-03
2457	3.3257096334e-03	3.3257094339e-03
2458	3.3254569263e-03	3.3254566446e-03
2459	3.3252042970e-03	3.3252039501e-03
2460	3.3249517373e-03	3.3249513499e-03
2461	3.3246992420e-03	3.3246988439e-03
2462	3.3244468097e-03	3.3244464320e-03
2463	3.3241944419e-03	3.3241941142e-03
2464	3.3239421433e-03	3.3239418906e-03
2465	3.3236899203e-03	3.3236897611e-03
2466	3.3234377807e-03	3.3234377255e-03
2467	3.3231857325e-03	3.3231857836e-03
2468	3.3229337833e-03	3.3229339349e-03
2469	3.3226819390e-03	3.3226821785e-03
2470	3.3224302039e-03	3.3224305136e-03
2471	3.3221785801e-03	3.3221789389e-03
2472	3.3219270669e-03	3.3219274530e-03
2473	3.3216756617e-03	3.3216760544e-03
2474	3.3214243598e-03	3.3214247413e-03
2475	3.3211731546e-03	3.3211735121e-03
2476	3.3209220390e-03	3.3209223649e-03
2477	3.3206710048e-03	3.3206712979e-03
2478	3.3204200469e-03	3.3204203096e-03
2479	3.3201691721e-03	3.3201693986e-03
2480	3.3199183830e-03	3.3199185639e-03
2481	3.3196676803e-03	3.3196678047e-03
2482	3.3194170617e-03	3.3194171206e-03
2483	3.3191665241e-03	3.3191665108e-03
2484	3.3189160631e-03	3.3189159745e-03
2485	3.3186656735e-03	3.3186655103e-03
2486	3.3184153495e-03	3.3184151168e-03
2487	3.3181650855e-03	3.3181647919e-03
2488	3.3179148767e-03	3.3179145338e-03
2489	3.3176647184e-03	3.3176643402e-03
2490	3.3174146070e-03	3.3174142091e-03
2491	3.3171645397e-03	3.3171641382e-03
2492	3.3169145148e-03	3.3169141258e-03
2493	3.3166645320e-03	3.3166641700e-03
2494	3.3164145919e-03	3.3164142697e-03
2495	3.3161646959e-03	3.3161644237e-03
2496	3.3159148462e-03	3.3159146313e-03
2497	3.3156650453e-03	3.3156648920e-03
2498	3.3154152959e-03	3.3154152055e-03
2499	3.3151656007e-03	3.3151655719e-03
2500	3.3149159626e-03	3.3149159911e-03
2501	3.3146663853e-03	3.3146664632e-03
2502	3.3144168714e-03	3.3144169883e-03
2503	3.3141674228e-03	3.3141675662e-03
2504	3.3139180404e-03	3.3139181970e-03
2505	3.3136687244e-03	3.3136688806e-03
2506	3.3134194741e-03	3.3134196175e-03
2507	3.3131702867e-03	3.3131704081e-03
2508	3.3129211565e-03	3.3129212530e-03
2509	3.3126720793e-03	3.3126721527e-03
2510	3.3124230537e-03	3.3124231076e-03
2511	3.3121740786e-03	3.3121741181e-03
2512	3.3119251534e-03	3.3119251845e-03
2513	3.3116762783e-03	3.3116763067e-03
2514	3.3114274537e-03	3.3114274847e-03
2515	3.3111786805e-03	3.3111787181e-03
2516	3.3109299593e-03	3.3109300063e-03
2517	3.3106812911e-03	3.3106813488e-03
2518	3.3104326765e-03	3.3104327446e-03
2519	3.3101841158e-03	3.3101841928e-03
2520	3.3099356093e-03	3.3099356923e-03
2521	3.3096871564e-03	3.3096872421e-03
2522	3.3094387566e-03	3.3094388408e-03
2523	3.3091904086e-03	3.3091904875e-03
2524	3.3089421109e-03	3.3089421809e-03
2525	3.3086938619e-03	3.3086939198e-03
2526	3.3084456595e-03	3.3084457033e-03
2527	3.3081975019e-03	3.3081975302e-03
2528	3.3079493870e-03	3.3079493997e-03
2529	3.3077013131e-03	3.3077013108e-03
2530	3.3074532784e-03	3.3074532628e-03
2531	3.3072052815e-03	3.3072052548e-03
2532	3.3069573212e-03	3.3069572861e-03
2533	3.3067093966e-03	3.3067093559e-03
2534	3.3064615067e-03	3.3064614632e-03
2535	3.3062136510e-03	3.3062136071e-03
2536	3.3059658288e-03	3.3059657863e-03
2537	3.3057180397e-03	3.3057179992e-03
2538	3.3054702831e-03	3.3054702445e-03
2539	3.3052225586e-03	3.3052225206e-03
2540	3.3049748656e-03	3.3049748261e-03
2541	3.3047272035e-03	3.3047271599e-03
2542	3.3044795714e-03	3.3044795207e-03
2543	3.3042319685e-03	3.3042319074e-03
2544	3.3039843939e-03	3.3039843191e-03
2545	3.3037368467e-03	3.3037367549e-03
2546	3.3034893257e-03	3.3034892145e-03
2547	3.3032418299e-03	3.3032416974e-03
2548	3.3029943583e-03	3.3029942038e-03
2549	3.3027469099e-03	3.3027467336e-03
2550	3.3024994839e-03	3.3024992874e-03
2551	3.3022520792e-03	3.3022518655e-03
2552	3.3020046953e-03	3.3020044685e-03
2553	3.3017573318e-03	3.3017570972e-03
2554	3.3015099888e-03	3.3015097522e-03
2555	3.3012626662e-03	3.3012624342e-03
2556	3.3010153637e-03	3.3010151437e-03
2557	3.3007680812e-03	3.3007678809e-03
2558	3.3005208183e-03	3.3005206457e-03
2559	3.3002735742e-03	3.3002734379e-03
2560	3.3000263488e-03	3.3000262577e-03
2561	3.2997791481e-03	3.2997791050e-03
2562	3.2995319808e-03	3.2995319804e-03
2563	3.2992848506e-03	3.2992848847e-03
2564	3.2990377585e-03	3.2990378190e-03
2565	3.2987907049e-03	3.2987907847e-03
2566	3.2985436903e-03	3.2985437836e-03
2567	3.2982967206e-03	3.2982968177e-03
2568	3.2980497988e-03	3.2980498890e-03
2569	3.2978029267e-03	3.2978029996e-03
2570	3.2975561045e-03	3.2975561516e-03
2571	3.2973093313e-03	3.2973093471e-03
2572	3.2970626053e-03	3.2970625879e-03
2573	3.2968159239e-03	3.2968158756e-03
2574	3.2965692845e-03	3.2965692118e-03
2575	3.2963226845e-03	3.2963225977e-03
2576	3.2960761213e-03	3.2960760349e-03
2577	3.2958295930e-03	3.2958295247e-03
2578	3.2955830982e-03	3.2955830682e-03
2579	3.2953366359e-03	3.2953366662e-03
2580	3.2950902060e-03	3.2950903197e-03
2581	3.2948438149e-03	3.2948440288e-03
2582	3.2945974788e-03	3.2945977938e-03
2583	3.2943512094e-03	3.2943516144e-03
2584	3.2941050152e-03	3.2941054901e-03
2585	3.2938589012e-03	3.2938594199e-03
2586	3.2936128692e-03	3.2936134027e-03
2587	3.2933669174e-03	3.2933674371e-03
2588	3.2931210415e-03	3.2931215221e-03
2589	3.2928752353e-03	3.2928756565e-03
2590	3.2926294914e-03	3.2926298392e-03
2591	3.2923838026e-03	3.2923840694e-03
2592	3.2921381622e-03	3.2921383459e-03
2593	3.2918925642e-03	3.2918926681e-03
2594	3.2916470041e-03	3.2916470351e-03
2595	3.2914014786e-03	3.2914014463e-03
2596	3.2911559864e-03	3.2911559012e-03
2597	3.2909105274e-03	3.2909103988e-03
2598	3.2906651028e-03	3.2906649383e-03
2599	3.2904197145e-03	3.2904195185e-03
2600	3.2901743592e-03	3.2901741379e-03
2601	3.2899290295e-03	3.2899287947e-03
2602	3.2896837205e-03	3.2896834869e-03
2603	3.2894384290e-03	3.2894382122e-03
2604	3.2891931530e-03	3.2891929680e-03
2605	3.2889478919e-03	3.2889477513e-03
2606	3.2887026461e-03	3.2887025593e-03
2607	3.2884574174e-03	3.2884573890e-03
2608	3.2882122077e-03	3.2882122378e-03
2609	3.2879670190e-03	3.2879671037e-03
2610	3.2877218560e-03	3.2877219850e-03
2611	3.2874767221e-03	3.2874768805e-03
2612	3.2872316188e-03	3.2872317892e-03
2613	3.2869865461e-03	3.2869867103e-03
2614	3.2867415022e-03	3.2867416433e-03
2615	3.2864964838e-03	3.2864965875e-03
2616	3.2862514867e-03	3.2862515425e-03
2617	3.2860065055e-03	3.2860065076e-03
2618	3.2857615348e-03	3.2857614821e-03
2619	3.2855165692e-03	3.2855164652e-03
2620	3.2852716041e-03	3.2852714559e-03
2621	3.2850266353e-03	3.2850264532e-03
2622	3.2847816600e-03	3.2847814558e-03
2623	3.2845366765e-03	3.2845364625e-03
2624	3.2842916841e-03	3.2842914723e-03
2625	3.2840466832e-03	3.2840464843e-03
2626	3.2838016751e-03	3.2838014977e-03
2627	3.2835566614e-03	3.2835565118e-03
2628	3.2833116443e-03	3.2833115264e-03
2629	3.2830666258e-03	3.2830665409e-03
2630	3.2828216076e-03	3.2828215553e-03
2631	3.2825765911e-03	3.2825765691e-03
2632	3.2823315771e-03	3.2823315820e-03
2633	3.2820865656e-03	3.2820865936e-03
2634	3.2818415562e-03	3.2818416034e-03
2635	3.2815965479e-03	3.2815966107e-03
2636	3.2813515390e-03	3.2813516147e-03
2637	3.2811065278e-03	3.2811066150e-03
2638	3.2808615124e-03	3.2808616110e-03
2639	3.2806164907e-03	3.2806166020e-03
2640	3.2803714610e-03	3.2803715873e-03
2641	3.2801264218e-03	3.2801265662e-03
2642	3.2798813719e-03	3.2798815376e-03
2643	3.2796363105e-03	3.2796365005e-03
2644	3.2793912372e-03	3.2793914536e-03
2645	3.2791461529e-03	3.2791463953e-03
2646	3.2789010632e-03	3.2789013242e-03
2647	3.2786559720e-03	3.2786562385e-03
2648	3.2784108818e-03	3.2784111364e-03
2649	3.2781657941e-03	3.2781660162e-03
2650	3.2779207087e-03	3.2779208760e-03
2651	3.2776756242e-03	3.2776757139e-03
2652	3.2774305309e-03	3.2774305281e-03
2653	3.2771854173e-03	3.2771853168e-03
2654	3.2769402733e-03	3.2769400780e-03
2655	3.2766950906e-03	3.2766948098e-03
2656	3.2764498632e-03	3.2764495105e-03
2657	3.2762045871e-03	3.2762041787e-03
2658	3.2759592611e-03	3.2759588130e-03
2659	3.2757138858e-03	3.2757134128e-03
2660	3.2754684634e-03	3.2754679776e-03
2661	3.2752229935e-03	3.2752225076e-03
2662	3.2749774762e-03	3.2749770032e-03
2663	3.2747319132e-03	3.2747314649e-03
2664	3.2744863063e-03	3.2744858938e-03
2665	3.2742406578e-03	3.2742402905e-03
2666	3.2739949702e-03	3.2739946561e-03
2667	3.2737492467e-03	3.2737489912e-03
2668	3.2735034900e-03	3.2735032965e-03
2669	3.2732577029e-03	3.2732575726e-03
2670	3.2730118874e-03	3.2730118196e-03
2671	3.2727660451e-03	3.2727660381e-03
2672	3.2725201769e-03	3.2725202283e-03
2673	3.2722742832e-03	3.2722743910e-03
2674	3.2720283639e-03	3.2720285271e-03
2675	3.2717824191e-03	3.2717826376e-03
2676	3.2715364529e-03	3.2715367241e-03
2677	3.2712904679e-03	3.2712907880e-03
2678	3.2710444671e-03	3.2710448313e-03
2679	3.2707984609e-03	3.2707988554e-03
2680	3.2705524570e-03	3.2705528618e-03
2681	3.2703064599e-03	3.2703068518e-03
2682	3.2700604713e-03	3.2700608266e-03
2683	3.2698144914e-03	3.2698147871e-03
2684	3.2695685180e-03	3.2695687341e-03
2685	3.2693225427e-03	3.2693226682e-03
2686	3.2690765565e-03	3.2690765899e-03
2687	3.2688305508e-03	3.2688304994e-03
2688	3.2685845180e-03	3.2685843963e-03
2689	3.2683384524e-03	3.2683382803e-03
2690	3.2680923503e-03	3.2680921506e-03
2691	3.2678462102e-03	3.2678460064e-03
2692	3.2676000333e-03	3.2675998467e-03
2693	3.2673538227e-03	3.2673536708e-03
2694	3.2671075832e-03	3.2671074777e-03
2695	3.2668613204e-03	3.2668612665e-03
2696	3.2666150399e-03	3.2666150368e-03
2697	3.2663687467e-03	3.2663687879e-03
2698	3.2661224449e-03	3.2661225194e-03
2699	3.2658761371e-03	3.2658762312e-03
2700	3.2656298244e-03	3.2656299229e-03
2701	3.2653835063e-03	3.2653835943e-03
2702	3.2651371808e-03	3.2651372453e-03
2703	3.2648908448e-03	3.2648908759e-03
2704	3.2646444942e-03	3.2646444858e-03
2705	3.2643981247e-03	3.2643980753e-03
2706	3.2641517318e-03	3.2641516450e-03
2707	3.2639053114e-03	3.2639051957e-03
2708	3.2636588604e-03	3.2636587282e-03
2709	3.2634123760e-03	3.2634122437e-03
2710	3.2631658566e-03	3.2631657430e-03
2711	3.2629193016e-03	3.2629192266e-03
2712	3.2626727148e-03	3.2626726950e-03
2713	3.2624261037e-03	3.2624261479e-03
2714	3.2621794740e-03	3.2621795849e-03
2715	3.2619328305e-03	3.2619330052e-03
2716	3.2616861764e-03	3.2616864077e-03
2717	3.2614395139e-03	3.2614397911e-03
2718	3.2611928465e-03	3.2611931541e-03
2719	3.2609461758e-03	3.2609464954e-03
2720	3.2606995011e-03	3.2606998135e-03
2721	3.2604528199e-03	3.2604531074e-03
2722	3.2602061288e-03	3.2602063759e-03
2723	3.2599594232e-03	3.2599596182e-03
2724	3.2597126983e-03	3.2597128335e-03
2725	3.2594659495e-03	3.2594660211e-03
2726	3.2592191727e-03	3.2592191806e-03
2727	3.2589723648e-03	3.2589723115e-03
2728	3.2587255238e-03	3.2587254133e-03
2729	3.2584786488e-03	3.2584784857e-03
2730	3.2582317393e-03	3.2582315282e-03
2731	3.2579847888e-03	3.2579845401e-03
2732	3.2577377932e-03	3.2577375207e-03
2733	3.2574907502e-03	3.2574904693e-03
2734	3.2572436592e-03	3.2572433847e-03
2735	3.2569965209e-03	3.2569962660e-03
2736	3.2567493371e-03	3.2567491120e-03
2737	3.2565021101e-03	3.2565019213e-03
2738	3.2562548425e-03	3.2562546928e-03
2739	3.2560075367e-03	3.2560074255e-03
2740	3.2557601945e-03	3.2557601187e-03
2741	3.2555128173e-03	3.2555127718e-03
2742	3.2552654054e-03	3.2552653844e-03
2743	3.2550179587e-03	3.2550179565e-03
2744	3.2547704766e-03	3.2547704882e-03
2745	3.2545229595e-03	3.2545229798e-03
2746	3.2542754069e-03	3.2542754319e-03
2747	3.2540278178e-03	3.2540278449e-03
2748	3.2537801927e-03	3.2537802197e-03
2749	3.2535325317e-03	3.2535325570e-03
2750	3.2532848347e-03	3.2532848572e-03
2751	3.2530371017e-03	3.2530371211e-03
2752	3.2527893326e-03	3.2527893488e-03
2753	3.2525415271e-03	3.2525415406e-03
2754	3.2522936852e-03	3.2522936968e-03
2755	3.2520458071e-03	3.2520458176e-03
2756	3.2517978930e-03	3.2517979029e-03
2757	3.2515499431e-03	3.2515499529e-03
2758	3.2513019580e-03	3.2513019675e-03
2759	3.2510539381e-03	3.2510539466e-03
2760	3.2508058838e-03	3.2508058904e-03
2761	3.2505577957e-03	3.2505577990e-03
2762	3.2503096740e-03	3.2503096727e-03
2763	3.2500615191e-03	3.2500615120e-03
2764	3.2498133310e-03	3.2498133175e-03
2765	3.2495651096e-03	3.2495650895e-03
2766	3.2493168548e-03	3.2493168289e-03
2767	3.2490685661e-03	3.2490685359e-03
2768	3.2488202430e-03	3.2488202109e-03
2769	3.2485718849e-03	3.2485718543e-03
2770	3.2483234911e-03	3.2483234660e-03
2771	3.2480750609e-03	3.2480750459e-03
2772	3.2478265935e-03	3.2478265938e-03
2773	3.2475780881e-03	3.2475781092e-03
2774	3.2473295434e-03	3.2473295918e-03
2775	3.2470809591e-03	3.2470810410e-03
2776	3.2468323400e-03	3.2468324563e-03
2777	3.2465836887e-03	3.2465838372e-03
2778	3.2463350069e-03	3.2463351834e-03
2779	3.2460862964e-03	3.2460864942e-03
2780	3.2458375621e-03	3.2458377695e-03
2781	3.2455888072e-03	3.2455890088e-03
2782	3.2453400323e-03	3.2453402119e-03
2783	3.2450912363e-03	3.2450913786e-03
2784	3.2448424160e-03	3.2448425086e-03
2785	3.2445935671e-03	3.2445936017e-03
2786	3.2443446843e-03	3.2443446578e-03
2787	3.2440957623e-03	3.2440956767e-03
2788	3.2438467958e-03	3.2438466579e-03
2789	3.2435977806e-03	3.2435976013e-03
2790	3.2433487134e-03	3.2433485064e-03
2791	3.2430995924e-03	3.2430993728e-03
2792	3.2428504173e-03	3.2428502000e-03
2793	3.2426011889e-03	3.2426009876e-03
2794	3.2423519091e-03	3.2423517351e-03
2795	3.2421025809e-03	3.2421024420e-03
2796	3.2418532074e-03	3.2418531077e-03
2797	3.2416037920e-03	3.2416037320e-03
2798	3.2413543377e-03	3.2413543145e-03
2799	3.2411048472e-03	3.2411048550e-03
2800	3.2408553221e-03	3.2408553532e-03
2801	3.2406057635e-03	3.2406058091e-03
2802	3.2403561716e-03	3.2403562231e-03
2803	3.2401065456e-03	3.2401065955e-03
2804	3.2398568843e-03	3.2398569269e-03
2805	3.2396071861e-03	3.2396072179e-03
2806	3.2393574490e-03	3.2393574691e-03
2807	3.2391076713e-03	3.2391076812e-03
2808	3.2388578511e-03	3.2388578547e-03
2809	3.2386079871e-03	3.2386079902e-03
2810	3.2383580784e-03	3.2383580884e-03
2811	3.2381081246e-03	3.2381081503e-03
2812	3.2378581255e-03	3.2378581769e-03
2813	3.2376080820e-03	3.2376081689e-03
2814	3.2373579968e-03	3.2373581266e-03
2815	3.2371078728e-03	3.2371080498e-03
2816	3.2368577120e-03	3.2368579377e-03
2817	3.2366075160e-03	3.2366077890e-03
2818	3.2363572859e-03	3.2363576020e-03
2819	3.2361070245e-03	3.2361073747e-03
2820	3.2358567335e-03	3.2358571050e-03
2821	3.2356064131e-03	3.2356067908e-03
2822	3.2353560623e-03	3.2353564299e-03
2823	3.2351056789e-03	3.2351060202e-03
2824	3.2348552599e-03	3.2348555601e-03
2825	3.2346048019e-03	3.2346050477e-03
2826	3.2343542996e-03	3.2343544816e-03
2827	3.2341037440e-03	3.2341038603e-03
2828	3.2338531289e-03	3.2338531823e-03
2829	3.2336024501e-03	3.2336024463e-03
2830	3.2333517052e-03	3.2333516506e-03
2831	3.2331008943e-03	3.2331007936e-03
2832	3.2328500192e-03	3.2328498735e-03
2833	3.2325990834e-03	3.2325988882e-03
2834	3.2323480890e-03	3.2323478355e-03
2835	3.2320970211e-03	3.2320967131e-03
2836	3.2318458666e-03	3.2318455185e-03
2837	3.2315946157e-03	3.2315942494e-03
2838	3.2313432621e-03	3.2313429031e-03
2839	3.2310918035e-03	3.2310914773e-03
2840	3.2308402442e-03	3.2308399700e-03
2841	3.2305885911e-03	3.2305883793e-03
2842	3.2303368509e-03	3.2303367039e-03
2843	3.2300850300e-03	3.2300849424e-03
2844	3.2298331332e-03	3.2298330935e-03
2845	3.2295811634e-03	3.2295811562e-03
2846	3.2293291216e-03	3.2293291294e-03
2847	3.2290770067e-03	3.2290770126e-03
2848	3.2288248158e-03	3.2288248051e-03
2849	3.2285725451e-03	3.2285725068e-03
2850	3.2283201896e-03	3.2283201175e-03
2851	3.2280677447e-03	3.2280676375e-03
2852	3.2278152057e-03	3.2278150672e-03
2853	3.2275625693e-03	3.2275624069e-03
2854	3.2273098337e-03	3.2273096571e-03
2855	3.2270569986e-03	3.2270568185e-03
2856	3.2268040645e-03	3.2268038918e-03
2857	3.2265510334e-03	3.2265508784e-03
2858	3.2262979081e-03	3.2262977798e-03
2859	3.2260446921e-03	3.2260445976e-03
2860	3.2257913892e-03	3.2257913335e-03
2861	3.2255380028e-03	3.2255379888e-03
2862	3.2252845364e-03	3.2252845640e-03
2863	3.2250309922e-03	3.2250310590e-03
2864	3.2247773713e-03	3.2247774730e-03
2865	3.2245236687e-03	3.2245238047e-03
2866	3.2242698800e-03	3.2242700528e-03
2867	3.2240160015e-03	3.2240162158e-03
2868	3.2237620350e-03	3.2237622925e-03
2869	3.2235079826e-03	3.2235082818e-03
2870	3.2232538493e-03	3.2232541829e-03
2871	3.2229996391e-03	3.2229999952e-03
2872	3.2227453549e-03	3.2227457185e-03
2873	3.2224909985e-03	3.2224913525e-03
2874	3.2222365704e-03	3.2222368973e-03
2875	3.2219820699e-03	3.2219823527e-03
2876	3.2217274954e-03	3.2217277185e-03
2877	3.2214728444e-03	3.2214729942e-03
2878	3.2212181142e-03	3.2212181792e-03
2879	3.2209633012e-03	3.2209632726e-03
2880	3.2207084000e-03	3.2207082730e-03
2881	3.2204533988e-03	3.2204531791e-03
2882	3.2201982861e-03	3.2201979893e-03
2883	3.2199430530e-03	3.2199427017e-03
2884	3.2196876932e-03	3.2196873148e-03
2885	3.2194322040e-03	3.2194318267e-03
2886	3.2191765856e-03	3.2191762361e-03
2887	3.2189208407e-03	3.2189205416e-03
2888	3.2186649757e-03	3.2186647423e-03
2889	3.2184089989e-03	3.2184088377e-03
2890	3.2181529179e-03	3.2181528274e-03
2891	3.2178967390e-03	3.2178967111e-03
2892	3.2176404664e-03	3.2176404883e-03
2893	3.2173841023e-03	3.2173841584e-03
2894	3.2171276468e-03	3.2171277207e-03
2895	3.2168710978e-03	3.2168711744e-03
2896	3.2166144518e-03	3.2166145188e-03
2897	3.2163577043e-03	3.2163577531e-03
2898	3.2161008504e-03	3.2161008767e-03
2899	3.2158438855e-03	3.2158438892e-03
2900	3.2155868058e-03	3.2155867904e-03
2901	3.2153296085e-03	3.2153295805e-03
2902	3.2150722923e-03	3.2150722598e-03
2903	3.2148148574e-03	3.2148148291e-03
2904	3.2145573063e-03	3.2145572893e-03
2905	3.2142996423e-03	3.2142996418e-03
2906	3.2140418691e-03	3.2140418876e-03
2907	3.2137839906e-03	3.2137840276e-03
2908	3.2135260103e-03	3.2135260623e-03
2909	3.2132679311e-03	3.2132679918e-03
2910	3.2130097549e-03	3.2130098158e-03
2911	3.2127514828e-03	3.2127515334e-03
2912	3.2124931134e-03	3.2124931436e-03
2913	3.2122346383e-03	3.2122346452e-03
2914	3.2119760508e-03	3.2119760369e-03
2915	3.2117173448e-03	3.2117173176e-03
2916	3.2114585159e-03	3.2114584863e-03
2917	3.2111995616e-03	3.2111995421e-03
2918	3.2109404822e-03	3.2109404842e-03
2919	3.2106812793e-03	3.2106813120e-03
2920	3.2104219588e-03	3.2104220249e-03
2921	3.2101625273e-03	3.2101626226e-03
2922	3.2099029904e-03	3.2099031049e-03
2923	3.2096433525e-03	3.2096434715e-03
2924	3.2093836163e-03	3.2093837223e-03
2925	3.2091237825e-03	3.2091238572e-03
2926	3.2088638501e-03	3.2088638757e-03
2927	3.2086038134e-03	3.2086037774e-03
2928	3.2083436647e-03	3.2083435619e-03
2929	3.2080833971e-03	3.2080832288e-03
2930	3.2078230045e-03	3.2078227774e-03
2931	3.2075624819e-03	3.2075622072e-03
2932	3.2073018263e-03	3.2073015174e-03
2933	3.2070410361e-03	3.2070407075e-03
2934	3.2067801118e-03	3.2067797773e-03
2935	3.2065190553e-03	3.2065187268e-03
2936	3.2062578696e-03	3.2062575564e-03
2937	3.2059965583e-03	3.2059962669e-03
2938	3.2057351254e-03	3.2057348595e-03
2939	3.2054735746e-03	3.2054733356e-03
2940	3.2052119083e-03	3.2052116969e-03
2941	3.2049501260e-03	3.2049499453e-03
2942	3.2046882354e-03	3.2046880825e-03
2943	3.2044262421e-03	3.2044261105e-03
2944	3.2041641489e-03	3.2041640314e-03
2945	3.2039019573e-03	3.2039018471e-03
2946	3.2036396663e-03	3.2036395598e-03
2947	3.2033772753e-03	3.2033771719e-03
2948	3.2031147821e-03	3.2031146857e-03
2949	3.2028521852e-03	3.2028521038e-03
2950	3.2025894847e-03	3.2025894288e-03
2951	3.2023266811e-03	3.2023266632e-03
2952	3.2020637760e-03	3.2020638098e-03
2953	3.2018007713e-03	3.2018008710e-03
2954	3.2015376691e-03	3.2015378488e-03
2955	3.2012744729e-03	3.2012747453e-03
2956	3.2010111973e-03	3.2010115619e-03
2957	3.2007478533e-03	3.2007483001e-03
2958	3.2004844486e-03	3.2004849610e-03
2959	3.2002209868e-03	3.2002215455e-03
2960	3.1999574720e-03	3.1999580544e-03
2961	3.1996939083e-03	3.1996944881e-03
2962	3.1994302957e-03	3.1994308471e-03
2963	3.1991666310e-03	3.1991671315e-03
2964	3.1989029082e-03	3.1989033414e-03
2965	3.1986391205e-03	3.1986394766e-03
2966	3.1983752602e-03	3.1983755364e-03
2967	3.1981113205e-03	3.1981115196e-03
2968	3.1978472958e-03	3.1978474250e-03
2969	3.1975831821e-03	3.1975832510e-03
2970	3.1973189775e-03	3.1973189963e-03
2971	3.1970546812e-03	3.1970546592e-03
2972	3.1967902904e-03	3.1967902380e-03
2973	3.1965258048e-03	3.1965257312e-03
2974	3.1962612253e-03	3.1962611369e-03
2975	3.1959965537e-03	3.1959964534e-03
2976	3.1957317895e-03	3.1957316792e-03
2977	3.1954669323e-03	3.1954668124e-03
2978	3.1952019828e-03	3.1952018516e-03
2979	3.1949369410e-03	3.1949367950e-03
2980	3.1946718058e-03	3.1946716409e-03
2981	3.1944065751e-03	3.1944063878e-03
2982	3.1941412460e-03	3.1941410341e-03
2983	3.1938758148e-03	3.1938755789e-03
2984	3.1936102774e-03	3.1936100211e-03
2985	3.1933446297e-03	3.1933443600e-03
2986	3.1930788678e-03	3.1930785951e-03
2987	3.1928129884e-03	3.1928127260e-03
2988	3.1925469890e-03	3.1925467527e-03
2989	3.1922808680e-03	3.1922806751e-03
2990	3.1920146246e-03	3.1920144933e-03
2991	3.1917482655e-03	3.1917482074e-03
2992	3.1914818018e-03	3.1914818177e-03
2993	3.1912152407e-03	3.1912153245e-03
2994	3.1909485853e-03	3.1909487281e-03
2995	3.1906818394e-03	3.1906820286e-03
2996	3.1904150072e-03	3.1904152263e-03
2997	3.1901480898e-03	3.1901483210e-03
2998	3.1898810865e-03	3.1898813128e-03
2999	3.1896139945e-03	3.1896142006e-03
3000	3.1893468097e-03	3.1893469834e-03
3001	3.1890795273e-03	3.1890796598e-03
3002	3.1888121425e-03	3.1888122288e-03
3003	3.1885446505e-03	3.1885446891e-03
3004	3.1882770478e-03	3.1882770403e-03
3005	3.1880093318e-03	3.1880092824e-03
3006	3.1877415012e-03	3.1877414159e-03
3007	3.1874735561e-03	3.1874734415e-03
3008	3.1872054974e-03	3.1872053601e-03
3009	3.1869373271e-03	3.1869371728e-03
3010	3.1866690475e-03	3.1866688804e-03
3011	3.1864006610e-03	3.1864004835e-03
3012	3.1861321697e-03	3.1861319824e-03
3013	3.1858635753e-03	3.1858633772e-03
3014	3.1855948787e-03	3.1855946675e-03
3015	3.1853260798e-03	3.1853258526e-03
3016	3.1850571757e-03	3.1850569318e-03
3017	3.1847881590e-03	3.1847879043e-03
3018	3.1845190237e-03	3.1845187699e-03
3019	3.1842497653e-03	3.1842495285e-03
3020	3.1839803810e-03	3.1839801805e-03
3021	3.1837108689e-03	3.1837107267e-03
3022	3.1834412292e-03	3.1834411683e-03
3023	3.1831714667e-03	3.1831715067e-03
3024	3.1829016020e-03	3.1829017435e-03
3025	3.1826316512e-03	3.1826318804e-03
3026	3.1823616272e-03	3.1823619190e-03
3027	3.1820915393e-03	3.1820918608e-03
3028	3.1818213913e-03	3.1818217070e-03
3029	3.1815511747e-03	3.1815514586e-03
3030	3.1812808798e-03	3.1812811162e-03
3031	3.1810104964e-03	3.1810106802e-03
3032	3.1807400153e-03	3.1807401508e-03
3033	3.1804694291e-03	3.1804695279e-03
3034	3.1801987331e-03	3.1801988114e-03
3035	3.1799279255e-03	3.1799280008e-03
3036	3.1796570077e-03	3.1796570949e-03
3037	3.1793859831e-03	3.1793860929e-03
3038	3.1791148571e-03	3.1791149936e-03
3039	3.1788436358e-03	3.1788437961e-03
3040	3.1785723252e-03	3.1785724997e-03
3041	3.1783009307e-03	3.1783011039e-03
3042	3.1780294559e-03	3.1780296069e-03
3043	3.1777579017e-03	3.1777580061e-03
3044	3.1774862645e-03	3.1774862985e-03
3045	3.1772145395e-03	3.1772144814e-03
3046	3.1769427210e-03	3.1769425525e-03
3047	3.1766708026e-03	3.1766705104e-03
3048	3.1763987782e-03	3.1763983544e-03
3049	3.1761266421e-03	3.1761260853e-03
3050	3.1758543896e-03	3.1758537049e-03
3051	3.1755820175e-03	3.1755812167e-03
3052	3.1753095235e-03	3.1753086250e-03
3053	3.1750369070e-03	3.1750359348e-03
3054	3.1747641683e-03	3.1747631514e-03
3055	3.1744913088e-03	3.1744902801e-03
3056	3.1742183301e-03	3.1742173256e-03
3057	3.1739452342e-03	3.1739442922e-03
3058	3.1736720229e-03	3.1736711835e-03
3059	3.1733986981e-03	3.1733980029e-03
3060	3.1731252708e-03	3.1731247532e-03
3061	3.1728517568e-03	3.1728514373e-03
3062	3.1725781666e-03	3.1725780581e-03
3063	3.1723045070e-03	3.1723046186e-03
3064	3.1720307804e-03	3.1720311223e-03
3065	3.1717569857e-03	3.1717575732e-03
3066	3.1714831227e-03	3.1714839761e-03
3067	3.1712092421e-03	3.1712103361e-03
3068	3.1709353822e-03	3.1709366587e-03
3069	3.1706615680e-03	3.1706629495e-03
3070	3.1703878129e-03	3.1703892138e-03
3071	3.1701141180e-03	3.1701154565e-03
3072	3.1698404738e-03	3.1698416824e-03
3073	3.1695668631e-03	3.1695678957e-03
3074	3.1692932643e-03	3.1692940998e-03
3075	3.1690196552e-03	3.1690202970e-03
3076	3.1687460155e-03	3.1687464887e-03
3077	3.1684723294e-03	3.1684726751e-03
3078	3.1681985868e-03	3.1681988553e-03
3079	3.1679247841e-03	3.1679250276e-03
3080	3.1676509234e-03	3.1676511895e-03
3081	3.1673770118e-03	3.1673773378e-03
3082	3.1671030594e-03	3.1671034685e-03
3083	3.1668290774e-03	3.1668295771e-03
3084	3.1665550762e-03	3.1665556585e-03
3085	3.1662810641e-03	3.1662817069e-03
3086	3.1660070452e-03	3.1660077166e-03
3087	3.1657330198e-03	3.1657336815e-03
3088	3.1654589874e-03	3.1654595956e-03
3089	3.1651849406e-03	3.1651854524e-03
3090	3.1649108625e-03	3.1649112452e-03
3091	3.1646367347e-03	3.1646369666e-03
3092	3.1643625391e-03	3.1643626087e-03
3093	3.1640882596e-03	3.1640881642e-03
3094	3.1638138832e-03	3.1638136269e-03
3095	3.1635394007e-03	3.1635389920e-03
3096	3.1632648029e-03	3.1632642552e-03
3097	3.1629900685e-03	3.1629894134e-03
3098	3.1627151867e-03	3.1627144639e-03
3099	3.1624401530e-03	3.1624394046e-03
3100	3.1621649676e-03	3.1621642329e-03
3101	3.1618896349e-03	3.1618889462e-03
3102	3.1616141612e-03	3.1616135410e-03
3103	3.1613385500e-03	3.1613380128e-03
3104	3.1610628048e-03	3.1610623563e-03
3105	3.1607869283e-03	3.1607865660e-03
3106	3.1605109215e-03	3.1605106371e-03
3107	3.1602347840e-03	3.1602345657e-03
3108	3.1599585134e-03	3.1599583483e-03
3109	3.1596821062e-03	3.1596819824e-03
3110	3.1594055574e-03	3.1594054663e-03
3111	3.1591288619e-03	3.1591287989e-03
3112	3.1588520145e-03	3.1588519795e-03
3113	3.1585750109e-03	3.1585750079e-03
3114	3.1582978480e-03	3.1582978843e-03
3115	3.1580205245e-03	3.1580206088e-03
3116	3.1577430405e-03	3.1577431812e-03
3117	3.1574654025e-03	3.1574656011e-03
3118	3.1571876251e-03	3.1571878674e-03
3119	3.1569097159e-03	3.1569099789e-03
3120	3.1566316721e-03	3.1566319338e-03
3121	3.1563534924e-03	3.1563537305e-03
3122	3.1560751698e-03	3.1560753668e-03
3123	3.1557966842e-03	3.1557968401e-03
3124	3.1555180227e-03	3.1555181466e-03
3125	3.1552391757e-03	3.1552392822e-03
3126	3.1549601376e-03	3.1549602425e-03
3127	3.1546809106e-03	3.1546810233e-03
3128	3.1544015158e-03	3.1544016211e-03
3129	3.1541219709e-03	3.1541220331e-03
3130	3.1538422867e-03	3.1538422571e-03
3131	3.1535624443e-03	3.1535622917e-03
3132	3.1532824285e-03	3.1532821361e-03
3133	3.1530022268e-03	3.1530017900e-03
3134	3.1527218287e-03	3.1527212537e-03
3135	3.1524412246e-03	3.1524405274e-03
3136	3.1521604056e-03	3.1521596115e-03
3137	3.1518793655e-03	3.1518785062e-03
3138	3.1515981017e-03	3.1515972117e-03
3139	3.1513166140e-03	3.1513157281e-03
3140	3.1510349044e-03	3.1510340552e-03
3141	3.1507529769e-03	3.1507521929e-03
3142	3.1504708361e-03	3.1504701414e-03
3143	3.1501884873e-03	3.1501879010e-03
3144	3.1499059349e-03	3.1499054728e-03
3145	3.1496231829e-03	3.1496228589e-03
3146	3.1493402337e-03	3.1493400615e-03
3147	3.1490570887e-03	3.1490570835e-03
3148	3.1487737529e-03	3.1487739281e-03
3149	3.1484902543e-03	3.1484905983e-03
3150	3.1482066134e-03	3.1482070968e-03
3151	3.1479228439e-03	3.1479234261e-03
3152	3.1476389532e-03	3.1476395885e-03
3153	3.1473549429e-03	3.1473555861e-03
3154	3.1470708089e-03	3.1470714213e-03
3155	3.1467865435e-03	3.1467870971e-03
3156	3.1465021372e-03	3.1465026168e-03
3157	3.1462175804e-03	3.1462179829e-03
3158	3.1459328647e-03	3.1459331976e-03
3159	3.1456479841e-03	3.1456482624e-03
3160	3.1453629353e-03	3.1453631784e-03
3161	3.1450777183e-03	3.1450779462e-03
3162	3.1447923359e-03	3.1447925659e-03
3163	3.1445067931e-03	3.1445070373e-03
3164	3.1442210957e-03	3.1442213596e-03
3165	3.1439352503e-03	3.1439355319e-03
3166	3.1436492628e-03	3.1436495529e-03
3167	3.1433631373e-03	3.1433634213e-03
3168	3.1430768754e-03	3.1430771352e-03
3169	3.1427904762e-03	3.1427906929e-03
3170	3.1425039362e-03	3.1425040923e-03
3171	3.1422172494e-03	3.1422173302e-03
3172	3.1419304064e-03	3.1419304032e-03
3173	3.1416433975e-03	3.1416433073e-03
3174	3.1413562135e-03	3.1413560384e-03
3175	3.1410688469e-03	3.1410685937e-03
3176	3.1407812920e-03	3.1407809712e-03
3177	3.1404935452e-03	3.1404931700e-03
3178	3.1402056056e-03	3.1402051903e-03
3179	3.1399174738e-03	3.1399170331e-03
3180	3.1396291521e-03	3.1396286998e-03
3181	3.1393406439e-03	3.1393401922e-03
3182	3.1390519526e-03	3.1390515119e-03
3183	3.1387630819e-03	3.1387626604e-03
3184	3.1384740343e-03	3.1384736387e-03
3185	3.1381848119e-03	3.1381844475e-03
3186	3.1378954154e-03	3.1378950868e-03
3187	3.1376058446e-03	3.1376055564e-03
3188	3.1373160982e-03	3.1373158559e-03
3189	3.1370261746e-03	3.1370259847e-03
3190	3.1367360717e-03	3.1367359422e-03
3191	3.1364457876e-03	3.1364457285e-03
3192	3.1361553207e-03	3.1361553436e-03
3193	3.1358646702e-03	3.1358647882e-03
3194	3.1355738357e-03	3.1355740633e-03
3195	3.1352828220e-03	3.1352831705e-03
3196	3.1349916545e-03	3.1349921114e-03
3197	3.1347003521e-03	3.1347008880e-03
3198	3.1344089295e-03	3.1344095024e-03
3199	3.1341173957e-03	3.1341179564e-03
3200	3.1338257524e-03	3.1338262519e-03
3201	3.1335339943e-03	3.1335343904e-03
3202	3.1332421107e-03	3.1332423730e-03
3203	3.1329500874e-03	3.1329502006e-03
3204	3.1326579088e-03	3.1326578737e-03
3205	3.1323655601e-03	3.1323653922e-03
3206	3.1320730290e-03	3.1320727556e-03
3207	3.1317803073e-03	3.1317799633e-03
3208	3.1314873910e-03	3.1314870145e-03
3209	3.1311942813e-03	3.1311939088e-03
3210	3.1309009832e-03	3.1309006461e-03
3211	3.1306075049e-03	3.1306072263e-03
3212	3.1303138565e-03	3.1303136500e-03
3213	3.1300200488e-03	3.1300199178e-03
3214	3.1297260914e-03	3.1297260305e-03
3215	3.1294319921e-03	3.1294319889e-03
3216	3.1291377560e-03	3.1291377939e-03
3217	3.1288433852e-03	3.1288434460e-03
3218	3.1285488794e-03	3.1285489456e-03
3219	3.1282542379e-03	3.1282542928e-03
3220	3.1279594571e-03	3.1279594872e-03
3221	3.1276645318e-03	3.1276645285e-03
3222	3.1273694558e-03	3.1273694167e-03
3223	3.1270742230e-03	3.1270741524e-03
3224	3.1267788281e-03	3.1267787365e-03
3225	3.1264832672e-03	3.1264831708e-03
3226	3.1261875381e-03	3.1261874568e-03
3227	3.1258916402e-03	3.1258915968e-03
3228	3.1255955748e-03	3.1255955925e-03
3229	3.1252993469e-03	3.1252994455e-03
3230	3.1250029751e-03	3.1250031570e-03
3231	3.1247064729e-03	3.1247067279e-03
3232	3.1244098508e-03	3.1244101587e-03
3233	3.1241131150e-03	3.1241134496e-03
3234	3.1238162674e-03	3.1238166004e-03
3235	3.1235193059e-03	3.1235196109e-03
3236	3.1232222254e-03	3.1232224806e-03
3237	3.1229250182e-03	3.1229252091e-03
3238	3.1226276763e-03	3.1226277962e-03
3239	3.1223301918e-03	3.1223302415e-03
3240	3.1220325575e-03	3.1220325449e-03
3241	3.1217347682e-03	3.1217347065e-03
3242	3.1214368208e-03	3.1214367264e-03
3243	3.1211387145e-03	3.1211386047e-03
3244	3.1208404506e-03	3.1208403413e-03
3245	3.1205420317e-03	3.1205419365e-03
3246	3.1202434615e-03	3.1202433902e-03
3247	3.1199447440e-03	3.1199447023e-03
3248	3.1196458827e-03	3.1196458725e-03
3249	3.1193468804e-03	3.1193469003e-03
3250	3.1190477385e-03	3.1190477849e-03
3251	3.1187484569e-03	3.1187485255e-03
3252	3.1184490349e-03	3.1184491210e-03
3253	3.1181494754e-03	3.1181495704e-03
3254	3.1178497790e-03	3.1178498731e-03
3255	3.1175499444e-03	3.1175500288e-03
3256	3.1172499689e-03	3.1172500379e-03
3257	3.1169498487e-03	3.1169499007e-03
3258	3.1166495804e-03	3.1166496179e-03
3259	3.1163491607e-03	3.1163491896e-03
3260	3.1160485866e-03	3.1160486157e-03
3261	3.1157478556e-03	3.1157478955e-03
3262	3.1154469663e-03	3.1154470279e-03
3263	3.1151459182e-03	3.1151460112e-03
3264	3.1148447118e-03	3.1148448436e-03
3265	3.1145433482e-03	3.1145435227e-03
3266	3.1142418293e-03	3.1142420463e-03
3267	3.1139401570e-03	3.1139404119e-03
3268	3.1136383334e-03	3.1136386175e-03
3269	3.1133363601e-03	3.1133366608e-03
3270	3.1130342382e-03	3.1130345400e-03
3271	3.1127319683e-03	3.1127322531e-03
3272	3.1124295504e-03	3.1124297980e-03
3273	3.1121269837e-03	3.1121271727e-03
3274	3.1118242669e-03	3.1118243756e-03
3275	3.1115213986e-03	3.1115214046e-03
3276	3.1112183769e-03	3.1112182572e-03
3277	3.1109152009e-03	3.1109149308e-03
3278	3.1106118574e-03	3.1106114228e-03
3279	3.1103083266e-03	3.1103077313e-03
3280	3.1100045859e-03	3.1100038549e-03
3281	3.1097006215e-03	3.1096997929e-03
3282	3.1093964270e-03	3.1093955450e-03
3283	3.1090920034e-03	3.1090911112e-03
3284	3.1087873577e-03	3.1087864919e-03
3285	3.1084825012e-03	3.1084816878e-03
3286	3.1081774479e-03	3.1081766999e-03
3287	3.1078722116e-03	3.1078715302e-03
3288	3.1075668046e-03	3.1075661812e-03
3289	3.1072612362e-03	3.1072606560e-03
3290	3.1069555118e-03	3.1069549584e-03
3291	3.1066496323e-03	3.1066490927e-03
3292	3.1063435952e-03	3.1063430636e-03
3293	3.1060373948e-03	3.1060368761e-03
3294	3.1057310236e-03	3.1057305352e-03
3295	3.1054244780e-03	3.1054240464e-03
3296	3.1051177644e-03	3.1051174148e-03
3297	3.1048108867e-03	3.1048106459e-03
3298	3.1045038479e-03	3.1045037451e-03
3299	3.1041966506e-03	3.1041967179e-03
3300	3.1038893112e-03	3.1038895696e-03
3301	3.1035818607e-03	3.1035823062e-03
3302	3.1032743219e-03	3.1032749332e-03
3303	3.1029667086e-03	3.1029674566e-03
3304	3.1026590262e-03	3.1026598820e-03
3305	3.1023512772e-03	3.1023522145e-03
3306	3.1020434635e-03	3.1020444581e-03
3307	3.1017355830e-03	3.1017366163e-03
3308	3.1014276438e-03	3.1014286916e-03
3309	3.1011196567e-03	3.1011206862e-03
3310	3.1008116254e-03	3.1008126013e-03
3311	3.1005035480e-03	3.1005044366e-03
3312	3.1001954183e-03	3.1001961910e-03
3313	3.0998872272e-03	3.0998878628e-03
3314	3.0995789641e-03	3.0995794505e-03
3315	3.0992706175e-03	3.0992709527e-03
3316	3.0989621780e-03	3.0989623686e-03
3317	3.0986536385e-03	3.0986536976e-03
3318	3.0983449954e-03	3.0983449398e-03
3319	3.0980362475e-03	3.0980360951e-03
3320	3.0977273963e-03	3.0977271635e-03
3321	3.0974184445e-03	3.0974181450e-03
3322	3.0971093955e-03	3.0971090395e-03
3323	3.0968002522e-03	3.0967998467e-03
3324	3.0964910161e-03	3.0964905656e-03
3325	3.0961816869e-03	3.0961811945e-03
3326	3.0958722620e-03	3.0958717309e-03
3327	3.0955627368e-03	3.0955621726e-03
3328	3.0952531061e-03	3.0952525175e-03
3329	3.0949433629e-03	3.0949427638e-03
3330	3.0946334994e-03	3.0946329101e-03
3331	3.0943235077e-03	3.0943229558e-03
3332	3.0940133804e-03	3.0940129004e-03
3333	3.0937031111e-03	3.0937027447e-03
3334	3.0933926948e-03	3.0933924897e-03
3335	3.0930821360e-03	3.0930821380e-03
3336	3.0927714813e-03	3.0927716923e-03
3337	3.0924607633e-03	3.0924611562e-03
3338	3.0921500059e-03	3.0921505329e-03
3339	3.0918392231e-03	3.0918398255e-03
3340	3.0915284188e-03	3.0915290367e-03
3341	3.0912175882e-03	3.0912181684e-03
3342	3.0909067199e-03	3.0909072220e-03
3343	3.0905957982e-03	3.0905961984e-03
3344	3.0902848062e-03	3.0902850978e-03
3345	3.0899737273e-03	3.0899739199e-03
3346	3.0896625431e-03	3.0896626642e-03
3347	3.0893512404e-03	3.0893513302e-03
3348	3.0890398127e-03	3.0890399172e-03
3349	3.0887282597e-03	3.0887284245e-03
3350	3.0884165925e-03	3.0884168517e-03
3351	3.0881048346e-03	3.0881051980e-03
3352	3.0877930070e-03	3.0877934631e-03
3353	3.0874811263e-03	3.0874816460e-03
3354	3.0871692033e-03	3.0871697457e-03
3355	3.0868572415e-03	3.0868577608e-03
3356	3.0865452371e-03	3.0865456893e-03
3357	3.0862331804e-03	3.0862335286e-03
3358	3.0859210565e-03	3.0859212755e-03
3359	3.0856088482e-03	3.0856089259e-03
3360	3.0852965374e-03	3.0852964750e-03
3361	3.0849841078e-03	3.0849839177e-03
3362	3.0846715464e-03	3.0846712498e-03
3363	3.0843588443e-03	3.0843584682e-03
3364	3.0840459971e-03	3.0840455705e-03
3365	3.0837330045e-03	3.0837325552e-03
3366	3.0834198675e-03	3.0834194216e-03
3367	3.0831065898e-03	3.0831061689e-03
3368	3.0827931769e-03	3.0827927968e-03
3369	3.0824796353e-03	3.0824793047e-03
3370	3.0821659709e-03	3.0821656919e-03
3371	3.0818521883e-03	3.0818519573e-03
3372	3.0815382903e-03	3.0815380993e-03
3373	3.0812242774e-03	3.0812241160e-03
3374	3.0809101477e-03	3.0809100048e-03
3375	3.0805958978e-03	3.0805957634e-03
3376	3.0802815229e-03	3.0802813892e-03
3377	3.0799670179e-03	3.0799668808e-03
3378	3.0796523776e-03	3.0796522372e-03
3379	3.0793375983e-03	3.0793374583e-03
3380	3.0790226774e-03	3.0790225453e-03
3381	3.0787076139e-03	3.0787075004e-03
3382	3.0783924084e-03	3.0783923265e-03
3383	3.0780770638e-03	3.0780770264e-03
3384	3.0777615859e-03	3.0777616026e-03
3385	3.0774459804e-03	3.0774460568e-03
3386	3.0771302524e-03	3.0771303897e-03
3387	3.0768144061e-03	3.0768146010e-03
3388	3.0764984438e-03	3.0764986893e-03
3389	3.0761823658e-03	3.0761826527e-03
3390	3.0758661712e-03	3.0758664885e-03
3391	3.0755498580e-03	3.0755501943e-03
3392	3.0752334238e-03	3.0752337673e-03
3393	3.0749168658e-03	3.0749172052e-03
3394	3.0746001816e-03	3.0746005062e-03
3395	3.0742833691e-03	3.0742836691e-03
3396	3.0739664268e-03	3.0739666931e-03
3397	3.0736493543e-03	3.0736495781e-03
3398	3.0733321517e-03	3.0733323241e-03
3399	3.0730148195e-03	3.0730149314e-03
3400	3.0726973589e-03	3.0726974004e-03
3401	3.0723797708e-03	3.0723797309e-03
3402	3.0720620562e-03	3.0720619228e-03
3403	3.0717442155e-03	3.0717439753e-03
3404	3.0714262476e-03	3.0714258872e-03
3405	3.0711081317e-03	3.0711076572e-03
3406	3.0707898420e-03	3.0707892832e-03
3407	3.0704713603e-03	3.0704707634e-03
3408	3.0701526769e-03	3.0701520956e-03
3409	3.0698337907e-03	3.0698332778e-03
3410	3.0695147084e-03	3.0695143084e-03
3411	3.0691954428e-03	3.0691951860e-03
3412	3.0688760106e-03	3.0688759099e-03
3413	3.0685564291e-03	3.0685564794e-03
3414	3.0682367146e-03	3.0682368946e-03
3415	3.0679168795e-03	3.0679171552e-03
3416	3.0675969313e-03	3.0675972615e-03
3417	3.0672768719e-03	3.0672772153e-03
3418	3.0669566979e-03	3.0669570193e-03
3419	3.0666364016e-03	3.0666366770e-03
3420	3.0663159721e-03	3.0663161914e-03
3421	3.0659953973e-03	3.0659955647e-03
3422	3.0656746653e-03	3.0656747978e-03
3423	3.0653537661e-03	3.0653538902e-03
3424	3.0650326928e-03	3.0650328399e-03
3425	3.0647114419e-03	3.0647116441e-03
3426	3.0643900134e-03	3.0643902987e-03
3427	3.0640684107e-03	3.0640687995e-03
3428	3.0637466394e-03	3.0637471423e-03
3429	3.0634247064e-03	3.0634253230e-03
3430	3.0631026191e-03	3.0631033384e-03
3431	3.0627803844e-03	3.0627811850e-03
3432	3.0624580086e-03	3.0624588596e-03
3433	3.0621354954e-03	3.0621363585e-03
3434	3.0618128455e-03	3.0618136779e-03
3435	3.0614900567e-03	3.0614908137e-03
3436	3.0611671247e-03	3.0611677619e-03
3437	3.0608440435e-03	3.0608445178e-03
3438	3.0605208067e-03	3.0605210771e-03
3439	3.0601974104e-03	3.0601974348e-03
3440	3.0598738516e-03	3.0598735864e-03
3441	3.0595501248e-03	3.0595495268e-03
3442	3.0592261744e-03	3.0592252516e-03
3443	3.0589019415e-03	3.0589007560e-03
3444	3.0585773852e-03	3.0585760358e-03
3445	3.0582524844e-03	3.0582510875e-03
3446	3.0579272373e-03	3.0579259087e-03
3447	3.0576016594e-03	3.0576004976e-03
3448	3.0572757776e-03	3.0572748526e-03
3449	3.0569496215e-03	3.0569489725e-03
3450	3.0566232251e-03	3.0566228557e-03
3451	3.0562966180e-03	3.0562965003e-03
3452	3.0559698217e-03	3.0559699043e-03
3453	3.0556428469e-03	3.0556430651e-03
3454	3.0553156936e-03	3.0553159803e-03
3455	3.0549883515e-03	3.0549886470e-03
3456	3.0546608030e-03	3.0546610627e-03
3457	3.0543330265e-03	3.0543332248e-03
3458	3.0540049998e-03	3.0540051316e-03
3459	3.0536767036e-03	3.0536767815e-03
3460	3.0533481239e-03	3.0533481741e-03
3461	3.0530192539e-03	3.0530193093e-03
3462	3.0526900947e-03	3.0526901879e-03
3463	3.0523606544e-03	3.0523608109e-03
3464	3.0520309471e-03	3.0520311801e-03
3465	3.0517009904e-03	3.0517012976e-03
3466	3.0513708034e-03	3.0513711656e-03
3467	3.0510404054e-03	3.0510407867e-03
3468	3.0507098119e-03	3.0507101620e-03
3469	3.0503790323e-03	3.0503792904e-03
3470	3.0500480481e-03	3.0500481694e-03
3471	3.0497168297e-03	3.0497167951e-03
3472	3.0493853502e-03	3.0493851629e-03
3473	3.0490535870e-03	3.0490532683e-03
3474	3.0487215236e-03	3.0487211069e-03
3475	3.0483891503e-03	3.0483886754e-03
3476	3.0480564643e-03	3.0480559714e-03
3477	3.0477234688e-03	3.0477229937e-03
3478	3.0473901717e-03	3.0473897422e-03
3479	3.0470565833e-03	3.0470562177e-03
3480	3.0467227154e-03	3.0467224216e-03
3481	3.0463885818e-03	3.0463883556e-03
3482	3.0460541930e-03	3.0460540212e-03
3483	3.0457195549e-03	3.0457194193e-03
3484	3.0453846679e-03	3.0453845498e-03
3485	3.0450495291e-03	3.0450494112e-03
3486	3.0447141324e-03	3.0447140018e-03
3487	3.0443784702e-03	3.0443783194e-03
3488	3.0440425343e-03	3.0440423620e-03
3489	3.0437063181e-03	3.0437061283e-03
3490	3.0433698170e-03	3.0433696178e-03
3491	3.0430330315e-03	3.0430328312e-03
3492	3.0426959642e-03	3.0426957704e-03
3493	3.0423586203e-03	3.0423584384e-03
3494	3.0420210064e-03	3.0420208397e-03
3495	3.0416831298e-03	3.0416829795e-03
3496	3.0413449979e-03	3.0413448631e-03
3497	3.0410066169e-03	3.0410064950e-03
3498	3.0406679913e-03	3.0406678790e-03
3499	3.0403291236e-03	3.0403290177e-03
3500	3.0399900144e-03	3.0399899129e-03
3501	3.0396506620e-03	3.0396505657e-03
3502	3.0393110633e-03	3.0393109767e-03
3503	3.0389712143e-03	3.0389711463e-03
3504	3.0386311106e-03	3.0386310747e-03
3505	3.0382907477e-03	3.0382907628e-03
3506	3.0379501222e-03	3.0379502113e-03
3507	3.0376092314e-03	3.0376094220e-03
3508	3.0372680789e-03	3.0372683967e-03
3509	3.0369266948e-03	3.0369271380e-03
3510	3.0365851011e-03	3.0365856482e-03
3511	3.0362433139e-03	3.0362439300e-03
3512	3.0359013425e-03	3.0359019854e-03
3513	3.0355591897e-03	3.0355598171e-03
3514	3.0352168516e-03	3.0352174275e-03
3515	3.0348743202e-03	3.0348748180e-03
3516	3.0345315842e-03	3.0345319896e-03
3517	3.0341886318e-03	3.0341889418e-03
3518	3.0338454515e-03	3.0338456732e-03
3519	3.0335020287e-03	3.0335021814e-03
3520	3.0331583528e-03	3.0331584633e-03
3521	3.0328144186e-03	3.0328145153e-03
3522	3.0324702257e-03	3.0324703337e-03
3523	3.0321257781e-03	3.0321259164e-03
3524	3.0317810828e-03	3.0317812619e-03
3525	3.0314361484e-03	3.0314363697e-03
3526	3.0310909830e-03	3.0310912394e-03
3527	3.0307455934e-03	3.0307458705e-03
3528	3.0303999835e-03	3.0304002618e-03
3529	3.0300541540e-03	3.0300544114e-03
3530	3.0297081024e-03	3.0297083167e-03
3531	3.0293618233e-03	3.0293619738e-03
3532	3.0290153095e-03	3.0290153782e-03
3533	3.0286685518e-03	3.0286685247e-03
3534	3.0283215401e-03	3.0283214078e-03
3535	3.0279742659e-03	3.0279740227e-03
3536	3.0276267233e-03	3.0276263657e-03
3537	3.0272789057e-03	3.0272784338e-03
3538	3.0269307819e-03	3.0269302254e-03
3539	3.0265823327e-03	3.0265817392e-03
3540	3.0262335508e-03	3.0262329746e-03
3541	3.0258844404e-03	3.0258839312e-03
3542	3.0255350163e-03	3.0255346085e-03
3543	3.0251853002e-03	3.0251850067e-03
3544	3.0248353178e-03	3.0248351255e-03
3545	3.0244850950e-03	3.0244849648e-03
3546	3.0241346543e-03	3.0241345241e-03
3547	3.0237840075e-03	3.0237838022e-03
3548	3.0234331188e-03	3.0234327967e-03
3549	3.0230819557e-03	3.0230815046e-03
3550	3.0227304910e-03	3.0227299234e-03
3551	3.0223787058e-03	3.0223780518e-03
3552	3.0220265908e-03	3.0220258896e-03
3553	3.0216741462e-03	3.0216734387e-03
3554	3.0213213808e-03	3.0213207027e-03
3555	3.0209683091e-03	3.0209676867e-03
3556	3.0206149497e-03	3.0206143971e-03
3557	3.0202613218e-03	3.0202608412e-03
3558	3.0199074425e-03	3.0199070267e-03
3559	3.0195533256e-03	3.0195529611e-03
3560	3.0191989795e-03	3.0191986515e-03
3561	3.0188444076e-03	3.0188441045e-03
3562	3.0184896082e-03	3.0184893260e-03
3563	3.0181345761e-03	3.0181343211e-03
3564	3.0177793041e-03	3.0177790938e-03
3565	3.0174237958e-03	3.0174236468e-03
3566	3.0170680538e-03	3.0170679826e-03
3567	3.0167120743e-03	3.0167121031e-03
3568	3.0163558546e-03	3.0163560112e-03
3569	3.0159993930e-03	3.0159997102e-03
3570	3.0156426892e-03	3.0156432049e-03
3571	3.0152857446e-03	3.0152865009e-03
3572	3.0149285909e-03	3.0149296050e-03
3573	3.0145712837e-03	3.0145725244e-03
3574	3.0142138650e-03	3.0142152653e-03
3575	3.0138563602e-03	3.0138578321e-03
3576	3.0134987787e-03	3.0135002279e-03
3577	3.0131411129e-03	3.0131424540e-03
3578	3.0127833427e-03	3.0127845103e-03
3579	3.0124254398e-03	3.0124263951e-03
3580	3.0120673727e-03	3.0120681062e-03
3581	3.0117091120e-03	3.0117096405e-03
3582	3.0113506339e-03	3.0113509947e-03
3583	3.0109919228e-03	3.0109921656e-03
3584	3.0106329725e-03	3.0106331499e-03
3585	3.0102737856e-03	3.0102739448e-03
3586	3.0099143718e-03	3.0099145473e-03
3587	3.0095547447e-03	3.0095549547e-03
3588	3.0091949197e-03	3.0091951639e-03
3589	3.0088349099e-03	3.0088351715e-03
3590	3.0084747246e-03	3.0084749722e-03
3591	3.0081143670e-03	3.0081145593e-03
3592	3.0077538341e-03	3.0077539255e-03
3593	3.0073931163e-03	3.0073930629e-03
3594	3.0070321957e-03	3.0070319640e-03
3595	3.0066710478e-03	3.0066706216e-03
3596	3.0063096495e-03	3.0063090295e-03
3597	3.0059479811e-03	3.0059471824e-03
3598	3.0055860277e-03	3.0055850766e-03
3599	3.0052237799e-03	3.0052227111e-03
3600	3.0048612316e-03	3.0048600869e-03
3601	3.0044983834e-03	3.0044972063e-03
3602	3.0041352411e-03	3.0041340727e-03
3603	3.0037718142e-03	3.0037706897e-03
3604	3.0034081136e-03	3.0034070606e-03
3605	3.0030441500e-03	3.0030431878e-03
3606	3.0026799323e-03	3.0026790731e-03
3607	3.0023154662e-03	3.0023147175e-03
3608	3.0019507537e-03	3.0019501214e-03
3609	3.0015857933e-03	3.0015852850e-03
3610	3.0012205808e-03	3.0012202084e-03
3611	3.0008551096e-03	3.0008548924e-03
3612	3.0004893727e-03	3.0004893386e-03
3613	3.0001233632e-03	3.0001235492e-03
3614	2.9997570776e-03	2.9997575276e-03
3615	2.9993905603e-03	2.9993912780e-03
3616	2.9990238617e-03	2.9990248051e-03
3617	2.9986570188e-03	2.9986581141e-03
3618	2.9982900531e-03	2.9982912101e-03
3619	2.9979229700e-03	2.9979240980e-03
3620	2.9975557609e-03	2.9975567820e-03
3621	2.9971884068e-03	2.9971892651e-03
3622	2.9968208824e-03	2.9968215491e-03
3623	2.9964531611e-03	2.9964536348e-03
3624	2.9960852193e-03	2.9960855223e-03
3625	2.9957170393e-03	2.9957172110e-03
3626	2.9953486116e-03	2.9953486999e-03
3627	2.9949799353e-03	2.9949799878e-03
3628	2.9946110169e-03	2.9946110736e-03
3629	2.9942418685e-03	2.9942419562e-03
3630	2.9938725051e-03	2.9938726347e-03
3631	2.9935029415e-03	2.9935031081e-03
3632	2.9931331898e-03	2.9931333757e-03
3633	2.9927632575e-03	2.9927634363e-03
3634	2.9923931462e-03	2.9923932885e-03
3635	2.9920228514e-03	2.9920229304e-03
3636	2.9916523636e-03	2.9916523594e-03
3637	2.9912816693e-03	2.9912815724e-03
3638	2.9909107531e-03	2.9909105653e-03
3639	2.9905396001e-03	2.9905393336e-03
3640	2.9901681967e-03	2.9901678720e-03
3641	2.9897965331e-03	2.9897961765e-03
3642	2.9894246037e-03	2.9894242445e-03
3643	2.9890524075e-03	2.9890520748e-03
3644	2.9886799472e-03	2.9886796675e-03
3645	2.9883072293e-03	2.9883070234e-03
3646	2.9879342678e-03	2.9879341437e-03
3647	2.9875610764e-03	2.9875610295e-03
3648	2.9871876656e-03	2.9871876815e-03
3649	2.9868140421e-03	2.9868140997e-03
3650	2.9864402074e-03	2.9864402836e-03
3651	2.9860661590e-03	2.9860662319e-03
3652	2.9856918905e-03	2.9856919428e-03
3653	2.9853173933e-03	2.9853174143e-03
3654	2.9849426581e-03	2.9849426444e-03
3655	2.9845676761e-03	2.9845676315e-03
3656	2.9841924405e-03	2.9841923741e-03
3657	2.9838169470e-03	2.9838168716e-03
3658	2.9834411946e-03	2.9834411237e-03
3659	2.9830651848e-03	2.9830651308e-03
3660	2.9826889216e-03	2.9826888936e-03
3661	2.9823124103e-03	2.9823124131e-03
3662	2.9819356565e-03	2.9819356900e-03
3663	2.9815586653e-03	2.9815587253e-03
3664	2.9811814407e-03	2.9811815191e-03
3665	2.9808039844e-03	2.9808040714e-03
3666	2.9804262962e-03	2.9804263814e-03
3667	2.9800483740e-03	2.9800484482e-03
3668	2.9796702138e-03	2.9796702703e-03
3669	2.9792918111e-03	2.9792918462e-03
3670	2.9789131607e-03	2.9789131740e-03
3671	2.9785342580e-03	2.9785342523e-03
3672	2.9781551001e-03	2.9781550797e-03
3673	2.9777756856e-03	2.9777756554e-03
3674	2.9773960143e-03	2.9773959790e-03
3675	2.9770160866e-03	2.9770160505e-03
3676	2.9766359036e-03	2.9766358699e-03
3677	2.9762554669e-03	2.9762554376e-03
3678	2.9758747779e-03	2.9758747539e-03
3679	2.9754938380e-03	2.9754938190e-03
3680	2.9751126477e-03	2.9751126327e-03
3681	2.9747312071e-03	2.9747311949e-03
3682	2.9743495152e-03	2.9743495050e-03
3683	2.9739675708e-03	2.9739675623e-03
3684	2.9735853719e-03	2.9735853659e-03
3685	2.9732029164e-03	2.9732029150e-03
3686	2.9728202013e-03	2.9728202087e-03
3687	2.9724372239e-03	2.9724372459e-03
3688	2.9720539826e-03	2.9720540261e-03
3689	2.9716704795e-03	2.9716705484e-03
3690	2.9712867172e-03	2.9712868123e-03
3691	2.9709026946e-03	2.9709028171e-03
3692	2.9705184134e-03	2.9705185623e-03
3693	2.9701338745e-03	2.9701340469e-03
3694	2.9697490781e-03	2.9697492703e-03
3695	2.9693640240e-03	2.9693642312e-03
3696	2.9689787115e-03	2.9689789285e-03
3697	2.9685931395e-03	2.9685933605e-03
3698	2.9682073065e-03	2.9682075256e-03
3699	2.9678212107e-03	2.9678214219e-03
3700	2.9674348501e-03	2.9674350475e-03
3701	2.9670482226e-03	2.9670484004e-03
3702	2.9666613255e-03	2.9666614785e-03
3703	2.9662741562e-03	2.9662742798e-03
3704	2.9658867118e-03	2.9658868022e-03
3705	2.9654989891e-03	2.9654990436e-03
3706	2.9651109849e-03	2.9651110020e-03
3707	2.9647226958e-03	2.9647226753e-03
3708	2.9643341184e-03	2.9643340614e-03
3709	2.9639452494e-03	2.9639451583e-03
3710	2.9635560856e-03	2.9635559638e-03
3711	2.9631666239e-03	2.9631664760e-03
3712	2.9627768613e-03	2.9627766931e-03
3713	2.9623867954e-03	2.9623866166e-03
3714	2.9619964238e-03	2.9619962495e-03
3715	2.9616057448e-03	2.9616055954e-03
3716	2.9612147573e-03	2.9612146570e-03
3717	2.9608234601e-03	2.9608234351e-03
3718	2.9604318520e-03	2.9604319287e-03
3719	2.9600399324e-03	2.9600401342e-03
3720	2.9596477006e-03	2.9596480460e-03
3721	2.9592551564e-03	2.9592556568e-03
3722	2.9588622988e-03	2.9588629583e-03
3723	2.9584691273e-03	2.9584699417e-03
3724	2.9580756408e-03	2.9580765985e-03
3725	2.9576818386e-03	2.9576829208e-03
3726	2.9572877200e-03	2.9572889016e-03
3727	2.9568932843e-03	2.9568945349e-03
3728	2.9564985311e-03	2.9564998153e-03
3729	2.9561034602e-03	2.9561047379e-03
3730	2.9557080718e-03	2.9557092974e-03
3731	2.9553123658e-03	2.9553134875e-03
3732	2.9549163425e-03	2.9549173007e-03
3733	2.9545200021e-03	2.9545207286e-03
3734	2.9541233447e-03	2.9541237621e-03
3735	2.9537263701e-03	2.9537263918e-03
3736	2.9533290782e-03	2.9533286083e-03
3737	2.9529314479e-03	2.9529304026e-03
3738	2.9525333582e-03	2.9525317662e-03
3739	2.9521347192e-03	2.9521326917e-03
3740	2.9517354732e-03	2.9517331727e-03
3741	2.9513355963e-03	2.9513332038e-03
3742	2.9509350968e-03	2.9509327805e-03
3743	2.9505340064e-03	2.9505318995e-03
3744	2.9501323719e-03	2.9501305580e-03
3745	2.9497302450e-03	2.9497287540e-03
3746	2.9493276728e-03	2.9493264858e-03
3747	2.9489246902e-03	2.9489237523e-03
3748	2.9485213156e-03	2.9485205526e-03
3749	2.9481175498e-03	2.9481168864e-03
3750	2.9477133771e-03	2.9477127536e-03
3751	2.9473087702e-03	2.9473081549e-03
3752	2.9469036960e-03	2.9469030913e-03
3753	2.9464981216e-03	2.9464975648e-03
3754	2.9460920204e-03	2.9460915778e-03
3755	2.9456853874e-03	2.9456851338e-03
3756	2.9452782494e-03	2.9452782370e-03
3757	2.9448706390e-03	2.9448708926e-03
3758	2.9444625907e-03	2.9444631095e-03
3759	2.9440541373e-03	2.9440548989e-03
3760	2.9436453063e-03	2.9436462736e-03
3761	2.9432361176e-03	2.9432372458e-03
3762	2.9428265824e-03	2.9428278263e-03
3763	2.9424167029e-03	2.9424180231e-03
3764	2.9420064738e-03	2.9420078380e-03
3765	2.9415958836e-03	2.9415972668e-03
3766	2.9411849179e-03	2.9411863006e-03
3767	2.9407735612e-03	2.9407749277e-03
3768	2.9403617997e-03	2.9403631343e-03
3769	2.9399496224e-03	2.9399509066e-03
3770	2.9395370227e-03	2.9395382323e-03
3771	2.9391239980e-03	2.9391251028e-03
3772	2.9387105495e-03	2.9387115127e-03
3773	2.9382966808e-03	2.9382974604e-03
3774	2.9378823952e-03	2.9378829474e-03
3775	2.9374676960e-03	2.9374679766e-03
3776	2.9370525852e-03	2.9370525519e-03
3777	2.9366370631e-03	2.9366366760e-03
3778	2.9362211274e-03	2.9362203501e-03
3779	2.9358047738e-03	2.9358035730e-03
3780	2.9353879959e-03	2.9353863410e-03
3781	2.9349707863e-03	2.9349686483e-03
3782	2.9345531303e-03	2.9345504888e-03
3783	2.9341349169e-03	2.9341318564e-03
3784	2.9337160442e-03	2.9337127463e-03
3785	2.9332964495e-03	2.9332931562e-03
3786	2.9328761139e-03	2.9328730882e-03
3787	2.9324550604e-03	2.9324525470e-03
3788	2.9320333469e-03	2.9320315399e-03
3789	2.9316110534e-03	2.9316100750e-03
3790	2.9311882683e-03	2.9311881607e-03
3791	2.9307650755e-03	2.9307658041e-03
3792	2.9303415430e-03	2.9303430110e-03
3793	2.9299177470e-03	2.9299197854e-03
3794	2.9294937338e-03	2.9294961295e-03
3795	2.9290695113e-03	2.9290720439e-03
3796	2.9286450542e-03	2.9286475286e-03
3797	2.9282203128e-03	2.9282225832e-03
3798	2.9277952242e-03	2.9277972078e-03
3799	2.9273697250e-03	2.9273714048e-03
3800	2.9269437622e-03	2.9269451779e-03
3801	2.9265173010e-03	2.9265185328e-03
3802	2.9260903292e-03	2.9260914757e-03
3803	2.9256628573e-03	2.9256640125e-03
3804	2.9252349157e-03	2.9252361479e-03
3805	2.9248065468e-03	2.9248078849e-03
3806	2.9243777983e-03	2.9243792242e-03
3807	2.9239487153e-03	2.9239501641e-03
3808	2.9235193329e-03	2.9235207010e-03
3809	2.9230896709e-03	2.9230908257e-03
3810	2.9226596895e-03	2.9226605245e-03
3811	2.9222293029e-03	2.9222297799e-03
3812	2.9217984311e-03	2.9217985723e-03
3813	2.9213670061e-03	2.9213668815e-03
3814	2.9209349818e-03	2.9209346883e-03
3815	2.9205023364e-03	2.9205019751e-03
3816	2.9200690704e-03	2.9200687271e-03
3817	2.9196352028e-03	2.9196349318e-03
3818	2.9192007653e-03	2.9192005788e-03
3819	2.9187657976e-03	2.9187656608e-03
3820	2.9183303340e-03	2.9183301721e-03
3821	2.9178943991e-03	2.9178941082e-03
3822	2.9174580050e-03	2.9174574648e-03
3823	2.9170211329e-03	2.9170202372e-03
3824	2.9165837232e-03	2.9165824198e-03
3825	2.9161457043e-03	2.9161440056e-03
3826	2.9157069977e-03	2.9157049867e-03
3827	2.9152675465e-03	2.9152653544e-03
3828	2.9148273193e-03	2.9148251001e-03
3829	2.9143863102e-03	2.9143842161e-03
3830	2.9139445363e-03	2.9139426960e-03
3831	2.9135020322e-03	2.9135005357e-03
3832	2.9130588422e-03	2.9130577337e-03
3833	2.9126150139e-03	2.9126142910e-03
3834	2.9121705910e-03	2.9121702113e-03
3835	2.9117256050e-03	2.9117254993e-03
3836	2.9112800736e-03	2.9112801598e-03
3837	2.9108339997e-03	2.9108341964e-03
3838	2.9103873726e-03	2.9103876110e-03
3839	2.9099401717e-03	2.9099404044e-03
3840	2.9094923739e-03	2.9094925767e-03
3841	2.9090439576e-03	2.9090441277e-03
3842	2.9085949065e-03	2.9085950574e-03
3843	2.9081452130e-03	2.9081453668e-03
3844	2.9076948787e-03	2.9076950580e-03
3845	2.9072439144e-03	2.9072441346e-03
3846	2.9067923378e-03	2.9067926016e-03
3847	2.9063401649e-03	2.9063404651e-03
3848	2.9058874031e-03	2.9058877324e-03
3849	2.9054340625e-03	2.9054344105e-03
3850	2.9049801504e-03	2.9049805053e-03
3851	2.9045256726e-03	2.9045260207e-03
3852	2.9040706323e-03	2.9040709581e-03
3853	2.9036150247e-03	2.9036153168e-03
3854	2.9031588405e-03	2.9031590946e-03
3855	2.9027020720e-03	2.9027022883e-03
3856	2.9022447086e-03	2.9022448946e-03
3857	2.9017867356e-03	2.9017869104e-03
3858	2.9013281376e-03	2.9013283335e-03
3859	2.9008689143e-03	2.9008691628e-03
3860	2.9004090936e-03	2.9004093987e-03
3861	2.8999486928e-03	2.8999490427e-03
3862	2.8994877222e-03	2.8994880965e-03
3863	2.8990261853e-03	2.8990265618e-03
3864	2.8985640793e-03	2.8985644392e-03
3865	2.8981013967e-03	2.8981017284e-03
3866	2.8976381248e-03	2.8976384274e-03
3867	2.8971742490e-03	2.8971745330e-03
3868	2.8967097565e-03	2.8967100409e-03
3869	2.8962446378e-03	2.8962449458e-03
3870	2.8957788877e-03	2.8957792422e-03
3871	2.8953125051e-03	2.8953129245e-03
3872	2.8948454928e-03	2.8948459876e-03
3873	2.8943778561e-03	2.8943784269e-03
3874	2.8939096013e-03	2.8939102377e-03
3875	2.8934407356e-03	2.8934414159e-03
3876	2.8929712633e-03	2.8929719574e-03
3877	2.8925011851e-03	2.8925018582e-03
3878	2.8920304970e-03	2.8920311138e-03
3879	2.8915591908e-03	2.8915597193e-03
3880	2.8910872558e-03	2.8910876695e-03
3881	2.8906146790e-03	2.8906149583e-03
3882	2.8901414441e-03	2.8901415793e-03
3883	2.8896675359e-03	2.8896675255e-03
3884	2.8891929391e-03	2.8891927888e-03
3885	2.8887176213e-03	2.8887173613e-03
3886	2.8882415614e-03	2.8882412348e-03
3887	2.8877647485e-03	2.8877643998e-03
3888	2.8872871785e-03	2.8872868460e-03
3889	2.8868088545e-03	2.8868085637e-03
3890	2.8863297837e-03	2.8863295439e-03
3891	2.8858499754e-03	2.8858497792e-03
3892	2.8853694377e-03	2.8853692636e-03
3893	2.8848881751e-03	2.8848879924e-03
3894	2.8844061870e-03	2.8844059623e-03
3895	2.8839234679e-03	2.8839231705e-03
3896	2.8834400079e-03	2.8834396148e-03
3897	2.8829557928e-03	2.8829552928e-03
3898	2.8824708062e-03	2.8824702019e-03
3899	2.8819850313e-03	2.8819843406e-03
3900	2.8814984524e-03	2.8814977085e-03
3901	2.8810110566e-03	2.8810103052e-03
3902	2.8805228346e-03	2.8805221294e-03
3903	2.8800337864e-03	2.8800331785e-03
3904	2.8795439126e-03	2.8795434487e-03
3905	2.8790532112e-03	2.8790529350e-03
3906	2.8785616803e-03	2.8785616316e-03
3907	2.8780693169e-03	2.8780695317e-03
3908	2.8775761165e-03	2.8775766272e-03
3909	2.8770820749e-03	2.8770829095e-03
3910	2.8765871853e-03	2.8765883709e-03
3911	2.8760914562e-03	2.8760930043e-03
3912	2.8755949719e-03	2.8755968038e-03
3913	2.8750977773e-03	2.8750997646e-03
3914	2.8745998939e-03	2.8746018829e-03
3915	2.8741013199e-03	2.8741031554e-03
3916	2.8736020309e-03	2.8736035786e-03
3917	2.8731019873e-03	2.8731031488e-03
3918	2.8726011403e-03	2.8726018613e-03
3919	2.8720994403e-03	2.8720997104e-03
3920	2.8715968441e-03	2.8715966890e-03
3921	2.8710933198e-03	2.8710927889e-03
3922	2.8705888497e-03	2.8705880007e-03
3923	2.8700834304e-03	2.8700823148e-03
3924	2.8695770105e-03	2.8695757209e-03
3925	2.8690695337e-03	2.8690682087e-03
3926	2.8685609805e-03	2.8685597683e-03
3927	2.8680513607e-03	2.8680503899e-03
3928	2.8675406994e-03	2.8675400641e-03
3929	2.8670290288e-03	2.8670287820e-03
3930	2.8665163802e-03	2.8665165350e-03
3931	2.8660027739e-03	2.8660033141e-03
3932	2.8654882450e-03	2.8654891100e-03
3933	2.8649728420e-03	2.8649739127e-03
3934	2.8644565822e-03	2.8644577107e-03
3935	2.8639394504e-03	2.8639404917e-03
3936	2.8634214045e-03	2.8634222421e-03
3937	2.8629023845e-03	2.8629029478e-03
3938	2.8623823260e-03	2.8623825969e-03
3939	2.8618611701e-03	2.8618611792e-03
3940	2.8613388696e-03	2.8613386861e-03
3941	2.8608153946e-03	2.8608151099e-03
3942	2.8602907343e-03	2.8602904439e-03
3943	2.8597648958e-03	2.8597646813e-03
3944	2.8592378994e-03	2.8592378153e-03
3945	2.8587097726e-03	2.8587098382e-03
3946	2.8581805430e-03	2.8581807422e-03
3947	2.8576502316e-03	2.8576505185e-03
3948	2.8571188493e-03	2.8571191582e-03
3949	2.8565863939e-03	2.8565866522e-03
3950	2.8560528490e-03	2.8560529901e-03
3951	2.8555181895e-03	2.8555181593e-03
3952	2.8549823797e-03	2.8549821463e-03
3953	2.8544453803e-03	2.8544449375e-03
3954	2.8539071522e-03	2.8539065200e-03
3955	2.8533676590e-03	2.8533668816e-03
3956	2.8528268731e-03	2.8528260116e-03
3957	2.8522847773e-03	2.8522839003e-03
3958	2.8517413653e-03	2.8517405398e-03
3959	2.8511966407e-03	2.8511959246e-03
3960	2.8506506139e-03	2.8506500510e-03
3961	2.8501032980e-03	2.8501029159e-03
3962	2.8495547041e-03	2.8495545159e-03
3963	2.8490048426e-03	2.8490048462e-03
3964	2.8484537198e-03	2.8484539007e-03
3965	2.8479013363e-03	2.8479016710e-03
3966	2.8473476871e-03	2.8473481476e-03
3967	2.8467927621e-03	2.8467933195e-03
3968	2.8462365476e-03	2.8462371751e-03
3969	2.8456790279e-03	2.8456797027e-03
3970	2.8451201870e-03	2.8451208909e-03
3971	2.8445600100e-03	2.8445607290e-03
3972	2.8439984843e-03	2.8439992076e-03
3973	2.8434356009e-03	2.8434363178e-03
3974	2.8428713539e-03	2.8428720518e-03
3975	2.8423057376e-03	2.8423064019e-03
3976	2.8417387460e-03	2.8417393606e-03
3977	2.8411703719e-03	2.8411709200e-03
3978	2.8406006063e-03	2.8406010749e-03
3979	2.8400294371e-03	2.8400298265e-03
3980	2.8394568501e-03	2.8394571763e-03
3981	2.8388828283e-03	2.8388831239e-03
3982	2.8383073532e-03	2.8383076650e-03
3983	2.8377304052e-03	2.8377307907e-03
3984	2.8371519622e-03	2.8371524865e-03
3985	2.8365720040e-03	2.8365727293e-03
3986	2.8359905142e-03	2.8359914607e-03
3987	2.8354074798e-03	2.8354086040e-03
3988	2.8348228935e-03	2.8348240813e-03
3989	2.8342367514e-03	2.8342378293e-03
3990	2.8336490465e-03	2.8336498096e-03
3991	2.8330597713e-03	2.8330600142e-03
3992	2.8324689144e-03	2.8324684647e-03
3993	2.8318764644e-03	2.8318752063e-03
3994	2.8312824092e-03	2.8312802983e-03
3995	2.8306867350e-03	2.8306838029e-03
3996	2.8300894285e-03	2.8300857747e-03
3997	2.8294904767e-03	2.8294862522e-03
3998	2.8288898675e-03	2.8288852533e-03
3999	2.8282875903e-03	2.8282827745e-03
4000	2.8276836353e-03	2.8276787938e-03
4001	2.8270779940e-03	2.8270732763e-03
4002	2.8264706589e-03	2.8264661810e-03
4003	2.8258614998e-03	2.8258574680e-03
4004	2.8252502018e-03	2.8252471041e-03
4005	2.8246366174e-03	2.8246350661e-03
4006	2.8240206536e-03	2.8240213418e-03
4007	2.8234022763e-03	2.8234059282e-03
4008	2.8227815056e-03	2.8227888273e-03
4009	2.8221584017e-03	2.8221700416e-03
4010	2.8215331793e-03	2.8215495686e-03
4011	2.8209071180e-03	2.8209273960e-03
4012	2.8202811380e-03	2.8203034994e-03
4013	2.8196556987e-03	2.8196778409e-03
4014	2.8190307703e-03	2.8190503703e-03
4015	2.8184058895e-03	2.8184210274e-03
4016	2.8177802819e-03	2.8177897460e-03
4017	2.8171530228e-03	2.8171564574e-03
4018	2.8165232070e-03	2.8165210947e-03
4019	2.8158900961e-03	2.8158835951e-03
4020	2.8152532204e-03	2.8152439023e-03
4021	2.8146124236e-03	2.8146019662e-03
4022	2.8139678470e-03	2.8139577416e-03
4023	2.8133198593e-03	2.8133111861e-03
4024	2.8126689561e-03	2.8126622587e-03
4025	2.8120156479e-03	2.8120109184e-03
4026	2.8113603547e-03	2.8113571222e-03
4027	2.8107033275e-03	2.8107008252e-03
4028	2.8100446105e-03	2.8100419795e-03
4029	2.8093840441e-03	2.8093805318e-03
4030	2.8087213038e-03	2.8087164170e-03
4031	2.8080559657e-03	2.8080495642e-03
4032	2.8073875854e-03	2.8073798997e-03
4033	2.8067157735e-03	2.8067073483e-03
4034	2.8060402562e-03	2.8060318355e-03
4035	2.8053609115e-03	2.8053532879e-03
4036	2.8046777747e-03	2.8046716387e-03
4037	2.8039910177e-03	2.8039868621e-03
4038	2.8033009062e-03	2.8032989689e-03
4039	2.8026077447e-03	2.8026079964e-03
4040	2.8019118200e-03	2.8019139955e-03
4041	2.8012133555e-03	2.8012170166e-03
4042	2.8005124788e-03	2.8005170973e-03
4043	2.7998092063e-03	2.7998142526e-03
4044	2.7991034510e-03	2.7991084662e-03
4045	2.7983950448e-03	2.7983996788e-03
4046	2.7976837774e-03	2.7976878098e-03
4047	2.7969694695e-03	2.7969727707e-03
4048	2.7962519755e-03	2.7962544790e-03
4049	2.7955311874e-03	2.7955328700e-03
4050	2.7948070500e-03	2.7948079028e-03
4051	2.7940795602e-03	2.7940795632e-03
4052	2.7933487566e-03	2.7933478611e-03
4053	2.7926147027e-03	2.7926128246e-03
4054	2.7918774661e-03	2.7918744916e-03
4055	2.7911370997e-03	2.7911329006e-03
4056	2.7903935998e-03	2.7903880832e-03
4057	2.7896468906e-03	2.7896400584e-03
4058	2.7888968788e-03	2.7888888300e-03
4059	2.7881434547e-03	2.7881343868e-03
4060	2.7873865042e-03	2.7873767063e-03
4061	2.7866259223e-03	2.7866157605e-03
4062	2.7858616226e-03	2.7858515221e-03
4063	2.7850935436e-03	2.7850839708e-03
4064	2.7843216497e-03	2.7843130974e-03
4065	2.7835459362e-03	2.7835389062e-03
4066	2.7827664181e-03	2.7827614147e-03
4067	2.7819831344e-03	2.7819806517e-03
4068	2.7811961811e-03	2.7811966533e-03
4069	2.7804058257e-03	2.7804094597e-03
4070	2.7796128611e-03	2.7796191100e-03
4071	2.7788175998e-03	2.7788256383e-03
4072	2.7780201789e-03	2.7780290702e-03
4073	2.7772205469e-03	2.7772294235e-03
4074	2.7764185211e-03	2.7764267086e-03
4075	2.7756138487e-03	2.7756209303e-03
4076	2.7748062571e-03	2.7748120904e-03
4077	2.7739955063e-03	2.7740001919e-03
4078	2.7731814280e-03	2.7731852535e-03
4079	2.7723639479e-03	2.7723673038e-03
4080	2.7715430866e-03	2.7715463759e-03
4081	2.7707189437e-03	2.7707225014e-03
4082	2.7698916674e-03	2.7698957043e-03
4083	2.7690614194e-03	2.7690659956e-03
4084	2.7682283584e-03	2.7682333707e-03
4085	2.7673925964e-03	2.7673978101e-03
4086	2.7665541664e-03	2.7665592801e-03
4087	2.7657130229e-03	2.7657177368e-03
4088	2.7648690527e-03	2.7648731284e-03
4089	2.7640220970e-03	2.7640253993e-03
4090	2.7631719802e-03	2.7631744921e-03
4091	2.7623185387e-03	2.7623203490e-03
4092	2.7614616477e-03	2.7614629124e-03
4093	2.7606012303e-03	2.7606021241e-03
4094	2.7597372259e-03	2.7597379255e-03
4095	2.7588696338e-03	2.7588702463e-03
4096	2.7579985073e-03	2.7579989959e-03
4097	2.7571239367e-03	2.7571240871e-03
4098	2.7562460336e-03	2.7562454433e-03
4099	2.7553649003e-03	2.7553630033e-03
4100	2.7544806138e-03	2.7544767243e-03
4101	2.7535932152e-03	2.7535865840e-03
4102	2.7527026411e-03	2.7526925798e-03
4103	2.7518083244e-03	2.7517947263e-03
4104	2.7509098271e-03	2.7508930510e-03
4105	2.7500068512e-03	2.7499875895e-03
4106	2.7490992619e-03	2.7490783825e-03
4107	2.7481870865e-03	2.7481654741e-03
4108	2.7472704864e-03	2.7472489116e-03
4109	2.7463497080e-03	2.7463287462e-03
4110	2.7454250264e-03	2.7454050340e-03
4111	2.7444966861e-03	2.7444778389e-03
4112	2.7435648610e-03	2.7435472332e-03
4113	2.7426296366e-03	2.7426132994e-03
4114	2.7416910054e-03	2.7416761302e-03
4115	2.7407488815e-03	2.7407358276e-03
4116	2.7398031291e-03	2.7397925016e-03
4117	2.7388535978e-03	2.7388462674e-03
4118	2.7379001562e-03	2.7378972430e-03
4119	2.7369427196e-03	2.7369455464e-03
4120	2.7359818353e-03	2.7359912907e-03
4121	2.7350192027e-03	2.7350345829e-03
4122	2.7340555683e-03	2.7340755302e-03
4123	2.7330914165e-03	2.7331142416e-03
4124	2.7321269476e-03	2.7321508255e-03
4125	2.7311620979e-03	2.7311853873e-03
4126	2.7301965801e-03	2.7302180286e-03
4127	2.7292299591e-03	2.7292488464e-03
4128	2.7282617862e-03	2.7282779312e-03
4129	2.7272916931e-03	2.7273053513e-03
4130	2.7263194626e-03	2.7263311558e-03
4131	2.7253450561e-03	2.7253553768e-03
4132	2.7243685592e-03	2.7243780291e-03
4133	2.7233901594e-03	2.7233991168e-03
4134	2.7224101139e-03	2.7224186387e-03
4135	2.7214286873e-03	2.7214365932e-03
4136	2.7204460932e-03	2.7204529810e-03
4137	2.7194624491e-03	2.7194678048e-03
4138	2.7184777551e-03	2.7184810678e-03
4139	2.7174918957e-03	2.7174927704e-03
4140	2.7165046640e-03	2.7165029035e-03
4141	2.7155158012e-03	2.7155114454e-03
4142	2.7145250445e-03	2.7145183615e-03
4143	2.7135321796e-03	2.7135236039e-03
4144	2.7125370597e-03	2.7125271128e-03
4145	2.7115396949e-03	2.7115288181e-03
4146	2.7105401700e-03	2.7105286597e-03
4147	2.7095384346e-03	2.7095266272e-03
4148	2.7085343759e-03	2.7085227383e-03
4149	2.7075280212e-03	2.7075170332e-03
4150	2.7065194676e-03	2.7065095669e-03
4151	2.7055088629e-03	2.7055004008e-03
4152	2.7044963722e-03	2.7044895942e-03
4153	2.7034821491e-03	2.7034771971e-03
4154	2.7024663127e-03	2.7024632472e-03
4155	2.7014489350e-03	2.7014477697e-03
4156	2.7004300561e-03	2.7004307812e-03
4157	2.6994098431e-03	2.6994122936e-03
4158	2.6983884156e-03	2.6983923193e-03
4159	2.6973658281e-03	2.6973708746e-03
4160	2.6963420855e-03	2.6963479832e-03
4161	2.6953171622e-03	2.6953236783e-03
4162	2.6942910239e-03	2.6942980012e-03
4163	2.6932636461e-03	2.6932709998e-03
4164	2.6922350137e-03	2.6922427244e-03
4165	2.6912052718e-03	2.6912132241e-03
4166	2.6901745752e-03	2.6901825425e-03
4167	2.6891430426e-03	2.6891507153e-03
4168	2.6881107407e-03	2.6881177681e-03
4169	2.6870776779e-03	2.6870837191e-03
4170	2.6860438032e-03	2.6860485786e-03
4171	2.6850090162e-03	2.6850123524e-03
4172	2.6839731955e-03	2.6839750445e-03
4173	2.6829362207e-03	2.6829366525e-03
4174	2.6818979904e-03	2.6818971688e-03
4175	2.6808584346e-03	2.6808565862e-03
4176	2.6798175207e-03	2.6798148995e-03
4177	2.6787752513e-03	2.6787721051e-03
4178	2.6777316563e-03	2.6777282002e-03
4179	2.6766867815e-03	2.6766831811e-03
4180	2.6756406756e-03	2.6756370416e-03
4181	2.6745933796e-03	2.6745897723e-03
4182	2.6735449198e-03	2.6735413604e-03
4183	2.6724953040e-03	2.6724917961e-03
4184	2.6714445224e-03	2.6714410731e-03
4185	2.6703925558e-03	2.6703891879e-03
4186	2.6693393839e-03	2.6693361400e-03
4187	2.6682849935e-03	2.6682819323e-03
4188	2.6672293856e-03	2.6672265690e-03
4189	2.6661725804e-03	2.6661700565e-03
4190	2.6651146184e-03	2.6651124044e-03
4191	2.6640555570e-03	2.6640536298e-03
4192	2.6629954556e-03	2.6629937559e-03
4193	2.6619343995e-03	2.6619328122e-03
4194	2.6608723859e-03	2.6608708340e-03
4195	2.6598094580e-03	2.6598078608e-03
4196	2.6587456783e-03	2.6587439348e-03
4197	2.6576811230e-03	2.6576790990e-03
4198	2.6566158787e-03	2.6566133963e-03
4199	2.6555499156e-03	2.6555468690e-03
4200	2.6544831203e-03	2.6544795584e-03
4201	2.6534153774e-03	2.6534115057e-03
4202	2.6523466162e-03	2.6523427523e-03
4203	2.6512768418e-03	2.6512733407e-03
4204	2.6502061368e-03	2.6502033148e-03
4205	2.6491346375e-03	2.6491327206e-03
4206	2.6480625078e-03	2.6480616067e-03
4207	2.6469899107e-03	2.6469900230e-03
4208	2.6459169797e-03	2.6459180193e-03
4209	2.6448438042e-03	2.6448456435e-03
4210	2.6437704744e-03	2.6437729369e-03
4211	2.6426970258e-03	2.6426999375e-03
4212	2.6416234498e-03	2.6416266809e-03
4213	2.6405497886e-03	2.6405532016e-03
4214	2.6394760444e-03	2.6394795336e-03
4215	2.6384021914e-03	2.6384057111e-03
4216	2.6373282121e-03	2.6373317681e-03
4217	2.6362541781e-03	2.6362577392e-03
4218	2.6351801393e-03	2.6351836593e-03
4219	2.6341061444e-03	2.6341095646e-03
4220	2.6330322389e-03	2.6330354889e-03
4221	2.6319584639e-03	2.6319614650e-03
4222	2.6308848567e-03	2.6308875245e-03
4223	2.6298114438e-03	2.6298136719e-03
4224	2.6287382430e-03	2.6287397507e-03
4225	2.6276652616e-03	2.6276655495e-03
4226	2.6265924972e-03	2.6265908628e-03
4227	2.6255199403e-03	2.6255155361e-03
4228	2.6244475783e-03	2.6244394990e-03
4229	2.6233753914e-03	2.6233627816e-03
4230	2.6223033572e-03	2.6222855145e-03
4231	2.6212314225e-03	2.6212079128e-03
4232	2.6201595575e-03	2.6201302496e-03
4233	2.6190877681e-03	2.6190528265e-03
4234	2.6180160951e-03	2.6179759466e-03
4235	2.6169447433e-03	2.6168998928e-03
4236	2.6158737973e-03	2.6158249558e-03
4237	2.6148033142e-03	2.6147515083e-03
4238	2.6137333142e-03	2.6136799553e-03
4239	2.6126637836e-03	2.6126106864e-03
4240	2.6115946968e-03	2.6115440385e-03
4241	2.6105260508e-03	2.6104802775e-03
4242	2.6094578330e-03	2.6094195998e-03
4243	2.6083900295e-03	2.6083621516e-03
4244	2.6073226347e-03	2.6073080546e-03
4245	2.6062556590e-03	2.6062574337e-03
4246	2.6051891289e-03	2.6052104397e-03
4247	2.6041230852e-03	2.6041672625e-03
4248	2.6030585885e-03	2.6031281308e-03
4249	2.6020019464e-03	2.6020933022e-03
4250	2.6009566680e-03	2.6010630431e-03
4251	2.5999245225e-03	2.6000376060e-03
4252	2.5989058313e-03	2.5990172083e-03
4253	2.5978996510e-03	2.5980020168e-03
4254	2.5969041609e-03	2.5969921411e-03
4255	2.5959171631e-03	2.5959876365e-03
4256	2.5949365850e-03	2.5949885147e-03
4257	2.5939608859e-03	2.5939947587e-03
4258	2.5929892968e-03	2.5930063402e-03
4259	2.5920218586e-03	2.5920232308e-03
4260	2.5910593675e-03	2.5910454138e-03
4261	2.5901017190e-03	2.5900728941e-03
4262	2.5891459120e-03	2.5891056925e-03
4263	2.5881900906e-03	2.5881438368e-03
4264	2.5872338594e-03	2.5871873499e-03
4265	2.5862780901e-03	2.5862362331e-03
4266	2.5853244962e-03	2.5852904520e-03
4267	2.5843750936e-03	2.5843499276e-03
4268	2.5834316718e-03	2.5834145314e-03
4269	2.5824953890e-03	2.5824840864e-03
4270	2.5815665582e-03	2.5815583724e-03
4271	2.5806446503e-03	2.5806371341e-03
4272	2.5797284882e-03	2.5797200886e-03
4273	2.5788165742e-03	2.5788069318e-03
4274	2.5779074586e-03	2.5778973752e-03
4275	2.5770000732e-03	2.5769913213e-03
4276	2.5760939584e-03	2.5760888077e-03
4277	2.5751893387e-03	2.5751899664e-03
4278	2.5742870438e-03	2.5742949817e-03
4279	2.5733883037e-03	2.5734040462e-03
4280	2.5724944715e-03	2.5725173239e-03
4281	2.5716067400e-03	2.5716349283e-03
4282	2.5707259111e-03	2.5707569155e-03
4283	2.5698522694e-03	2.5698832940e-03
4284	2.5689857120e-03	2.5690140445e-03
4285	2.5681256546e-03	2.5681491446e-03
4286	2.5672711734e-03	2.5672885982e-03
4287	2.5664212119e-03	2.5664324150e-03
4288	2.5655747539e-03	2.5655805170e-03
4289	2.5647309753e-03	2.5647327577e-03
4290	2.5638894292e-03	2.5638889569e-03
4291	2.5630500690e-03	2.5630489358e-03
4292	2.5622131859e-03	2.5622125420e-03
4293	2.5613792806e-03	2.5613796646e-03
4294	2.5605489053e-03	2.5605502344e-03
4295	2.5597225111e-03	2.5597242144e-03
4296	2.5589003342e-03	2.5589015810e-03
4297	2.5580823650e-03	2.5580823033e-03
4298	2.5572683375e-03	2.5572663237e-03
4299	2.5564577831e-03	2.5564535461e-03
4300	2.5556501307e-03	2.5556438323e-03
4301	2.5548447948e-03	2.5548370086e-03
4302	2.5540413118e-03	2.5540328788e-03
4303	2.5532394132e-03	2.5532312426e-03
4304	2.5524390589e-03	2.5524319137e-03
4305	2.5516403952e-03	2.5516347312e-03
4306	2.5508436722e-03	2.5508395695e-03
4307	2.5500491484e-03	2.5500463424e-03
4308	2.5492570346e-03	2.5492549998e-03
4309	2.5484674528e-03	2.5484655185e-03
4310	2.5476804654e-03	2.5476778944e-03
4311	2.5468959769e-03	2.5468921296e-03
4312	2.5461137521e-03	2.5461082197e-03
4313	2.5453334688e-03	2.5453261456e-03
4314	2.5445547813e-03	2.5445458685e-03
4315	2.5437772979e-03	2.5437673293e-03
4316	2.5430006894e-03	2.5429904553e-03
4317	2.5422248034e-03	2.5422151687e-03
4318	2.5414496708e-03	2.5414413962e-03
4319	2.5406754748e-03	2.5406690777e-03
4320	2.5399024890e-03	2.5398981707e-03
4321	2.5391310057e-03	2.5391286513e-03
4322	2.5383612683e-03	2.5383605112e-03
4323	2.5375934230e-03	2.5375937529e-03
4324	2.5368274932e-03	2.5368283825e-03
4325	2.5360633831e-03	2.5360644030e-03
4326	2.5353009077e-03	2.5353018088e-03
4327	2.5345398382e-03	2.5345405822e-03
4328	2.5337799516e-03	2.5337806942e-03
4329	2.5330210826e-03	2.5330221068e-03
4330	2.5322632811e-03	2.5322647793e-03
4331	2.5315066676e-03	2.5315086731e-03
4332	2.5307513716e-03	2.5307537561e-03
4333	2.5299974994e-03	2.5300000048e-03
4334	2.5292451125e-03	2.5292474046e-03
4335	2.5284942115e-03	2.5284959493e-03
4336	2.5277447356e-03	2.5277456413e-03
4337	2.5269965755e-03	2.5269964868e-03
4338	2.5262495947e-03	2.5262484914e-03
4339	2.5255036548e-03	2.5255016559e-03
4340	2.5247586383e-03	2.5247559735e-03
4341	2.5240144661e-03	2.5240114266e-03
4342	2.5232711063e-03	2.5232679858e-03
4343	2.5225285690e-03	2.5225256232e-03
4344	2.5217868944e-03	2.5217843121e-03
4345	2.5210461373e-03	2.5210440282e-03
4346	2.5203063499e-03	2.5203047489e-03
4347	2.5195675687e-03	2.5195664537e-03
4348	2.5188298073e-03	2.5188291229e-03
4349	2.5180930525e-03	2.5180927371e-03
4350	2.5173572694e-03	2.5173572762e-03
4351	2.5166224103e-03	2.5166227192e-03
4352	2.5158884259e-03	2.5158890434e-03
4353	2.5151552754e-03	2.5151562241e-03
4354	2.5144229347e-03	2.5144242349e-03
4355	2.5136914001e-03	2.5136930483e-03
4356	2.5129606862e-03	2.5129626449e-03
4357	2.5122308207e-03	2.5122330171e-03
4358	2.5115018376e-03	2.5115041632e-03
4359	2.5107737653e-03	2.5107760809e-03
4360	2.5100466092e-03	2.5100488469e-03
4361	2.5093203487e-03	2.5093225745e-03
4362	2.5085949570e-03	2.5085973648e-03
4363	2.5078704030e-03	2.5078732672e-03
4364	2.5071466556e-03	2.5071502550e-03
4365	2.5064236900e-03	2.5064282205e-03
4366	2.5057014851e-03	2.5057069906e-03
4367	2.5049800279e-03	2.5049863542e-03
4368	2.5042589763e-03	2.5042660961e-03
4369	2.5035380838e-03	2.5035460268e-03
4370	2.5028172338e-03	2.5028259946e-03
4371	2.5020964407e-03	2.5021058994e-03
4372	2.5013758246e-03	2.5013856934e-03
4373	2.5006555765e-03	2.5006653694e-03
4374	2.4999359047e-03	2.4999449422e-03
4375	2.4992169814e-03	2.4992244300e-03
4376	2.4984989095e-03	2.4985038362e-03
4377	2.4977817154e-03	2.4977831387e-03
4378	2.4970653516e-03	2.4970622881e-03
4379	2.4963497179e-03	2.4963412147e-03
4380	2.4956346931e-03	2.4956198420e-03
4381	2.4949200074e-03	2.4948981026e-03
4382	2.4942053156e-03	2.4941759533e-03
4383	2.4934904400e-03	2.4934533851e-03
4384	2.4927754450e-03	2.4927304270e-03
4385	2.4920573861e-03	2.4920071423e-03
4386	2.4913342594e-03	2.4912836194e-03
4387	2.4906054302e-03	2.4905599586e-03
4388	2.4898716057e-03	2.4898362594e-03
4389	2.4891345666e-03	2.4891126105e-03
4390	2.4883966420e-03	2.4883890840e-03
4391	2.4876601257e-03	2.4876657347e-03
4392	2.4869267718e-03	2.4869426046e-03
4393	2.4861974733e-03	2.4862197302e-03
4394	2.4854722175e-03	2.4854971401e-03
4395	2.4847505422e-03	2.4847748638e-03
4396	2.4840313623e-03	2.4840529392e-03
4397	2.4833133461e-03	2.4833314179e-03
4398	2.4825952867e-03	2.4826103670e-03
4399	2.4818763995e-03	2.4818898677e-03
4400	2.4811564325e-03	2.4811700121e-03
4401	2.4804357362e-03	2.4804508967e-03
4402	2.4797151346e-03	2.4797326183e-03
4403	2.4789956915e-03	2.4790152691e-03
4404	2.4782784364e-03	2.4782989359e-03
4405	2.4775641183e-03	2.4775836998e-03
4406	2.4768530439e-03	2.4768696392e-03
4407	2.4761450332e-03	2.4761568279e-03
4408	2.4754394828e-03	2.4754453340e-03
4409	2.4747355198e-03	2.4747352251e-03
4410	2.4740322074e-03	2.4740265750e-03
4411	2.4733287455e-03	2.4733193643e-03
4412	2.4726246250e-03	2.4726134905e-03
4413	2.4719197036e-03	2.4719087967e-03
4414	2.4712141925e-03	2.4712051079e-03
4415	2.4705085705e-03	2.4705022662e-03
4416	2.4698034460e-03	2.4698001568e-03
4417	2.4690994065e-03	2.4690987200e-03
4418	2.4683968894e-03	2.4683979488e-03
4419	2.4676961008e-03	2.4676978736e-03
4420	2.4669969997e-03	2.4669985416e-03
4421	2.4662993437e-03	2.4663000050e-03
4422	2.4656027639e-03	2.4656023001e-03
4423	2.4649068634e-03	2.4649054339e-03
4424	2.4642113129e-03	2.4642093801e-03
4425	2.4635159202e-03	2.4635140838e-03
4426	2.4628206588e-03	2.4628194728e-03
4427	2.4621256555e-03	2.4621254732e-03
4428	2.4614311403e-03	2.4614320255e-03
4429	2.4607373775e-03	2.4607390965e-03
4430	2.4600445965e-03	2.4600466844e-03
4431	2.4593529367e-03	2.4593548172e-03
4432	2.4586624187e-03	2.4586635440e-03
4433	2.4579729461e-03	2.4579729227e-03
4434	2.4572843346e-03	2.4572830068e-03
4435	2.4565963605e-03	2.4565938342e-03
4436	2.4559088137e-03	2.4559054199e-03
4437	2.4552215446e-03	2.4552177561e-03
4438	2.4545344841e-03	2.4545308160e-03
4439	2.4538476239e-03	2.4538445613e-03
4440	2.4531610491e-03	2.4531589498e-03
4441	2.4524749135e-03	2.4524739444e-03
4442	2.4517893987e-03	2.4517895192e-03
4443	2.4511046731e-03	2.4511056627e-03
4444	2.4504208556e-03	2.4504223776e-03
4445	2.4497379937e-03	2.4497396777e-03
4446	2.4490560607e-03	2.4490575820e-03
4447	2.4483749705e-03	2.4483761097e-03
4448	2.4476946031e-03	2.4476952755e-03
4449	2.4470148357e-03	2.4470150856e-03
4450	2.4463355705e-03	2.4463355381e-03
4451	2.4456567535e-03	2.4456566234e-03
4452	2.4449783816e-03	2.4449783280e-03
4453	2.4443004972e-03	2.4443006380e-03
4454	2.4436231724e-03	2.4436235428e-03
4455	2.4429464889e-03	2.4429470374e-03
4456	2.4422705169e-03	2.4422711233e-03
4457	2.4415952996e-03	2.4415958078e-03
4458	2.4409208460e-03	2.4409211015e-03
4459	2.4402471324e-03	2.4402470155e-03
4460	2.4395741111e-03	2.4395735588e-03
4461	2.4389017252e-03	2.4389007361e-03
4462	2.4382298825e-03	2.4382285470e-03
4463	2.4375584790e-03	2.4375569864e-03
4464	2.4368874653e-03	2.4368860455e-03
4465	2.4362168519e-03	2.4362157132e-03
4466	2.4355467016e-03	2.4355459780e-03
4467	2.4348771067e-03	2.4348768308e-03
4468	2.4342081640e-03	2.4342082666e-03
4469	2.4335399513e-03	2.4335402852e-03
4470	2.4328725104e-03	2.4328728913e-03
4471	2.4322058394e-03	2.4322060927e-03
4472	2.4315398977e-03	2.4315398993e-03
4473	2.4308746187e-03	2.4308743204e-03
4474	2.4302099276e-03	2.4302093637e-03
4475	2.4295457599e-03	2.4295450343e-03
4476	2.4288820767e-03	2.4288813341e-03
4477	2.4282188713e-03	2.4282182628e-03
4478	2.4275561679e-03	2.4275558186e-03
4479	2.4268940154e-03	2.4268939993e-03
4480	2.4262324716e-03	2.4262328038e-03
4481	2.4255715930e-03	2.4255722326e-03
4482	2.4249114232e-03	2.4249122879e-03
4483	2.4242519882e-03	2.4242529737e-03
4484	2.4235932930e-03	2.4235942950e-03
4485	2.4229353214e-03	2.4229362568e-03
4486	2.4222780428e-03	2.4222788639e-03
4487	2.4216214212e-03	2.4216221198e-03
4488	2.4209654247e-03	2.4209660253e-03
4489	2.4203100322e-03	2.4203105776e-03
4490	2.4196552373e-03	2.4196557712e-03
4491	2.4190010493e-03	2.4190015993e-03
4492	2.4183474875e-03	2.4183480554e-03
4493	2.4176945736e-03	2.4176951347e-03
4494	2.4170423258e-03	2.4170428349e-03
4495	2.4163907531e-03	2.4163911557e-03
4496	2.4157398529e-03	2.4157400992e-03
4497	2.4150896111e-03	2.4150896678e-03
4498	2.4144400052e-03	2.4144398640e-03
4499	2.4137910084e-03	2.4137906886e-03
4500	2.4131425961e-03	2.4131421404e-03
4501	2.4124947494e-03	2.4124942161e-03
4502	2.4118474584e-03	2.4118469105e-03
4503	2.4112007227e-03	2.4112002170e-03
4504	2.4105545503e-03	2.4105541289e-03
4505	2.4099089545e-03	2.4099086400e-03
4506	2.4092639503e-03	2.4092637451e-03
4507	2.4086195509e-03	2.4086194406e-03
4508	2.4079757644e-03	2.4079757243e-03
4509	2.4073325937e-03	2.4073325952e-03
4510	2.4066900345e-03	2.4066900530e-03
4511	2.4060480773e-03	2.4060480976e-03
4512	2.4054067103e-03	2.4054067285e-03
4513	2.4047659226e-03	2.4047659446e-03
4514	2.4041257060e-03	2.4041257438e-03
4515	2.4034860569e-03	2.4034861260e-03
4516	2.4028469764e-03	2.4028470950e-03
4517	2.4022084690e-03	2.4022086556e-03
4518	2.4015705411e-03	2.4015708118e-03
4519	2.4009331986e-03	2.4009335642e-03
4520	2.4002964452e-03	2.4002969096e-03
4521	2.3996602812e-03	2.3996608410e-03
4522	2.3990247024e-03	2.3990253483e-03
4523	2.3983897019e-03	2.3983904203e-03
4524	2.3977552708e-03	2.3977560457e-03
4525	2.3971214004e-03	2.3971222148e-03
4526	2.3964880828e-03	2.3964889202e-03
4527	2.3958553128e-03	2.3958561566e-03
4528	2.3952230878e-03	2.3952239208e-03
4529	2.3945914079e-03	2.3945922106e-03
4530	2.3939602748e-03	2.3939610233e-03
4531	2.3933296909e-03	2.3933303554e-03
4532	2.3926996582e-03	2.3927002017e-03
4533	2.3920701773e-03	2.3920705556e-03
4534	2.3914412472e-03	2.3914414089e-03
4535	2.3908128650e-03	2.3908127533e-03
4536	2.3901850268e-03	2.3901845805e-03
4537	2.3895577279e-03	2.3895568835e-03
4538	2.3889309642e-03	2.3889296566e-03
4539	2.3883047320e-03	2.3883028960e-03
4540	2.3876789305e-03	2.3876765992e-03
4541	2.3870533826e-03	2.3870507650e-03
4542	2.3864279873e-03	2.3864253924e-03
4543	2.3858027333e-03	2.3858004806e-03
4544	2.3851776870e-03	2.3851760279e-03
4545	2.3845529673e-03	2.3845520318e-03
4546	2.3839287107e-03	2.3839284891e-03
4547	2.3833050373e-03	2.3833053963e-03
4548	2.3826820241e-03	2.3826827495e-03
4549	2.3820596915e-03	2.3820605454e-03
4550	2.3814380050e-03	2.3814387813e-03
4551	2.3808168899e-03	2.3808174556e-03
4552	2.3801962534e-03	2.3801965676e-03
4553	2.3795760095e-03	2.3795761176e-03
4554	2.3789560989e-03	2.3789561066e-03
4555	2.3783365014e-03	2.3783365360e-03
4556	2.3777172368e-03	2.3777174075e-03
4557	2.3770983558e-03	2.3770987228e-03
4558	2.3764799251e-03	2.3764804836e-03
4559	2.3758620087e-03	2.3758626917e-03
4560	2.3752446524e-03	2.3752453493e-03
4561	2.3746278741e-03	2.3746284588e-03
4562	2.3740116629e-03	2.3740120235e-03
4563	2.3733959818e-03	2.3733960473e-03
4564	2.3727807779e-03	2.3727805353e-03
4565	2.3721659955e-03	2.3721654930e-03
4566	2.3715515892e-03	2.3715509238e-03
4567	2.3709375329e-03	2.3709368252e-03
4568	2.3703238242e-03	2.3703231902e-03
4569	2.3697104824e-03	2.3697100096e-03
4570	2.3690975422e-03	2.3690972741e-03
4571	2.3684850436e-03	2.3684849765e-03
4572	2.3678730207e-03	2.3678731130e-03
4573	2.3672614971e-03	2.3672616833e-03
4574	2.3666504814e-03	2.3666506905e-03
4575	2.3660399673e-03	2.3660401397e-03
4576	2.3654299363e-03	2.3654300361e-03
4577	2.3648203643e-03	2.3648203843e-03
4578	2.3642112274e-03	2.3642111863e-03
4579	2.3636025076e-03	2.3636024419e-03
4580	2.3629941968e-03	2.3629941484e-03
4581	2.3623862976e-03	2.3623863019e-03
4582	2.3617788211e-03	2.3617788978e-03
4583	2.3611717834e-03	2.3611719326e-03
4584	2.3605652009e-03	2.3605654043e-03
4585	2.3599590861e-03	2.3599593136e-03
4586	2.3593534444e-03	2.3593536640e-03
4587	2.3587482742e-03	2.3587484603e-03
4588	2.3581435673e-03	2.3581437072e-03
4589	2.3575393115e-03	2.3575394082e-03
4590	2.3569354940e-03	2.3569355646e-03
4591	2.3563321040e-03	2.3563321754e-03
4592	2.3557291353e-03	2.3557292368e-03
4593	2.3551265872e-03	2.3551267438e-03
4594	2.3545244635e-03	2.3545246903e-03
4595	2.3539227718e-03	2.3539230705e-03
4596	2.3533215202e-03	2.3533218797e-03
4597	2.3527207158e-03	2.3527211142e-03
4598	2.3521203624e-03	2.3521207718e-03
4599	2.3515204600e-03	2.3515208513e-03
4600	2.3509210041e-03	2.3509213519e-03
4601	2.3503219877e-03	2.3503222730e-03
4602	2.3497234025e-03	2.3497236134e-03
4603	2.3491252407e-03	2.3491253713e-03
4604	2.3485274975e-03	2.3485275441e-03
4605	2.3479301715e-03	2.3479301286e-03
4606	2.3473332633e-03	2.3473331215e-03
4607	2.3467367751e-03	2.3467365193e-03
4608	2.3461407098e-03	2.3461403195e-03
4609	2.3455450684e-03	2.3455445198e-03
4610	2.3449498176e-03	2.3449491191e-03
4611	2.3443549196e-03	2.3443541167e-03
4612	2.3437603529e-03	2.3437595125e-03
4613	2.3431661123e-03	2.3431653064e-03
4614	2.3425722071e-03	2.3425714987e-03
4615	2.3419786564e-03	2.3419780888e-03
4616	2.3413854836e-03	2.3413850763e-03
4617	2.3407927112e-03	2.3407924600e-03
4618	2.3402003551e-03	2.3402002387e-03
4619	2.3396084223e-03	2.3396084110e-03
4620	2.3390169112e-03	2.3390169757e-03
4621	2.3384258138e-03	2.3384259321e-03
4622	2.3378351214e-03	2.3378352797e-03
4623	2.3372448250e-03	2.3372450188e-03
4624	2.3366549195e-03	2.3366551499e-03
4625	2.3360654048e-03	2.3360656737e-03
4626	2.3354762849e-03	2.3354765913e-03
4627	2.3348875662e-03	2.3348879033e-03
4628	2.3342992563e-03	2.3342996106e-03
4629	2.3337113613e-03	2.3337117137e-03
4630	2.3331238848e-03	2.3331242130e-03
4631	2.3325368267e-03	2.3325371089e-03
4632	2.3319501832e-03	2.3319504008e-03
4633	2.3313639479e-03	2.3313640873e-03
4634	2.3307781136e-03	2.3307781671e-03
4635	2.3301926731e-03	2.3301926396e-03
4636	2.3296076195e-03	2.3296075044e-03
4637	2.3290229482e-03	2.3290227612e-03
4638	2.3284386579e-03	2.3284384096e-03
4639	2.3278547472e-03	2.3278544499e-03
4640	2.3272712177e-03	2.3272708825e-03
4641	2.3266880725e-03	2.3266877080e-03
4642	2.3261053157e-03	2.3261049273e-03
4643	2.3255229504e-03	2.3255225420e-03
4644	2.3249409785e-03	2.3249405541e-03
4645	2.3243593999e-03	2.3243589659e-03
4646	2.3237782129e-03	2.3237777789e-03
4647	2.3231974141e-03	2.3231969943e-03
4648	2.3226169997e-03	2.3226166125e-03
4649	2.3220369662e-03	2.3220366334e-03
4650	2.3214573110e-03	2.3214570568e-03
4651	2.3208780329e-03	2.3208778827e-03
4652	2.3202991321e-03	2.3202991110e-03
4653	2.3197206101e-03	2.3197207422e-03
4654	2.3191424690e-03	2.3191427770e-03
4655	2.3185647109e-03	2.3185652162e-03
4656	2.3179873394e-03	2.3179880606e-03
4657	2.3174103975e-03	2.3174113107e-03
4658	2.3168339311e-03	2.3168349669e-03
4659	2.3162579647e-03	2.3162590310e-03
4660	2.3156825008e-03	2.3156835058e-03
4661	2.3151075227e-03	2.3151083931e-03
4662	2.3145330017e-03	2.3145336939e-03
4663	2.3139589054e-03	2.3139594070e-03
4664	2.3133852059e-03	2.3133855295e-03
4665	2.3128118849e-03	2.3128120572e-03
4666	2.3122389367e-03	2.3122389851e-03
4667	2.3116663669e-03	2.3116663084e-03
4668	2.3110941612e-03	2.3110940229e-03
4669	2.3105223106e-03	2.3105221259e-03
4670	2.3099508178e-03	2.3099506154e-03
4671	2.3093796923e-03	2.3093794906e-03
4672	2.3088089460e-03	2.3088087510e-03
4673	2.3082385896e-03	2.3082383960e-03
4674	2.3076686286e-03	2.3076684248e-03
4675	2.3070990632e-03	2.3070988353e-03
4676	2.3065298885e-03	2.3065296249e-03
4677	2.3059610964e-03	2.3059607903e-03
4678	2.3053926789e-03	2.3053923275e-03
4679	2.3048246305e-03	2.3048242330e-03
4680	2.3042569499e-03	2.3042565034e-03
4681	2.3036896406e-03	2.3036891357e-03
4682	2.3031227104e-03	2.3031221277e-03
4683	2.3025561666e-03	2.3025554786e-03
4684	2.3019899416e-03	2.3019891897e-03
4685	2.3014239915e-03	2.3014232633e-03
4686	2.3008583027e-03	2.3008577025e-03
4687	2.3002928923e-03	2.3002925103e-03
4688	2.2997277994e-03	2.2997276887e-03
4689	2.2991630747e-03	2.2991632396e-03
4690	2.2985987663e-03	2.2985991669e-03
4691	2.2980349071e-03	2.2980354675e-03
4692	2.2974715088e-03	2.2974721321e-03
4693	2.2969085632e-03	2.2969091498e-03
4694	2.2963460463e-03	2.2963465116e-03
4695	2.2957839261e-03	2.2957842133e-03
4696	2.2952221709e-03	2.2952222570e-03
4697	2.2946607577e-03	2.2946606504e-03
4698	2.2940996761e-03	2.2940994059e-03
4699	2.2935389298e-03	2.2935385379e-03
4700	2.2929785337e-03	2.2929780603e-03
4701	2.2924185079e-03	2.2924179842e-03
4702	2.2918588721e-03	2.2918583172e-03
4703	2.2912996393e-03	2.2912990627e-03
4704	2.2907408127e-03	2.2907402212e-03
4705	2.2901823844e-03	2.2901817914e-03
4706	2.2896243376e-03	2.2896237718e-03
4707	2.2890666571e-03	2.2890661620e-03
4708	2.2885093295e-03	2.2885089633e-03
4709	2.2879523427e-03	2.2879521785e-03
4710	2.2873956887e-03	2.2873958089e-03
4711	2.2868393655e-03	2.2868398538e-03
4712	2.2862833772e-03	2.2862843095e-03
4713	2.2857277323e-03	2.2857291702e-03
4714	2.2851724177e-03	2.2851744277e-03
4715	2.2846173248e-03	2.2846200729e-03
4716	2.2840626669e-03	2.2840660965e-03
4717	2.2835086938e-03	2.2835124900e-03
4718	2.2829555369e-03	2.2829592460e-03
4719	2.2824031991e-03	2.2824063590e-03
4720	2.2818515807e-03	2.2818538250e-03
4721	2.2813005139e-03	2.2813016413e-03
4722	2.2807498094e-03	2.2807498059e-03
4723	2.2801993006e-03	2.2801983163e-03
4724	2.2796488769e-03	2.2796471690e-03
4725	2.2790984983e-03	2.2790963600e-03
4726	2.2785481917e-03	2.2785458841e-03
4727	2.2779980308e-03	2.2779957361e-03
4728	2.2774481075e-03	2.2774459108e-03
4729	2.2768985031e-03	2.2768964038e-03
4730	2.2763492656e-03	2.2763472109e-03
4731	2.2758004001e-03	2.2757983288e-03
4732	2.2752518714e-03	2.2752497544e-03
4733	2.2747036189e-03	2.2747014846e-03
4734	2.2741555758e-03	2.2741535164e-03
4735	2.2736076883e-03	2.2736058464e-03
4736	2.2730599335e-03	2.2730584698e-03
4737	2.2725123269e-03	2.2725113788e-03
4738	2.2719649185e-03	2.2719645651e-03
4739	2.2714177814e-03	2.2714180206e-03
4740	2.2708709949e-03	2.2708717387e-03
4741	2.2703246265e-03	2.2703257113e-03
4742	2.2697787184e-03	2.2697799391e-03
4743	2.2692332795e-03	2.2692344329e-03
4744	2.2686882856e-03	2.2686892112e-03
4745	2.2681436885e-03	2.2681442957e-03
4746	2.2675994279e-03	2.2675997072e-03
4747	2.2670554473e-03	2.2670554624e-03
4748	2.2665117276e-03	2.2665115714e-03
4749	2.2659682662e-03	2.2659680382e-03
4750	2.2654250786e-03	2.2654248616e-03
4751	2.2648821944e-03	2.2648820377e-03
4752	2.2643396422e-03	2.2643395624e-03
4753	2.2637974428e-03	2.2637974340e-03
4754	2.2632556060e-03	2.2632556537e-03
4755	2.2627141298e-03	2.2627142262e-03
4756	2.2621730031e-03	2.2621731582e-03
4757	2.2616322101e-03	2.2616324568e-03
4758	2.2610917345e-03	2.2610921278e-03
4759	2.2605515629e-03	2.2605521737e-03
4760	2.2600116892e-03	2.2600125937e-03
4761	2.2594721608e-03	2.2594733827e-03
4762	2.2589330693e-03	2.2589345332e-03
4763	2.2583944773e-03	2.2583960364e-03
4764	2.2578564057e-03	2.2578578837e-03
4765	2.2573188320e-03	2.2573200682e-03
4766	2.2567817009e-03	2.2567825858e-03
4767	2.2562449418e-03	2.2562454348e-03
4768	2.2557084879e-03	2.2557086159e-03
4769	2.2551722906e-03	2.2551721307e-03
4770	2.2546363147e-03	2.2546359809e-03
4771	2.2541005566e-03	2.2541001667e-03
4772	2.2535650430e-03	2.2535646867e-03
4773	2.2530298190e-03	2.2530295371e-03
4774	2.2524949336e-03	2.2524947131e-03
4775	2.2519604249e-03	2.2519602093e-03
4776	2.2514263102e-03	2.2514260207e-03
4777	2.2508925816e-03	2.2508921431e-03
4778	2.2503592094e-03	2.2503585737e-03
4779	2.2498261497e-03	2.2498253107e-03
4780	2.2492933559e-03	2.2492923535e-03
4781	2.2487607895e-03	2.2487597017e-03
4782	2.2482284281e-03	2.2482273546e-03
4783	2.2476962691e-03	2.2476953109e-03
4784	2.2471643288e-03	2.2471635685e-03
4785	2.2466326363e-03	2.2466321245e-03
4786	2.2461012262e-03	2.2461009748e-03
4787	2.2455701298e-03	2.2455701157e-03
4788	2.2450393696e-03	2.2450395461e-03
4789	2.2445089553e-03	2.2445092667e-03
4790	2.2439788848e-03	2.2439792801e-03
4791	2.2434491463e-03	2.2434495898e-03
4792	2.2429197242e-03	2.2429201984e-03
4793	2.2423906042e-03	2.2423911052e-03
4794	2.2418617777e-03	2.2418623070e-03
4795	2.2413332435e-03	2.2413337997e-03
4796	2.2408050085e-03	2.2408055785e-03
4797	2.2402770845e-03	2.2402776393e-03
4798	2.2397494850e-03	2.2397499798e-03
4799	2.2392222205e-03	2.2392225999e-03
4800	2.2386952962e-03	2.2386955020e-03
4801	2.2381687094e-03	2.2381686902e-03
4802	2.2376424501e-03	2.2376421697e-03
4803	2.2371165034e-03	2.2371159460e-03
4804	2.2365908523e-03	2.2365900236e-03
4805	2.2360654679e-03	2.2360644063e-03
4806	2.2355403300e-03	2.2355390965e-03
4807	2.2350154306e-03	2.2350140953e-03
4808	2.2344907695e-03	2.2344894036e-03
4809	2.2339663339e-03	2.2339650217e-03
4810	2.2334421257e-03	2.2334409506e-03
4811	2.2329181589e-03	2.2329171918e-03
4812	2.2323944548e-03	2.2323937471e-03
4813	2.2318710365e-03	2.2318706192e-03
4814	2.2313479229e-03	2.2313478107e-03
4815	2.2308251152e-03	2.2308253241e-03
4816	2.2303026008e-03	2.2303031611e-03
4817	2.2297803972e-03	2.2297813229e-03
4818	2.2292585719e-03	2.2292598102e-03
4819	2.2287371669e-03	2.2287386226e-03
4820	2.2282162002e-03	2.2282177601e-03
4821	2.2276956684e-03	2.2276972224e-03
4822	2.2271755515e-03	2.2271770097e-03
4823	2.2266558211e-03	2.2266571225e-03
4824	2.2261364487e-03	2.2261375622e-03
4825	2.2256174119e-03	2.2256183303e-03
4826	2.2250986987e-03	2.2250994289e-03
4827	2.2245803079e-03	2.2245808596e-03
4828	2.2240622460e-03	2.2240626240e-03
4829	2.2235445217e-03	2.2235447231e-03
4830	2.2230271415e-03	2.2230271574e-03
4831	2.2225101052e-03	2.2225099262e-03
4832	2.2219934040e-03	2.2219930283e-03
4833	2.2214770212e-03	2.2214764615e-03
4834	2.2209609366e-03	2.2209602234e-03
4835	2.2204451297e-03	2.2204443108e-03
4836	2.2199295846e-03	2.2199287201e-03
4837	2.2194142929e-03	2.2194134475e-03
4838	2.2188992552e-03	2.2188984923e-03
4839	2.2183844802e-03	2.2183838547e-03
4840	2.2178699825e-03	2.2178695348e-03
4841	2.2173557792e-03	2.2173555308e-03
4842	2.2168418860e-03	2.2168418376e-03
4843	2.2163283144e-03	2.2163284482e-03
4844	2.2158150704e-03	2.2158153557e-03
4845	2.2153021537e-03	2.2153025541e-03
4846	2.2147895596e-03	2.2147900384e-03
4847	2.2142772806e-03	2.2142778055e-03
4848	2.2137653093e-03	2.2137658538e-03
4849	2.2132536399e-03	2.2132541828e-03
4850	2.2127422686e-03	2.2127427931e-03
4851	2.2122311960e-03	2.2122316854e-03
4852	2.2117204255e-03	2.2117208604e-03
4853	2.2112099605e-03	2.2112103185e-03
4854	2.2106998032e-03	2.2107000596e-03
4855	2.2101899549e-03	2.2101900832e-03
4856	2.2096804154e-03	2.2096803891e-03
4857	2.2091711829e-03	2.2091709770e-03
4858	2.2086622543e-03	2.2086618470e-03
4859	2.2081536254e-03	2.2081529998e-03
4860	2.2076452923e-03	2.2076444362e-03
4861	2.2071372523e-03	2.2071361572e-03
4862	2.2066294919e-03	2.2066281638e-03
4863	2.2061219113e-03	2.2061204564e-03
4864	2.2056144509e-03	2.2056130353e-03
4865	2.2051070970e-03	2.2051058999e-03
4866	2.2045998805e-03	2.2045990493e-03
4867	2.2040928637e-03	2.2040924821e-03
4868	2.2035861217e-03	2.2035861969e-03
4869	2.2030797245e-03	2.2030801925e-03
4870	2.2025737211e-03	2.2025744679e-03
4871	2.2020681309e-03	2.2020690225e-03
4872	2.2015629432e-03	2.2015638565e-03
4873	2.2010581253e-03	2.2010589702e-03
4874	2.2005536339e-03	2.2005543645e-03
4875	2.2000494286e-03	2.2000500403e-03
4876	2.1995454820e-03	2.1995459990e-03
4877	2.1990417842e-03	2.1990422419e-03
4878	2.1985383416e-03	2.1985387700e-03
4879	2.1980351756e-03	2.1980355846e-03
4880	2.1975323134e-03	2.1975326867e-03
4881	2.1970297770e-03	2.1970300776e-03
4882	2.1965275770e-03	2.1965277588e-03
4883	2.1960257106e-03	2.1960257317e-03
4884	2.1955241617e-03	2.1955239982e-03
4885	2.1950229051e-03	2.1950225599e-03
4886	2.1945219127e-03	2.1945214190e-03
4887	2.1940211606e-03	2.1940205774e-03
4888	2.1935206341e-03	2.1935200367e-03
4889	2.1930203310e-03	2.1930197952e-03
4890	2.1925202613e-03	2.1925198486e-03
4891	2.1920204441e-03	2.1920201908e-03
4892	2.1915209025e-03	2.1915208154e-03
4893	2.1910216586e-03	2.1910217174e-03
4894	2.1905227285e-03	2.1905228931e-03
4895	2.1900241202e-03	2.1900243411e-03
4896	2.1895258326e-03	2.1895260621e-03
4897	2.1890278578e-03	2.1890280578e-03
4898	2.1885301839e-03	2.1885303307e-03
4899	2.1880327987e-03	2.1880328829e-03
4900	2.1875356876e-03	2.1875357156e-03
4901	2.1870388404e-03	2.1870388294e-03
4902	2.1865422578e-03	2.1865422237e-03
4903	2.1860459465e-03	2.1860458977e-03
4904	2.1855499132e-03	2.1855498507e-03
4905	2.1850541619e-03	2.1850540823e-03
4906	2.1845586967e-03	2.1845585934e-03
4907	2.1840635191e-03	2.1840633857e-03
4908	2.1835686281e-03	2.1835684617e-03
4909	2.1830740202e-03	2.1830738246e-03
4910	2.1825796909e-03	2.1825794774e-03
4911	2.1820856352e-03	2.1820854221e-03
4912	2.1815918500e-03	2.1815916599e-03
4913	2.1810983343e-03	2.1810981904e-03
4914	2.1806050901e-03	2.1806050123e-03
4915	2.1801121220e-03	2.1801121235e-03
4916	2.1796194360e-03	2.1796195221e-03
4917	2.1791270388e-03	2.1791272059e-03
4918	2.1786349360e-03	2.1786351740e-03
4919	2.1781431322e-03	2.1781434249e-03
4920	2.1776516301e-03	2.1776519574e-03
4921	2.1771604306e-03	2.1771607702e-03
4922	2.1766695333e-03	2.1766698630e-03
4923	2.1761789361e-03	2.1761792361e-03
4924	2.1756886371e-03	2.1756888906e-03
4925	2.1751986343e-03	2.1751988283e-03
4926	2.1747089265e-03	2.1747090510e-03
4927	2.1742195129e-03	2.1742195604e-03
4928	2.1737303930e-03	2.1737303579e-03
4929	2.1732415667e-03	2.1732414444e-03
4930	2.1727530335e-03	2.1727528204e-03
4931	2.1722647917e-03	2.1722644860e-03
4932	2.1717768318e-03	2.1717764412e-03
4933	2.1712891440e-03	2.1712886857e-03
4934	2.1708017141e-03	2.1708012197e-03
4935	2.1703145331e-03	2.1703140433e-03
4936	2.1698276010e-03	2.1698271568e-03
4937	2.1693409234e-03	2.1693405607e-03
4938	2.1688545093e-03	2.1688542550e-03
4939	2.1683683682e-03	2.1683682398e-03
4940	2.1678825081e-03	2.1678825145e-03
4941	2.1673969336e-03	2.1673970783e-03
4942	2.1669116458e-03	2.1669119303e-03
4943	2.1664266430e-03	2.1664270694e-03
4944	2.1659419493e-03	2.1659424947e-03
4945	2.1654575995e-03	2.1654582056e-03
4946	2.1649736108e-03	2.1649742021e-03
4947	2.1644899812e-03	2.1644904844e-03
4948	2.1640066929e-03	2.1640070535e-03
4949	2.1635237192e-03	2.1635239104e-03
4950	2.1630410314e-03	2.1630410566e-03
4951	2.1625586058e-03	2.1625584935e-03
4952	2.1620764294e-03	2.1620762227e-03
4953	2.1615945014e-03	2.1615942454e-03
4954	2.1611128312e-03	2.1611125624e-03
4955	2.1606314340e-03	2.1606311746e-03
4956	2.1601503254e-03	2.1601500825e-03
4957	2.1596695172e-03	2.1596692867e-03
4958	2.1591890142e-03	2.1591887875e-03
4959	2.1587088136e-03	2.1587085851e-03
4960	2.1582289072e-03	2.1582286791e-03
4961	2.1577492843e-03	2.1577490691e-03
4962	2.1572699360e-03	2.1572697545e-03
4963	2.1567908577e-03	2.1567907344e-03
4964	2.1563120515e-03	2.1563120084e-03
4965	2.1558335255e-03	2.1558335757e-03
4966	2.1553552917e-03	2.1553554356e-03
4967	2.1548773637e-03	2.1548775873e-03
4968	2.1543997533e-03	2.1544000300e-03
4969	2.1539224676e-03	2.1539227624e-03
4970	2.1534455082e-03	2.1534457843e-03
4971	2.1529688708e-03	2.1529690967e-03
4972	2.1524925473e-03	2.1524927015e-03
4973	2.1520165276e-03	2.1520166012e-03
4974	2.1515408013e-03	2.1515407982e-03
4975	2.1510653568e-03	2.1510652942e-03
4976	2.1505901887e-03	2.1505900901e-03
4977	2.1501152973e-03	2.1501151860e-03
4978	2.1496406876e-03	2.1496405815e-03
4979	2.1491663675e-03	2.1491662760e-03
4980	2.1486923454e-03	2.1486922690e-03
4981	2.1482186277e-03	2.1482185602e-03
4982	2.1477452182e-03	2.1477451501e-03
4983	2.1472721179e-03	2.1472720394e-03
4984	2.1467993249e-03	2.1467992290e-03
4985	2.1463268343e-03	2.1463267198e-03
4986	2.1458546404e-03	2.1458545127e-03
4987	2.1453827381e-03	2.1453826080e-03
4988	2.1449111245e-03	2.1449110057e-03
4989	2.1444397998e-03	2.1444397056e-03
4990	2.1439687670e-03	2.1439687074e-03
4991	2.1434980315e-03	2.1434980110e-03
4992	2.1430275995e-03	2.1430276164e-03
4993	2.1425574764e-03	2.1425575243e-03
4994	2.1420876665e-03	2.1420877354e-03
4995	2.1416181710e-03	2.1416182510e-03
4996	2.1411489884e-03	2.1411490722e-03
4997	2.1406801153e-03	2.1406802004e-03
4998	2.1402115476e-03	2.1402116366e-03
4999	2.1397432853e-03	2.1397433816e-03
5000	2.1392753316e-03	2.1392754361e-03
5001	2.1388076895e-03	2.1388078013e-03
5002	2.1383403612e-03	2.1383404786e-03
5003	2.1378733481e-03	2.1378734692e-03
5004	2.1374066505e-03	2.1374067736e-03
5005	2.1369402678e-03	2.1369403917e-03
5006	2.1364741987e-03	2.1364743225e-03
5007	2.1360084420e-03	2.1360085648e-03
5008	2.1355429963e-03	2.1355431170e-03
5009	2.1350778609e-03	2.1350779775e-03
5010	2.1346130354e-03	2.1346131455e-03
5011	2.1341485199e-03	2.1341486201e-03
5012	2.1336843147e-03	2.1336844013e-03
5013	2.1332204202e-03	2.1332204890e-03
5014	2.1327568363e-03	2.1327568831e-03
5015	2.1322935614e-03	2.1322935834e-03
5016	2.1318305939e-03	2.1318305900e-03
5017	2.1313679329e-03	2.1313679027e-03
5018	2.1309055785e-03	2.1309055215e-03
5019	2.1304435319e-03	2.1304434465e-03
5020	2.1299817948e-03	2.1299816780e-03
5021	2.1295203694e-03	2.1295202163e-03
5022	2.1290592580e-03	2.1290590617e-03
5023	2.1285984624e-03	2.1285982139e-03
5024	2.1281379840e-03	2.1281376725e-03
5025	2.1276778219e-03	2.1276774371e-03
5026	2.1272179379e-03	2.1272175072e-03
5027	2.1267583076e-03	2.1267578826e-03
5028	2.1262989238e-03	2.1262985632e-03
5029	2.1258397964e-03	2.1258395493e-03
5030	2.1253809480e-03	2.1253808410e-03
5031	2.1249224067e-03	2.1249224390e-03
5032	2.1244641986e-03	2.1244643461e-03
5033	2.1240063421e-03	2.1240065674e-03
5034	2.1235488439e-03	2.1235491082e-03
5035	2.1230917000e-03	2.1230919730e-03
5036	2.1226348979e-03	2.1226351639e-03
5037	2.1221784229e-03	2.1221786807e-03
5038	2.1217222643e-03	2.1217225215e-03
5039	2.1212664160e-03	2.1212666834e-03
5040	2.1208108750e-03	2.1208111635e-03
5041	2.1203556410e-03	2.1203559592e-03
5042	2.1199007150e-03	2.1199010692e-03
5043	2.1194460982e-03	2.1194464927e-03
5044	2.1189917915e-03	2.1189922296e-03
5045	2.1185377946e-03	2.1185382794e-03
5046	2.1180841072e-03	2.1180846409e-03
5047	2.1176307327e-03	2.1176313120e-03
5048	2.1171776808e-03	2.1171782891e-03
5049	2.1167249598e-03	2.1167255682e-03
5050	2.1162725760e-03	2.1162731449e-03
5051	2.1158205340e-03	2.1158210152e-03
5052	2.1153688368e-03	2.1153691749e-03
5053	2.1149174865e-03	2.1149176202e-03
5054	2.1144664849e-03	2.1144663482e-03
5055	2.1140158335e-03	2.1140153574e-03
5056	2.1135655347e-03	2.1135646475e-03
5057	2.1131155012e-03	2.1131142197e-03
5058	2.1126656424e-03	2.1126640759e-03
5059	2.1122159130e-03	2.1122142185e-03
5060	2.1117663152e-03	2.1117646502e-03
5061	2.1113168920e-03	2.1113153732e-03
5062	2.1108677041e-03	2.1108663896e-03
5063	2.1104188096e-03	2.1104177011e-03
5064	2.1099702451e-03	2.1099693092e-03
5065	2.1095220213e-03	2.1095212160e-03
5066	2.1090741245e-03	2.1090734236e-03
5067	2.1086265259e-03	2.1086259349e-03
5068	2.1081791941e-03	2.1081787526e-03
5069	2.1077321084e-03	2.1077318798e-03
5070	2.1072852667e-03	2.1072853195e-03
5071	2.1068386891e-03	2.1068390743e-03
5072	2.1063924147e-03	2.1063931467e-03
5073	2.1059464919e-03	2.1059475392e-03
5074	2.1055009681e-03	2.1055022543e-03
5075	2.1050558782e-03	2.1050572950e-03
5076	2.1046112385e-03	2.1046126647e-03
5077	2.1041670449e-03	2.1041683678e-03
5078	2.1037232782e-03	2.1037244091e-03
5079	2.1032799060e-03	2.1032807941e-03
5080	2.1028368937e-03	2.1028375288e-03
5081	2.1023942127e-03	2.1023946193e-03
5082	2.1019518457e-03	2.1019520723e-03
5083	2.1015097885e-03	2.1015098914e-03
5084	2.1010680471e-03	2.1010680769e-03
5085	2.1006266340e-03	2.1006266267e-03
5086	2.1001855629e-03	2.1001855372e-03
5087	2.0997448460e-03	2.0997448053e-03
5088	2.0993044932e-03	2.0993044286e-03
5089	2.0988645047e-03	2.0988644061e-03
5090	2.0984248730e-03	2.0984247380e-03
5091	2.0979855867e-03	2.0979854247e-03
5092	2.0975466346e-03	2.0975464659e-03
5093	2.0971080095e-03	2.0971078604e-03
5094	2.0966697103e-03	2.0966696054e-03
5095	2.0962317375e-03	2.0962316968e-03
5096	2.0957940969e-03	2.0957941297e-03
5097	2.0953567984e-03	2.0953568994e-03
5098	2.0949198529e-03	2.0949200018e-03
5099	2.0944832686e-03	2.0944834348e-03
5100	2.0940470491e-03	2.0940471974e-03
5101	2.0936111920e-03	2.0936112905e-03
5102	2.0931756888e-03	2.0931757157e-03
5103	2.0927405271e-03	2.0927404750e-03
5104	2.0923056957e-03	2.0923055702e-03
5105	2.0918711857e-03	2.0918710025e-03
5106	2.0914369917e-03	2.0914367722e-03
5107	2.0910031127e-03	2.0910028785e-03
5108	2.0905695515e-03	2.0905693206e-03
5109	2.0901363133e-03	2.0901360975e-03
5110	2.0897034041e-03	2.0897032082e-03
5111	2.0892708285e-03	2.0892706526e-03
5112	2.0888385891e-03	2.0888384307e-03
5113	2.0884066861e-03	2.0884065426e-03
5114	2.0879751174e-03	2.0879749892e-03
5115	2.0875438800e-03	2.0875437708e-03
5116	2.0871129708e-03	2.0871128880e-03
5117	2.0866823880e-03	2.0866823409e-03
5118	2.0862521343e-03	2.0862521291e-03
5119	2.0858222197e-03	2.0858222523e-03
5120	2.0853926510e-03	2.0853927102e-03
5121	2.0849634324e-03	2.0849635025e-03
5122	2.0845345639e-03	2.0845346291e-03
5123	2.0841060415e-03	2.0841060904e-03
5124	2.0836778589e-03	2.0836778872e-03
5125	2.0832500109e-03	2.0832500206e-03
5126	2.0828224942e-03	2.0828224918e-03
5127	2.0823953082e-03	2.0823953024e-03
5128	2.0819684554e-03	2.0819684536e-03
5129	2.0815419428e-03	2.0815419467e-03
5130	2.0811157766e-03	2.0811157826e-03
5131	2.0806899624e-03	2.0806899618e-03
5132	2.0802645034e-03	2.0802644849e-03
5133	2.0798393965e-03	2.0798393517e-03
5134	2.0794146358e-03	2.0794145622e-03
5135	2.0789902141e-03	2.0789901161e-03
5136	2.0785661259e-03	2.0785660136e-03
5137	2.0781423702e-03	2.0781422553e-03
5138	2.0777189486e-03	2.0777188422e-03
5139	2.0772958662e-03	2.0772957757e-03
5140	2.0768731283e-03	2.0768730572e-03
5141	2.0764507400e-03	2.0764506880e-03
5142	2.0760287068e-03	2.0760286693e-03
5143	2.0756070316e-03	2.0756070019e-03
5144	2.0751857145e-03	2.0751856867e-03
5145	2.0747647537e-03	2.0747647245e-03
5146	2.0743441469e-03	2.0743441163e-03
5147	2.0739238931e-03	2.0739238634e-03
5148	2.0735039911e-03	2.0735039672e-03
5149	2.0730844414e-03	2.0730844290e-03
5150	2.0726652457e-03	2.0726652500e-03
5151	2.0722464061e-03	2.0722464315e-03
5152	2.0718279246e-03	2.0718279743e-03
5153	2.0714098023e-03	2.0714098793e-03
5154	2.0709920399e-03	2.0709921469e-03
5155	2.0705746368e-03	2.0705747778e-03
5156	2.0701575918e-03	2.0701577721e-03
5157	2.0697409056e-03	2.0697411300e-03
5158	2.0693245924e-03	2.0693248518e-03
5159	2.0689086628e-03	2.0689089384e-03
5160	2.0684931222e-03	2.0684933909e-03
5161	2.0680779695e-03	2.0680782103e-03
5162	2.0676631987e-03	2.0676633973e-03
5163	2.0672488012e-03	2.0672489524e-03
5164	2.0668347683e-03	2.0668348752e-03
5165	2.0664210936e-03	2.0664211651e-03
5166	2.0660077738e-03	2.0660078213e-03
5167	2.0655948095e-03	2.0655948435e-03
5168	2.0651822037e-03	2.0651822320e-03
5169	2.0647699605e-03	2.0647699874e-03
5170	2.0643580836e-03	2.0643581100e-03
5171	2.0639465750e-03	2.0639465997e-03
5172	2.0635354343e-03	2.0635354557e-03
5173	2.0631246592e-03	2.0631246765e-03
5174	2.0627142461e-03	2.0627142603e-03
5175	2.0623041903e-03	2.0623042051e-03
5176	2.0618944859e-03	2.0618945089e-03
5177	2.0614851304e-03	2.0614851700e-03
5178	2.0610761246e-03	2.0610761874e-03
5179	2.0606674718e-03	2.0606675600e-03
5180	2.0602591771e-03	2.0602592872e-03
5181	2.0598512545e-03	2.0598513683e-03
5182	2.0594437123e-03	2.0594438024e-03
5183	2.0590365532e-03	2.0590365887e-03
5184	2.0586297589e-03	2.0586297265e-03
5185	2.0582233121e-03	2.0582232153e-03
5186	2.0578172006e-03	2.0578170551e-03
5187	2.0574114192e-03	2.0574112459e-03
5188	2.0570059714e-03	2.0570057878e-03
5189	2.0566008673e-03	2.0566006808e-03
5190	2.0561961205e-03	2.0561959251e-03
5191	2.0557917428e-03	2.0557915203e-03
5192	2.0553877144e-03	2.0553874664e-03
5193	2.0549840148e-03	2.0549837627e-03
5194	2.0545806321e-03	2.0545804089e-03
5195	2.0541775648e-03	2.0541774044e-03
5196	2.0537748210e-03	2.0537747487e-03
5197	2.0533724157e-03	2.0533724414e-03
5198	2.0529703649e-03	2.0529704820e-03
5199	2.0525686823e-03	2.0525688700e-03
5200	2.0521673759e-03	2.0521676050e-03
5201	2.0517664469e-03	2.0517666867e-03
5202	2.0513658898e-03	2.0513661149e-03
5203	2.0509656952e-03	2.0509658891e-03
5204	2.0505658527e-03	2.0505660090e-03
5205	2.0501663540e-03	2.0501664742e-03
5206	2.0497671948e-03	2.0497672845e-03
5207	2.0493683748e-03	2.0493684399e-03
5208	2.0489698965e-03	2.0489699406e-03
5209	2.0485717640e-03	2.0485717872e-03
5210	2.0481739806e-03	2.0481739798e-03
5211	2.0477765479e-03	2.0477765183e-03
5212	2.0473794647e-03	2.0473794021e-03
5213	2.0469827272e-03	2.0469826308e-03
5214	2.0465863300e-03	2.0465862040e-03
5215	2.0461902681e-03	2.0461901215e-03
5216	2.0457945375e-03	2.0457943836e-03
5217	2.0453991370e-03	2.0453989909e-03
5218	2.0450040677e-03	2.0450039436e-03
5219	2.0446093331e-03	2.0446092408e-03
5220	2.0442149373e-03	2.0442148814e-03
5221	2.0438208845e-03	2.0438208637e-03
5222	2.0434271776e-03	2.0434271866e-03
5223	2.0430338221e-03	2.0430338492e-03
5224	2.0426408177e-03	2.0426408514e-03
5225	2.0422481612e-03	2.0422481937e-03
5226	2.0418558475e-03	2.0418558764e-03
5227	2.0414638709e-03	2.0414639003e-03
5228	2.0410722277e-03	2.0410722655e-03
5229	2.0406809162e-03	2.0406809718e-03
5230	2.0402899377e-03	2.0402900190e-03
5231	2.0398992958e-03	2.0398994061e-03
5232	2.0395089953e-03	2.0395091324e-03
5233	2.0391190407e-03	2.0391191970e-03
5234	2.0387294350e-03	2.0387295994e-03
5235	2.0383401792e-03	2.0383403391e-03
5236	2.0379512717e-03	2.0379514159e-03
5237	2.0375627081e-03	2.0375628294e-03
5238	2.0371744831e-03	2.0371745793e-03
5239	2.0367865923e-03	2.0367866649e-03
5240	2.0363990327e-03	2.0363990854e-03
5241	2.0360118033e-03	2.0360118397e-03
5242	2.0356249048e-03	2.0356249265e-03
5243	2.0352383390e-03	2.0352383446e-03
5244	2.0348521079e-03	2.0348520929e-03
5245	2.0344662132e-03	2.0344661704e-03
5246	2.0340806553e-03	2.0340805763e-03
5247	2.0336954318e-03	2.0336953100e-03
5248	2.0333105294e-03	2.0333103709e-03
5249	2.0329259391e-03	2.0329257586e-03
5250	2.0325416571e-03	2.0325414727e-03
5251	2.0321576843e-03	2.0321575127e-03
5252	2.0317740242e-03	2.0317738779e-03
5253	2.0313906827e-03	2.0313905676e-03
5254	2.0310076655e-03	2.0310075810e-03
5255	2.0306249769e-03	2.0306249172e-03
5256	2.0302426185e-03	2.0302425753e-03
5257	2.0298605887e-03	2.0298605547e-03
5258	2.0294788842e-03	2.0294788549e-03
5259	2.0290975007e-03	2.0290974756e-03
5260	2.0287164342e-03	2.0287164166e-03
5261	2.0283356826e-03	2.0283356779e-03
5262	2.0279552464e-03	2.0279552593e-03
5263	2.0275751282e-03	2.0275751610e-03
5264	2.0271953320e-03	2.0271953828e-03
5265	2.0268158615e-03	2.0268159246e-03
5266	2.0264367198e-03	2.0264367861e-03
5267	2.0260579077e-03	2.0260579673e-03
5268	2.0256794232e-03	2.0256794680e-03
5269	2.0253012622e-03	2.0253012884e-03
5270	2.0249234205e-03	2.0249234285e-03
5271	2.0245458947e-03	2.0245458886e-03
5272	2.0241686833e-03	2.0241686689e-03
5273	2.0237917859e-03	2.0237917699e-03
5274	2.0234152039e-03	2.0234151919e-03
5275	2.0230389390e-03	2.0230389348e-03
5276	2.0226629931e-03	2.0226629983e-03
5277	2.0222873672e-03	2.0222873817e-03
5278	2.0219120615e-03	2.0219120844e-03
5279	2.0215370753e-03	2.0215371055e-03
5280	2.0211624071e-03	2.0211624440e-03
5281	2.0207880554e-03	2.0207880992e-03
5282	2.0204140193e-03	2.0204140704e-03
5283	2.0200402983e-03	2.0200403568e-03
5284	2.0196668923e-03	2.0196669579e-03
5285	2.0192938021e-03	2.0192938729e-03
5286	2.0189210283e-03	2.0189211013e-03
5287	2.0185485714e-03	2.0185486418e-03
5288	2.0181764318e-03	2.0181764934e-03
5289	2.0178046088e-03	2.0178046550e-03
5290	2.0174331015e-03	2.0174331262e-03
5291	2.0170619085e-03	2.0170619066e-03
5292	2.0166910284e-03	2.0166909964e-03
5293	2.0163204598e-03	2.0163203960e-03
5294	2.0159502016e-03	2.0159501059e-03
5295	2.0155802534e-03	2.0155801266e-03
5296	2.0152106149e-03	2.0152104583e-03
5297	2.0148412869e-03	2.0148411009e-03
5298	2.0144722610e-03	2.0144720542e-03
5299	2.0141035303e-03	2.0141033175e-03
5300	2.0137350904e-03	2.0137348903e-03
5301	2.0133669409e-03	2.0133667720e-03
5302	2.0129990848e-03	2.0129989620e-03
5303	2.0126315276e-03	2.0126314601e-03
5304	2.0122642756e-03	2.0122642661e-03
5305	2.0118973342e-03	2.0118973799e-03
5306	2.0115307071e-03	2.0115308012e-03
5307	2.0111643961e-03	2.0111645296e-03
5308	2.0107984008e-03	2.0107985647e-03
5309	2.0104327196e-03	2.0104329059e-03
5310	2.0100673501e-03	2.0100675528e-03
5311	2.0097022911e-03	2.0097025055e-03
5312	2.0093375525e-03	2.0093377640e-03
5313	2.0089731394e-03	2.0089733289e-03
5314	2.0086090513e-03	2.0086092007e-03
5315	2.0082452833e-03	2.0082453798e-03
5316	2.0078818281e-03	2.0078818663e-03
5317	2.0075186775e-03	2.0075186595e-03
5318	2.0071558246e-03	2.0071557586e-03
5319	2.0067932620e-03	2.0067931622e-03
5320	2.0064309864e-03	2.0064308690e-03
5321	2.0060689983e-03	2.0060688780e-03
5322	2.0057073016e-03	2.0057071883e-03
5323	2.0053459015e-03	2.0053457996e-03
5324	2.0049848034e-03	2.0049847120e-03
5325	2.0046240110e-03	2.0046239254e-03
5326	2.0042635258e-03	2.0042634399e-03
5327	2.0039033467e-03	2.0039032552e-03
5328	2.0035434702e-03	2.0035433714e-03
5329	2.0031838937e-03	2.0031837881e-03
5330	2.0028246156e-03	2.0028245055e-03
5331	2.0024656363e-03	2.0024655234e-03
5332	2.0021069608e-03	2.0021068424e-03
5333	2.0017485944e-03	2.0017484629e-03
5334	2.0013905382e-03	2.0013903857e-03
5335	2.0010327896e-03	2.0010326113e-03
5336	2.0006753406e-03	2.0006751405e-03
5337	2.0003181804e-03	2.0003179737e-03
5338	1.9999612988e-03	1.9999611114e-03
5339	1.9996046902e-03	1.9996045545e-03
5340	1.9992483559e-03	1.9992483037e-03
5341	1.9988923057e-03	1.9988923596e-03
5342	1.9985365563e-03	1.9985367228e-03
5343	1.9981811252e-03	1.9981813936e-03
5344	1.9978260269e-03	1.9978263725e-03
5345	1.9974712704e-03	1.9974716592e-03
5346	1.9971168572e-03	1.9971172535e-03
5347	1.9967627825e-03	1.9967631553e-03
5348	1.9964090369e-03	1.9964093643e-03
5349	1.9960556095e-03	1.9960558802e-03
5350	1.9957024910e-03	1.9957027030e-03
5351	1.9953496749e-03	1.9953498327e-03
5352	1.9949971587e-03	1.9949972692e-03
5353	1.9946449444e-03	1.9946450125e-03
5354	1.9942930346e-03	1.9942930624e-03
5355	1.9939414312e-03	1.9939414186e-03
5356	1.9935901339e-03	1.9935900806e-03
5357	1.9932391398e-03	1.9932390481e-03
5358	1.9928884436e-03	1.9928883202e-03
5359	1.9925380404e-03	1.9925378958e-03
5360	1.9921879267e-03	1.9921877741e-03
5361	1.9918381017e-03	1.9918379544e-03
5362	1.9914885674e-03	1.9914884363e-03
5363	1.9911393281e-03	1.9911392192e-03
5364	1.9907903886e-03	1.9907903026e-03
5365	1.9904417510e-03	1.9904416857e-03
5366	1.9900934157e-03	1.9900933675e-03
5367	1.9897453822e-03	1.9897453469e-03
5368	1.9893976494e-03	1.9893976228e-03
5369	1.9890502156e-03	1.9890501945e-03
5370	1.9887030792e-03	1.9887030615e-03
5371	1.9883562385e-03	1.9883562238e-03
5372	1.9880096922e-03	1.9880096813e-03
5373	1.9876634394e-03	1.9876634345e-03
5374	1.9873174794e-03	1.9873174835e-03
5375	1.9869718117e-03	1.9869718286e-03
5376	1.9866264357e-03	1.9866264695e-03
5377	1.9862813511e-03	1.9862814054e-03
5378	1.9859365573e-03	1.9859366349e-03
5379	1.9855920538e-03	1.9855921566e-03
5380	1.9852478401e-03	1.9852479688e-03
5381	1.9849039144e-03	1.9849040703e-03
5382	1.9845602753e-03	1.9845604608e-03
5383	1.9842169419e-03	1.9842171401e-03
5384	1.9838739263e-03	1.9838741091e-03
5385	1.9835312315e-03	1.9835313687e-03
5386	1.9831888519e-03	1.9831889198e-03
5387	1.9828467760e-03	1.9828467632e-03
5388	1.9825049899e-03	1.9825048991e-03
5389	1.9821634801e-03	1.9821633272e-03
5390	1.9818222375e-03	1.9818220466e-03
5391	1.9814812583e-03	1.9814810558e-03
5392	1.9811405442e-03	1.9811403532e-03
5393	1.9808001001e-03	1.9807999373e-03
5394	1.9804599320e-03	1.9804598068e-03
5395	1.9801200447e-03	1.9801199609e-03
5396	1.9797804404e-03	1.9797803986e-03
5397	1.9794411191e-03	1.9794411193e-03
5398	1.9791020782e-03	1.9791021217e-03
5399	1.9787633083e-03	1.9787634044e-03
5400	1.9784248051e-03	1.9784249659e-03
5401	1.9780865726e-03	1.9780868043e-03
5402	1.9777486235e-03	1.9777489181e-03
5403	1.9774109752e-03	1.9774113061e-03
5404	1.9770736434e-03	1.9770739674e-03
5405	1.9767366365e-03	1.9767369017e-03
5406	1.9763999522e-03	1.9764001087e-03
5407	1.9760635769e-03	1.9760635883e-03
5408	1.9757274890e-03	1.9757273403e-03
5409	1.9753916632e-03	1.9753913649e-03
5410	1.9750560767e-03	1.9750556623e-03
5411	1.9747207145e-03	1.9747202332e-03
5412	1.9743855718e-03	1.9743850776e-03
5413	1.9740506525e-03	1.9740501958e-03
5414	1.9737159683e-03	1.9737155884e-03
5415	1.9733815439e-03	1.9733812557e-03
5416	1.9730473983e-03	1.9730471979e-03
5417	1.9727135404e-03	1.9727134148e-03
5418	1.9723799695e-03	1.9723799060e-03
5419	1.9720466782e-03	1.9720466706e-03
5420	1.9717136574e-03	1.9717137079e-03
5421	1.9713809008e-03	1.9713810171e-03
5422	1.9710484081e-03	1.9710485973e-03
5423	1.9707161852e-03	1.9707164480e-03
5424	1.9703842438e-03	1.9703845688e-03
5425	1.9700525955e-03	1.9700529591e-03
5426	1.9697212481e-03	1.9697216181e-03
5427	1.9693902018e-03	1.9693905451e-03
5428	1.9690594496e-03	1.9690597397e-03
5429	1.9687289787e-03	1.9687292016e-03
5430	1.9683987783e-03	1.9683989311e-03
5431	1.9680688394e-03	1.9680689291e-03
5432	1.9677391551e-03	1.9677391964e-03
5433	1.9674097235e-03	1.9674097338e-03
5434	1.9670805474e-03	1.9670805418e-03
5435	1.9667516370e-03	1.9667516204e-03
5436	1.9664230015e-03	1.9664229687e-03
5437	1.9660946488e-03	1.9660945856e-03
5438	1.9657665778e-03	1.9657664693e-03
5439	1.9654387669e-03	1.9654386180e-03
5440	1.9651112044e-03	1.9651110298e-03
5441	1.9647838841e-03	1.9647837034e-03
5442	1.9644568059e-03	1.9644566377e-03
5443	1.9641299750e-03	1.9641298322e-03
5444	1.9638033996e-03	1.9638032865e-03
5445	1.9634770871e-03	1.9634769998e-03
5446	1.9631510419e-03	1.9631509714e-03
5447	1.9628252643e-03	1.9628252002e-03
5448	1.9624997500e-03	1.9624996852e-03
5449	1.9621744924e-03	1.9621744255e-03
5450	1.9618494849e-03	1.9618494204e-03
5451	1.9615247228e-03	1.9615246697e-03
5452	1.9612002052e-03	1.9612001735e-03
5453	1.9608759348e-03	1.9608759319e-03
5454	1.9605519169e-03	1.9605519450e-03
5455	1.9602281578e-03	1.9602282129e-03
5456	1.9599046626e-03	1.9599047354e-03
5457	1.9595814342e-03	1.9595815125e-03
5458	1.9592584725e-03	1.9592585439e-03
5459	1.9589357747e-03	1.9589358294e-03
5460	1.9586133362e-03	1.9586133688e-03
5461	1.9582911524e-03	1.9582911621e-03
5462	1.9579692195e-03	1.9579692096e-03
5463	1.9576475356e-03	1.9576475116e-03
5464	1.9573261007e-03	1.9573260687e-03
5465	1.9570049162e-03	1.9570048808e-03
5466	1.9566839840e-03	1.9566839477e-03
5467	1.9563633056e-03	1.9563632689e-03
5468	1.9560428814e-03	1.9560428438e-03
5469	1.9557227107e-03	1.9557226722e-03
5470	1.9554027918e-03	1.9554027536e-03
5471	1.9550831226e-03	1.9550830883e-03
5472	1.9547637016e-03	1.9547636764e-03
5473	1.9544445279e-03	1.9544445184e-03
5474	1.9541256019e-03	1.9541256149e-03
5475	1.9538069249e-03	1.9538069660e-03
5476	1.9534884987e-03	1.9534885714e-03
5477	1.9531703277e-03	1.9531704300e-03
5478	1.9528524174e-03	1.9528525406e-03
5479	1.9525347702e-03	1.9525349016e-03
5480	1.9522173847e-03	1.9522175118e-03
5481	1.9519002567e-03	1.9519003701e-03
5482	1.9515833808e-03	1.9515834757e-03
5483	1.9512667510e-03	1.9512668282e-03
5484	1.9509503639e-03	1.9509504267e-03
5485	1.9506342187e-03	1.9506342703e-03
5486	1.9503183172e-03	1.9503183582e-03
5487	1.9500026627e-03	1.9500026895e-03
5488	1.9496872581e-03	1.9496872638e-03
5489	1.9493721055e-03	1.9493720807e-03
5490	1.9490572046e-03	1.9490571405e-03
5491	1.9487425534e-03	1.9487424435e-03
5492	1.9484281486e-03	1.9484279901e-03
5493	1.9481139869e-03	1.9481137807e-03
5494	1.9478000657e-03	1.9477998155e-03
5495	1.9474863844e-03	1.9474860948e-03
5496	1.9471729410e-03	1.9471726183e-03
5497	1.9468597334e-03	1.9468593858e-03
5498	1.9465467490e-03	1.9465463970e-03
5499	1.9462339812e-03	1.9462336520e-03
5500	1.9459214312e-03	1.9459211515e-03
5501	1.9456091067e-03	1.9456088978e-03
5502	1.9452970176e-03	1.9452968945e-03
5503	1.9449851738e-03	1.9449851451e-03
5504	1.9446735823e-03	1.9446736519e-03
5505	1.9443622458e-03	1.9443624151e-03
5506	1.9440511632e-03	1.9440514331e-03
5507	1.9437403308e-03	1.9437407032e-03
5508	1.9434297483e-03	1.9434302224e-03
5509	1.9431194319e-03	1.9431199882e-03
5510	1.9428093895e-03	1.9428099992e-03
5511	1.9424996243e-03	1.9425002549e-03
5512	1.9421901343e-03	1.9421907552e-03
5513	1.9418809124e-03	1.9418814995e-03
5514	1.9415719495e-03	1.9415724864e-03
5515	1.9412632354e-03	1.9412637133e-03
5516	1.9409547626e-03	1.9409551767e-03
5517	1.9406465284e-03	1.9406468724e-03
5518	1.9403385341e-03	1.9403387966e-03
5519	1.9400307844e-03	1.9400309464e-03
5520	1.9397232861e-03	1.9397233205e-03
5521	1.9394160480e-03	1.9394159190e-03
5522	1.9391090742e-03	1.9391087436e-03
5523	1.9388023642e-03	1.9388017968e-03
5524	1.9384959131e-03	1.9384950809e-03
5525	1.9381896949e-03	1.9381885979e-03
5526	1.9378836500e-03	1.9378823490e-03
5527	1.9375777126e-03	1.9375763349e-03
5528	1.9372718638e-03	1.9372705554e-03
5529	1.9369661296e-03	1.9369650099e-03
5530	1.9366605640e-03	1.9366596977e-03
5531	1.9363552264e-03	1.9363546180e-03
5532	1.9360501591e-03	1.9360497703e-03
5533	1.9357453755e-03	1.9357451540e-03
5534	1.9354408606e-03	1.9354407687e-03
5535	1.9351365815e-03	1.9351366146e-03
5536	1.9348325048e-03	1.9348326918e-03
5537	1.9345286122e-03	1.9345290011e-03
5538	1.9342249103e-03	1.9342255431e-03
5539	1.9339214311e-03	1.9339223186e-03
5540	1.9336182220e-03	1.9336193288e-03
5541	1.9333153325e-03	1.9333165751e-03
5542	1.9330128003e-03	1.9330140593e-03
5543	1.9327106400e-03	1.9327117837e-03
5544	1.9324088417e-03	1.9324097509e-03
5545	1.9321073741e-03	1.9321079639e-03
5546	1.9318061917e-03	1.9318064261e-03
5547	1.9315052471e-03	1.9315051408e-03
5548	1.9312045024e-03	1.9312041113e-03
5549	1.9309039367e-03	1.9309033405e-03
5550	1.9306035395e-03	1.9306028312e-03
5551	1.9303033131e-03	1.9303025847e-03
5552	1.9300032744e-03	1.9300026004e-03
5553	1.9297034466e-03	1.9297028750e-03
5554	1.9294038515e-03	1.9294034043e-03
5555	1.9291045037e-03	1.9291041843e-03
5556	1.9288054095e-03	1.9288052125e-03
5557	1.9285065689e-03	1.9285064881e-03
5558	1.9282079799e-03	1.9282080121e-03
5559	1.9279096440e-03	1.9279097868e-03
5560	1.9276115668e-03	1.9276118142e-03
5561	1.9273137572e-03	1.9273140952e-03
5562	1.9270162250e-03	1.9270166284e-03
5563	1.9267189787e-03	1.9267194111e-03
5564	1.9264220209e-03	1.9264224398e-03
5565	1.9261253473e-03	1.9261257122e-03
5566	1.9258289472e-03	1.9258292271e-03
5567	1.9255328067e-03	1.9255329857e-03
5568	1.9252369091e-03	1.9252369903e-03
5569	1.9249412387e-03	1.9249412441e-03
5570	1.9246457842e-03	1.9246457500e-03
5571	1.9243505413e-03	1.9243505100e-03
5572	1.9240555124e-03	1.9240555245e-03
5573	1.9237607058e-03	1.9237607922e-03
5574	1.9234661328e-03	1.9234663105e-03
5575	1.9231718057e-03	1.9231720762e-03
5576	1.9228777431e-03	1.9228780859e-03
5577	1.9225839603e-03	1.9225843364e-03
5578	1.9222904626e-03	1.9222908254e-03
5579	1.9219972471e-03	1.9219975508e-03
5580	1.9217043054e-03	1.9217045115e-03
5581	1.9214116277e-03	1.9214117061e-03
5582	1.9211192038e-03	1.9211191334e-03
5583	1.9208270139e-03	1.9208267921e-03
5584	1.9205350231e-03	1.9205346808e-03
5585	1.9202432172e-03	1.9202427982e-03
5586	1.9199515997e-03	1.9199511435e-03
5587	1.9196601856e-03	1.9196597161e-03
5588	1.9193689930e-03	1.9193685158e-03
5589	1.9190780321e-03	1.9190775426e-03
5590	1.9187872912e-03	1.9187867967e-03
5591	1.9184967562e-03	1.9184962780e-03
5592	1.9182064137e-03	1.9182059861e-03
5593	1.9179162571e-03	1.9179159206e-03
5594	1.9176262896e-03	1.9176260805e-03
5595	1.9173365250e-03	1.9173364650e-03
5596	1.9170469829e-03	1.9170470731e-03
5597	1.9167576850e-03	1.9167579040e-03
5598	1.9164686496e-03	1.9164689570e-03
5599	1.9161798881e-03	1.9161802317e-03
5600	1.9158914005e-03	1.9158917281e-03
5601	1.9156031730e-03	1.9156034464e-03
5602	1.9153151888e-03	1.9153153870e-03
5603	1.9150274319e-03	1.9150275511e-03
5604	1.9147398909e-03	1.9147399401e-03
5605	1.9144525617e-03	1.9144525555e-03
5606	1.9141654491e-03	1.9141653989e-03
5607	1.9138785590e-03	1.9138784719e-03
5608	1.9135918940e-03	1.9135917763e-03
5609	1.9133054530e-03	1.9133053138e-03
5610	1.9130192317e-03	1.9130190852e-03
5611	1.9127332250e-03	1.9127330904e-03
5612	1.9124474303e-03	1.9124473292e-03
5613	1.9121618493e-03	1.9121618008e-03
5614	1.9118764867e-03	1.9118765045e-03
5615	1.9115913519e-03	1.9115914392e-03
5616	1.9113064567e-03	1.9113066033e-03
5617	1.9110218114e-03	1.9110219948e-03
5618	1.9107374226e-03	1.9107376119e-03
5619	1.9104532905e-03	1.9104534530e-03
5620	1.9101694099e-03	1.9101695171e-03
5621	1.9098857710e-03	1.9098858039e-03
5622	1.9096023629e-03	1.9096023142e-03
5623	1.9093191756e-03	1.9093190491e-03
5624	1.9090362023e-03	1.9090360107e-03
5625	1.9087534411e-03	1.9087532014e-03
5626	1.9084708946e-03	1.9084706239e-03
5627	1.9081885685e-03	1.9081882804e-03
5628	1.9079064690e-03	1.9079061725e-03
5629	1.9076245991e-03	1.9076243013e-03
5630	1.9073429636e-03	1.9073426677e-03
5631	1.9070615660e-03	1.9070612723e-03
5632	1.9067804028e-03	1.9067801156e-03
5633	1.9064994651e-03	1.9064991986e-03
5634	1.9062187416e-03	1.9062185216e-03
5635	1.9059382237e-03	1.9059380854e-03
5636	1.9056579099e-03	1.9056578900e-03
5637	1.9053778086e-03	1.9053779355e-03
5638	1.9050979371e-03	1.9050982219e-03
5639	1.9048183185e-03	1.9048187493e-03
5640	1.9045389768e-03	1.9045395180e-03
5641	1.9042599320e-03	1.9042605287e-03
5642	1.9039811929e-03	1.9039817824e-03
5643	1.9037027523e-03	1.9037032805e-03
5644	1.9034245940e-03	1.9034250246e-03
5645	1.9031466990e-03	1.9031470161e-03
5646	1.9028690507e-03	1.9028692564e-03
5647	1.9025916389e-03	1.9025917463e-03
5648	1.9023144597e-03	1.9023144864e-03
5649	1.9020375065e-03	1.9020374766e-03
5650	1.9017607791e-03	1.9017607167e-03
5651	1.9014842814e-03	1.9014842060e-03
5652	1.9012080186e-03	1.9012079439e-03
5653	1.9009319947e-03	1.9009319297e-03
5654	1.9006562119e-03	1.9006561627e-03
5655	1.9003806701e-03	1.9003806421e-03
5656	1.9001053685e-03	1.9001053673e-03
5657	1.8998303072e-03	1.8998303375e-03
5658	1.8995554876e-03	1.8995555517e-03
5659	1.8992809130e-03	1.8992810087e-03
5660	1.8990065874e-03	1.8990067068e-03
5661	1.8987325146e-03	1.8987326437e-03
5662	1.8984586959e-03	1.8984588171e-03
5663	1.8981851281e-03	1.8981852242e-03
5664	1.8979118040e-03	1.8979118628e-03
5665	1.8976387154e-03	1.8976387312e-03
5666	1.8973658551e-03	1.8973658285e-03
5667	1.8970932180e-03	1.8970931547e-03
5668	1.8968208014e-03	1.8968207103e-03
5669	1.8965486047e-03	1.8965484959e-03
5670	1.8962766291e-03	1.8962765120e-03
5671	1.8960048763e-03	1.8960047585e-03
5672	1.8957333479e-03	1.8957332350e-03
5673	1.8954620453e-03	1.8954619406e-03
5674	1.8951909692e-03	1.8951908743e-03
5675	1.8949201196e-03	1.8949200350e-03
5676	1.8946494953e-03	1.8946494216e-03
5677	1.8943790953e-03	1.8943790333e-03
5678	1.8941089186e-03	1.8941088692e-03
5679	1.8938389649e-03	1.8938389288e-03
5680	1.8935692347e-03	1.8935692114e-03
5681	1.8932997284e-03	1.8932997162e-03
5682	1.8930304468e-03	1.8930304426e-03
5683	1.8927613897e-03	1.8927613897e-03
5684	1.8924925562e-03	1.8924925568e-03
5685	1.8922239445e-03	1.8922239435e-03
5686	1.8919555524e-03	1.8919555494e-03
5687	1.8916873781e-03	1.8916873746e-03
5688	1.8914194243e-03	1.8914194193e-03
5689	1.8911516922e-03	1.8911516838e-03
5690	1.8908841815e-03	1.8908841685e-03
5691	1.8906168909e-03	1.8906168732e-03
5692	1.8903498186e-03	1.8903497979e-03
5693	1.8900829627e-03	1.8900829424e-03
5694	1.8898163225e-03	1.8898163060e-03
5695	1.8895498986e-03	1.8895498885e-03
5696	1.8892836925e-03	1.8892836894e-03
5697	1.8890177075e-03	1.8890177085e-03
5698	1.8887519464e-03	1.8887519455e-03
5699	1.8884864095e-03	1.8884864003e-03
5700	1.8882210936e-03	1.8882210728e-03
5701	1.8879559947e-03	1.8879559625e-03
5702	1.8876911093e-03	1.8876910692e-03
5703	1.8874264351e-03	1.8874263926e-03
5704	1.8871619716e-03	1.8871619329e-03
5705	1.8868977202e-03	1.8868976909e-03
5706	1.8866336832e-03	1.8866336670e-03
5707	1.8863698631e-03	1.8863698619e-03
5708	1.8861062618e-03	1.8861062754e-03
5709	1.8858428803e-03	1.8858429068e-03
5710	1.8855797181e-03	1.8855797543e-03
5711	1.8853167742e-03	1.8853168158e-03
5712	1.8850540471e-03	1.8850540891e-03
5713	1.8847915355e-03	1.8847915724e-03
5714	1.8845292387e-03	1.8845292646e-03
5715	1.8842671567e-03	1.8842671656e-03
5716	1.8840052896e-03	1.8840052759e-03
5717	1.8837436374e-03	1.8837435968e-03
5718	1.8834822015e-03	1.8834821297e-03
5719	1.8832209832e-03	1.8832208758e-03
5720	1.8829599824e-03	1.8829598365e-03
5721	1.8826991973e-03	1.8826990128e-03
5722	1.8824386261e-03	1.8824384059e-03
5723	1.8821782672e-03	1.8821780168e-03
5724	1.8819181205e-03	1.8819178470e-03
5725	1.8816581873e-03	1.8816578993e-03
5726	1.8813984758e-03	1.8813981772e-03
5727	1.8811389875e-03	1.8811386834e-03
5728	1.8808797148e-03	1.8808794188e-03
5729	1.8806206435e-03	1.8806203826e-03
5730	1.8803617579e-03	1.8803615725e-03
5731	1.8801030484e-03	1.8801029857e-03
5732	1.8798445169e-03	1.8798446200e-03
5733	1.8795861789e-03	1.8795864745e-03
5734	1.8793280607e-03	1.8793285492e-03
5735	1.8790701928e-03	1.8790708453e-03
5736	1.8788126025e-03	1.8788133638e-03
5737	1.8785553065e-03	1.8785561056e-03
5738	1.8782983041e-03	1.8782990711e-03
5739	1.8780415837e-03	1.8780422597e-03
5740	1.8777851267e-03	1.8777856706e-03
5741	1.8775289133e-03	1.8775293025e-03
5742	1.8772729271e-03	1.8772731545e-03
5743	1.8770171584e-03	1.8770172263e-03
5744	1.8767616036e-03	1.8767615186e-03
5745	1.8765062637e-03	1.8765060334e-03
5746	1.8762511411e-03	1.8762507730e-03
5747	1.8759962375e-03	1.8759957396e-03
5748	1.8757415521e-03	1.8757409346e-03
5749	1.8754870812e-03	1.8754863577e-03
5750	1.8752327634e-03	1.8752320075e-03
5751	1.8749785645e-03	1.8749778808e-03
5752	1.8747244857e-03	1.8747239747e-03
5753	1.8744705652e-03	1.8744702861e-03
5754	1.8742168592e-03	1.8742168125e-03
5755	1.8739634171e-03	1.8739635521e-03
5756	1.8737102665e-03	1.8737105034e-03
5757	1.8734574062e-03	1.8734576649e-03
5758	1.8732048109e-03	1.8732050356e-03
5759	1.8729524441e-03	1.8729526147e-03
5760	1.8727002789e-03	1.8727004020e-03
5761	1.8724483025e-03	1.8724483982e-03
5762	1.8721965202e-03	1.8721966053e-03
5763	1.8719449472e-03	1.8719450261e-03
5764	1.8716936058e-03	1.8716936645e-03
5765	1.8714425166e-03	1.8714425244e-03
5766	1.8711916912e-03	1.8711916093e-03
5767	1.8709411345e-03	1.8709409223e-03
5768	1.8706908281e-03	1.8706904655e-03
5769	1.8704407367e-03	1.8704402403e-03
5770	1.8701908196e-03	1.8701902476e-03
5771	1.8699410445e-03	1.8699404881e-03
5772	1.8696913993e-03	1.8696909621e-03
5773	1.8694418962e-03	1.8694416700e-03
5774	1.8691925689e-03	1.8691926122e-03
5775	1.8689434673e-03	1.8689437894e-03
5776	1.8686946384e-03	1.8686952007e-03
5777	1.8684461144e-03	1.8684468440e-03
5778	1.8681979078e-03	1.8681987170e-03
5779	1.8679500116e-03	1.8679508177e-03
5780	1.8677024065e-03	1.8677031459e-03
5781	1.8674550685e-03	1.8674557022e-03
5782	1.8672079771e-03	1.8672084881e-03
5783	1.8669611199e-03	1.8669615055e-03
5784	1.8667144931e-03	1.8667147554e-03
5785	1.8664680992e-03	1.8664682387e-03
5786	1.8662219388e-03	1.8662219550e-03
5787	1.8659760075e-03	1.8659759039e-03
5788	1.8657302949e-03	1.8657300843e-03
5789	1.8654847867e-03	1.8654844953e-03
5790	1.8652394699e-03	1.8652391355e-03
5791	1.8649943373e-03	1.8649940037e-03
5792	1.8647493910e-03	1.8647490988e-03
5793	1.8645046413e-03	1.8645044199e-03
5794	1.8642600997e-03	1.8642599659e-03
5795	1.8640157762e-03	1.8640157355e-03
5796	1.8637716825e-03	1.8637717266e-03
5797	1.8635278298e-03	1.8635279364e-03
5798	1.8632842266e-03	1.8632843614e-03
5799	1.8630408729e-03	1.8630409984e-03
5800	1.8627977601e-03	1.8627978445e-03
5801	1.8625548756e-03	1.8625548979e-03
5802	1.8623122064e-03	1.8623121582e-03
5803	1.8620697419e-03	1.8620696259e-03
5804	1.8618274763e-03	1.8618273025e-03
5805	1.8615854082e-03	1.8615851896e-03
5806	1.8613435401e-03	1.8613432888e-03
5807	1.8611018787e-03	1.8611016011e-03
5808	1.8608604282e-03	1.8608601270e-03
5809	1.8606191843e-03	1.8606188666e-03
5810	1.8603781353e-03	1.8603778199e-03
5811	1.8601372687e-03	1.8601369868e-03
5812	1.8598965758e-03	1.8598963673e-03
5813	1.8596560568e-03	1.8596559616e-03
5814	1.8594157228e-03	1.8594157698e-03
5815	1.8591755940e-03	1.8591757918e-03
5816	1.8589356945e-03	1.8589360269e-03
5817	1.8586960462e-03	1.8586964742e-03
5818	1.8584566622e-03	1.8584571325e-03
5819	1.8582175424e-03	1.8582180008e-03
5820	1.8579786760e-03	1.8579790782e-03
5821	1.8577400463e-03	1.8577403642e-03
5822	1.8575016352e-03	1.8575018584e-03
5823	1.8572634283e-03	1.8572635612e-03
5824	1.8570254166e-03	1.8570254730e-03
5825	1.8567875973e-03	1.8567875947e-03
5826	1.8565499718e-03	1.8565499267e-03
5827	1.8563125426e-03	1.8563124689e-03
5828	1.8560753117e-03	1.8560752211e-03
5829	1.8558382790e-03	1.8558381823e-03
5830	1.8556014429e-03	1.8556013513e-03
5831	1.8553648018e-03	1.8553647269e-03
5832	1.8551283555e-03	1.8551283078e-03
5833	1.8548921061e-03	1.8548920927e-03
5834	1.8546560583e-03	1.8546560810e-03
5835	1.8544202176e-03	1.8544202715e-03
5836	1.8541845885e-03	1.8541846630e-03
5837	1.8539491729e-03	1.8539492537e-03
5838	1.8537139667e-03	1.8537140411e-03
5839	1.8534789633e-03	1.8534790227e-03
5840	1.8532441567e-03	1.8532441960e-03
5841	1.8530095424e-03	1.8530095591e-03
5842	1.8527751180e-03	1.8527751107e-03
5843	1.8525408827e-03	1.8525408503e-03
5844	1.8523068359e-03	1.8523067779e-03
5845	1.8520729763e-03	1.8520728935e-03
5846	1.8518393016e-03	1.8518391976e-03
5847	1.8516058084e-03	1.8516056898e-03
5848	1.8513724935e-03	1.8513723699e-03
5849	1.8511393544e-03	1.8511392371e-03
5850	1.8509063905e-03	1.8509062903e-03
5851	1.8506736030e-03	1.8506735285e-03
5852	1.8504409953e-03	1.8504409499e-03
5853	1.8502085711e-03	1.8502085533e-03
5854	1.8499763329e-03	1.8499763378e-03
5855	1.8497442820e-03	1.8497443031e-03
5856	1.8495124201e-03	1.8495124493e-03
5857	1.8492807471e-03	1.8492807764e-03
5858	1.8490492601e-03	1.8490492840e-03
5859	1.8488179554e-03	1.8488179705e-03
5860	1.8485868291e-03	1.8485868338e-03
5861	1.8483558783e-03	1.8483558709e-03
5862	1.8481251018e-03	1.8481250788e-03
5863	1.8478944996e-03	1.8478944552e-03
5864	1.8476640717e-03	1.8476639990e-03
5865	1.8474338154e-03	1.8474337101e-03
5866	1.8472037269e-03	1.8472035898e-03
5867	1.8469738059e-03	1.8469736400e-03
5868	1.8467440538e-03	1.8467438628e-03
5869	1.8465144732e-03	1.8465142602e-03
5870	1.8462850666e-03	1.8462848337e-03
5871	1.8460558352e-03	1.8460555846e-03
5872	1.8458267791e-03	1.8458265137e-03
5873	1.8455978966e-03	1.8455976217e-03
5874	1.8453691858e-03	1.8453689094e-03
5875	1.8451406451e-03	1.8451403776e-03
5876	1.8449122820e-03	1.8449120269e-03
5877	1.8446841076e-03	1.8446838577e-03
5878	1.8444561206e-03	1.8444558706e-03
5879	1.8442283072e-03	1.8442280658e-03
5880	1.8440006463e-03	1.8440004435e-03
5881	1.8437731192e-03	1.8437730039e-03
5882	1.8435457196e-03	1.8435457470e-03
5883	1.8433184580e-03	1.8433186734e-03
5884	1.8430913616e-03	1.8430917839e-03
5885	1.8428644726e-03	1.8428650807e-03
5886	1.8426378341e-03	1.8426385676e-03
5887	1.8424114730e-03	1.8424122486e-03
5888	1.8421853928e-03	1.8421861267e-03
5889	1.8419595745e-03	1.8419602034e-03
5890	1.8417339854e-03	1.8417344782e-03
5891	1.8415085901e-03	1.8415089490e-03
5892	1.8412833614e-03	1.8412836128e-03
5893	1.8410582854e-03	1.8410584666e-03
5894	1.8408333620e-03	1.8408335074e-03
5895	1.8406085998e-03	1.8406087331e-03
5896	1.8403840096e-03	1.8403841413e-03
5897	1.8401595992e-03	1.8401597296e-03
5898	1.8399353692e-03	1.8399354953e-03
5899	1.8397113146e-03	1.8397114357e-03
5900	1.8394874312e-03	1.8394875484e-03
5901	1.8392637186e-03	1.8392638316e-03
5902	1.8390401800e-03	1.8390402845e-03
5903	1.8388168194e-03	1.8388169071e-03
5904	1.8385936449e-03	1.8385937001e-03
5905	1.8383706653e-03	1.8383706632e-03
5906	1.8381478901e-03	1.8381477950e-03
5907	1.8379253241e-03	1.8379250926e-03
5908	1.8377029630e-03	1.8377025519e-03
5909	1.8374807943e-03	1.8374801683e-03
5910	1.8372587681e-03	1.8372579376e-03
5911	1.8370368121e-03	1.8370358570e-03
5912	1.8368148891e-03	1.8368139257e-03
5913	1.8365930002e-03	1.8365921446e-03
5914	1.8363711778e-03	1.8363705156e-03
5915	1.8361494698e-03	1.8361490405e-03
5916	1.8359279222e-03	1.8359277209e-03
5917	1.8357065631e-03	1.8357065574e-03
5918	1.8354853991e-03	1.8354855517e-03
5919	1.8352644239e-03	1.8352647061e-03
5920	1.8350436286e-03	1.8350440226e-03
5921	1.8348230102e-03	1.8348235026e-03
5922	1.8346025817e-03	1.8346031462e-03
5923	1.8343823561e-03	1.8343829525e-03
5924	1.8341623397e-03	1.8341629194e-03
5925	1.8339425262e-03	1.8339430441e-03
5926	1.8337228968e-03	1.8337233232e-03
5927	1.8335034241e-03	1.8335037538e-03
5928	1.8332840811e-03	1.8332843333e-03
5929	1.8330648495e-03	1.8330650598e-03
5930	1.8328457263e-03	1.8328459318e-03
5931	1.8326267209e-03	1.8326269487e-03
5932	1.8324078513e-03	1.8324081104e-03
5933	1.8321891386e-03	1.8321894178e-03
5934	1.8319706033e-03	1.8319708727e-03
5935	1.8317522557e-03	1.8317524772e-03
5936	1.8315340961e-03	1.8315342327e-03
5937	1.8313161167e-03	1.8313161383e-03
5938	1.8310983070e-03	1.8310981912e-03
5939	1.8308806573e-03	1.8308803873e-03
5940	1.8306631629e-03	1.8306627226e-03
5941	1.8304458234e-03	1.8304451931e-03
5942	1.8302286413e-03	1.8302277963e-03
5943	1.8300115487e-03	1.8300105305e-03
5944	1.8297944949e-03	1.8297933945e-03
5945	1.8295774593e-03	1.8295763881e-03
5946	1.8293604507e-03	1.8293595110e-03
5947	1.8291434988e-03	1.8291427637e-03
5948	1.8289266427e-03	1.8289261476e-03
5949	1.8287099197e-03	1.8287096647e-03
5950	1.8284933581e-03	1.8284933177e-03
5951	1.8282769748e-03	1.8282771094e-03
5952	1.8280607748e-03	1.8280610421e-03
5953	1.8278447549e-03	1.8278451179e-03
5954	1.8276289122e-03	1.8276293375e-03
5955	1.8274132479e-03	1.8274137012e-03
5956	1.8271977643e-03	1.8271982088e-03
5957	1.8269824616e-03	1.8269828605e-03
5958	1.8267673328e-03	1.8267676569e-03
5959	1.8265523625e-03	1.8265525993e-03
5960	1.8263375306e-03	1.8263376893e-03
5961	1.8261228197e-03	1.8261229285e-03
5962	1.8259082204e-03	1.8259083186e-03
5963	1.8256937373e-03	1.8256938608e-03
5964	1.8254793843e-03	1.8254795564e-03
5965	1.8252651813e-03	1.8252654068e-03
5966	1.8250511486e-03	1.8250514139e-03
5967	1.8248373015e-03	1.8248375800e-03
5968	1.8246236469e-03	1.8246239080e-03
5969	1.8244101826e-03	1.8244103991e-03
5970	1.8241969000e-03	1.8241970522e-03
5971	1.8239837867e-03	1.8239838649e-03
5972	1.8237708310e-03	1.8237708343e-03
5973	1.8235580239e-03	1.8235579576e-03
5974	1.8233453602e-03	1.8233452328e-03
5975	1.8231328376e-03	1.8231326590e-03
5976	1.8229204554e-03	1.8229202361e-03
5977	1.8227082131e-03	1.8227079645e-03
5978	1.8224961099e-03	1.8224958445e-03
5979	1.8222841471e-03	1.8222838762e-03
5980	1.8220723275e-03	1.8220720595e-03
5981	1.8218606503e-03	1.8218603947e-03
5982	1.8216491091e-03	1.8216488826e-03
5983	1.8214376973e-03	1.8214375244e-03
5984	1.8212264132e-03	1.8212263220e-03
5985	1.8210152647e-03	1.8210152769e-03
5986	1.8208042682e-03	1.8208043898e-03
5987	1.8205934397e-03	1.8205936605e-03
5988	1.8203827924e-03	1.8203830877e-03
5989	1.8201723333e-03	1.8201726695e-03
5990	1.8199620599e-03	1.8199624041e-03
5991	1.8197519624e-03	1.8197522896e-03
5992	1.8195420280e-03	1.8195423253e-03
5993	1.8193322456e-03	1.8193325107e-03
5994	1.8191226088e-03	1.8191228463e-03
5995	1.8189131179e-03	1.8189133326e-03
5996	1.8187037767e-03	1.8187039699e-03
5997	1.8184945891e-03	1.8184947583e-03
5998	1.8182855562e-03	1.8182856975e-03
5999	1.8180766756e-03	1.8180767869e-03
6000	1.8178679372e-03	1.8178680256e-03
6001	1.8176593354e-03	1.8176594126e-03
6002	1.8174508721e-03	1.8174509470e-03
6003	1.8172425559e-03	1.8172426279e-03
6004	1.8170343974e-03	1.8170344542e-03
6005	1.8168264034e-03	1.8168264244e-03
6006	1.8166185728e-03	1.8166185374e-03
6007	1.8164108950e-03	1.8164107913e-03
6008	1.8162033533e-03	1.8162031841e-03
6009	1.8159959297e-03	1.8159957135e-03
6010	1.8157886111e-03	1.8157883769e-03
6011	1.8155813927e-03	1.8155811718e-03
6012	1.8153742787e-03	1.8153740964e-03
6013	1.8151672799e-03	1.8151671494e-03
6014	1.8149604088e-03	1.8149603299e-03
6015	1.8147536751e-03	1.8147536377e-03
6016	1.8145470831e-03	1.8145470724e-03
6017	1.8143406311e-03	1.8143406335e-03
6018	1.8141343135e-03	1.8141343204e-03
6019	1.8139281236e-03	1.8139281321e-03
6020	1.8137220567e-03	1.8137220679e-03
6021	1.8135161109e-03	1.8135161267e-03
6022	1.8133102873e-03	1.8133103077e-03
6023	1.8131045879e-03	1.8131046102e-03
6024	1.8128990137e-03	1.8128990332e-03
6025	1.8126935635e-03	1.8126935755e-03
6026	1.8124882336e-03	1.8124882360e-03
6027	1.8122830193e-03	1.8122830132e-03
6028	1.8120779161e-03	1.8120779059e-03
6029	1.8118729221e-03	1.8118729132e-03
6030	1.8116680378e-03	1.8116680347e-03
6031	1.8114632662e-03	1.8114632707e-03
6032	1.8112586112e-03	1.8112586215e-03
6033	1.8110540755e-03	1.8110540872e-03
6034	1.8108496603e-03	1.8108496677e-03
6035	1.8106453649e-03	1.8106453624e-03
6036	1.8104411866e-03	1.8104411703e-03
6037	1.8102371218e-03	1.8102370901e-03
6038	1.8100331670e-03	1.8100331206e-03
6039	1.8098293198e-03	1.8098292607e-03
6040	1.8096255789e-03	1.8096255098e-03
6041	1.8094219443e-03	1.8094218671e-03
6042	1.8092184164e-03	1.8092183326e-03
6043	1.8090149959e-03	1.8090149056e-03
6044	1.8088116786e-03	1.8088115859e-03
6045	1.8086084579e-03	1.8086083728e-03
6046	1.8084053309e-03	1.8084052657e-03
6047	1.8082022988e-03	1.8082022641e-03
6048	1.8079993660e-03	1.8079993674e-03
6049	1.8077965384e-03	1.8077965753e-03
6050	1.8075938209e-03	1.8075938872e-03
6051	1.8073912165e-03	1.8073913028e-03
6052	1.8071887252e-03	1.8071888214e-03
6053	1.8069863452e-03	1.8069864424e-03
6054	1.8067840734e-03	1.8067841652e-03
6055	1.8065819072e-03	1.8065819890e-03
6056	1.8063798447e-03	1.8063799133e-03
6057	1.8061778849e-03	1.8061779373e-03
6058	1.8059760269e-03	1.8059760606e-03
6059	1.8057742697e-03	1.8057742828e-03
6060	1.8055726110e-03	1.8055726033e-03
6061	1.8053710483e-03	1.8053710220e-03
6062	1.8051695786e-03	1.8051695382e-03
6063	1.8049681998e-03	1.8049681518e-03
6064	1.8047669109e-03	1.8047668623e-03
6065	1.8045657124e-03	1.8045656692e-03
6066	1.8043646059e-03	1.8043645719e-03
6067	1.8041635932e-03	1.8041635698e-03
6068	1.8039626759e-03	1.8039626622e-03
6069	1.8037618543e-03	1.8037618485e-03
6070	1.8035611274e-03	1.8035611278e-03
6071	1.8033604934e-03	1.8033604988e-03
6072	1.8031599500e-03	1.8031599607e-03
6073	1.8029594950e-03	1.8029595124e-03
6074	1.8027591271e-03	1.8027591534e-03
6075	1.8025588488e-03	1.8025588829e-03
6076	1.8023586626e-03	1.8023587005e-03
6077	1.8021585690e-03	1.8021586055e-03
6078	1.8019585662e-03	1.8019585967e-03
6079	1.8017586510e-03	1.8017586729e-03
6080	1.8015588203e-03	1.8015588327e-03
6081	1.8013590718e-03	1.8013590751e-03
6082	1.8011594049e-03	1.8011593992e-03
6083	1.8009598202e-03	1.8009598048e-03
6084	1.8007603189e-03	1.8007602919e-03
6085	1.8005609014e-03	1.8005608606e-03
6086	1.8003615673e-03	1.8003615110e-03
6087	1.8001623147e-03	1.8001622429e-03
6088	1.7999631411e-03	1.7999630558e-03
6089	1.7997640442e-03	1.7997639492e-03
6090	1.7995650227e-03	1.7995649224e-03
6091	1.7993660762e-03	1.7993659750e-03
6092	1.7991672057e-03	1.7991671066e-03
6093	1.7989684124e-03	1.7989683169e-03
6094	1.7987696977e-03	1.7987696059e-03
6095	1.7985710648e-03	1.7985709733e-03
6096	1.7983725128e-03	1.7983724190e-03
6097	1.7981740365e-03	1.7981739424e-03
6098	1.7979756280e-03	1.7979755431e-03
6099	1.7977772805e-03	1.7977772204e-03
6100	1.7975789919e-03	1.7975789741e-03
6101	1.7973807662e-03	1.7973808041e-03
6102	1.7971826124e-03	1.7971827105e-03
6103	1.7969845435e-03	1.7969846935e-03
6104	1.7967865732e-03	1.7967867534e-03
6105	1.7965887077e-03	1.7965888900e-03
6106	1.7963909438e-03	1.7963911028e-03
6107	1.7961932715e-03	1.7961933915e-03
6108	1.7959956784e-03	1.7959957555e-03
6109	1.7957981539e-03	1.7957981947e-03
6110	1.7956006929e-03	1.7956007088e-03
6111	1.7954032957e-03	1.7954032979e-03
6112	1.7952059665e-03	1.7952059620e-03
6113	1.7950087097e-03	1.7950087009e-03
6114	1.7948115279e-03	1.7948115141e-03
6115	1.7946144225e-03	1.7946144012e-03
6116	1.7944173913e-03	1.7944173615e-03
6117	1.7942204302e-03	1.7942203946e-03
6118	1.7940235351e-03	1.7940235001e-03
6119	1.7938267046e-03	1.7938266779e-03
6120	1.7936299403e-03	1.7936299278e-03
6121	1.7934332462e-03	1.7934332495e-03
6122	1.7932366274e-03	1.7932366430e-03
6123	1.7930400875e-03	1.7930401077e-03
6124	1.7928436258e-03	1.7928436426e-03
6125	1.7926472373e-03	1.7926472466e-03
6126	1.7924509153e-03	1.7924509183e-03
6127	1.7922546534e-03	1.7922546563e-03
6128	1.7920584481e-03	1.7920584597e-03
6129	1.7918623002e-03	1.7918623279e-03
6130	1.7916662171e-03	1.7916662606e-03
6131	1.7914702049e-03	1.7914702579e-03
6132	1.7912742658e-03	1.7912743201e-03
6133	1.7910783979e-03	1.7910784469e-03
6134	1.7908825963e-03	1.7908826381e-03
6135	1.7906868557e-03	1.7906868929e-03
6136	1.7904911730e-03	1.7904912105e-03
6137	1.7902955483e-03	1.7902955900e-03
6138	1.7900999842e-03	1.7901000307e-03
6139	1.7899044843e-03	1.7899045318e-03
6140	1.7897090508e-03	1.7897090927e-03
6141	1.7895136829e-03	1.7895137127e-03
6142	1.7893183771e-03	1.7893183914e-03
6143	1.7891231279e-03	1.7891231278e-03
6144	1.7889279301e-03	1.7889279208e-03
6145	1.7887327804e-03	1.7887327694e-03
6146	1.7885376781e-03	1.7885376723e-03
6147	1.7883426252e-03	1.7883426287e-03
6148	1.7881476246e-03	1.7881476378e-03
6149	1.7879526785e-03	1.7879526992e-03
6150	1.7877577879e-03	1.7877578124e-03
6151	1.7875629515e-03	1.7875629767e-03
6152	1.7873681665e-03	1.7873681912e-03
6153	1.7871734302e-03	1.7871734547e-03
6154	1.7869787401e-03	1.7869787658e-03
6155	1.7867840951e-03	1.7867841229e-03
6156	1.7865894952e-03	1.7865895249e-03
6157	1.7863949408e-03	1.7863949708e-03
6158	1.7862004318e-03	1.7862004597e-03
6159	1.7860059674e-03	1.7860059910e-03
6160	1.7858115458e-03	1.7858115635e-03
6161	1.7856171647e-03	1.7856171763e-03
6162	1.7854228221e-03	1.7854228282e-03
6163	1.7852285170e-03	1.7852285178e-03
6164	1.7850342489e-03	1.7850342442e-03
6165	1.7848400156e-03	1.7848400062e-03
6166	1.7846458145e-03	1.7846458031e-03
6167	1.7844516452e-03	1.7844516341e-03
6168	1.7842575090e-03	1.7842574982e-03
6169	1.7840634079e-03	1.7840633946e-03
6170	1.7838693419e-03	1.7838693218e-03
6171	1.7836753093e-03	1.7836752786e-03
6172	1.7834813061e-03	1.7834812638e-03
6173	1.7832873282e-03	1.7832872762e-03
6174	1.7830933717e-03	1.7830933149e-03
6175	1.7828994352e-03	1.7828993792e-03
6176	1.7827055189e-03	1.7827054683e-03
6177	1.7825116245e-03	1.7825115808e-03
6178	1.7823177541e-03	1.7823177124e-03
6179	1.7821239088e-03	1.7821238579e-03
6180	1.7819300881e-03	1.7819300133e-03
6181	1.7817362904e-03	1.7817361772e-03
6182	1.7815425133e-03	1.7815423511e-03
6183	1.7813487542e-03	1.7813485387e-03
6184	1.7811550118e-03	1.7811547448e-03
6185	1.7809612853e-03	1.7809609741e-03
6186	1.7807675749e-03	1.7807672304e-03
6187	1.7805738808e-03	1.7805735166e-03
6188	1.7803802028e-03	1.7803798347e-03
6189	1.7801865402e-03	1.7801861858e-03
6190	1.7799928918e-03	1.7799925706e-03
6191	1.7797992563e-03	1.7797989889e-03
6192	1.7796056330e-03	1.7796054395e-03
6193	1.7794120220e-03	1.7794119200e-03
6194	1.7792184261e-03	1.7792184272e-03
6195	1.7790248466e-03	1.7790249579e-03
6196	1.7788312833e-03	1.7788315092e-03
6197	1.7786377344e-03	1.7786380794e-03
6198	1.7784441970e-03	1.7784446685e-03
6199	1.7782506670e-03	1.7782512774e-03
6200	1.7780571422e-03	1.7780579083e-03
6201	1.7778636226e-03	1.7778645632e-03
6202	1.7776701348e-03	1.7776712436e-03
6203	1.7774767921e-03	1.7774779500e-03
6204	1.7772836533e-03	1.7772846823e-03
6205	1.7770907112e-03	1.7770914395e-03
6206	1.7768979054e-03	1.7768982201e-03
6207	1.7767051517e-03	1.7767050230e-03
6208	1.7765123722e-03	1.7765118470e-03
6209	1.7763195160e-03	1.7763186913e-03
6210	1.7761265638e-03	1.7761255553e-03
6211	1.7759335200e-03	1.7759324385e-03
6212	1.7757403991e-03	1.7757393404e-03
6213	1.7755472144e-03	1.7755462608e-03
6214	1.7753539751e-03	1.7753531996e-03
6215	1.7751606907e-03	1.7751601564e-03
6216	1.7749673788e-03	1.7749671307e-03
6217	1.7747740699e-03	1.7747741219e-03
6218	1.7745808043e-03	1.7745811287e-03
6219	1.7743876225e-03	1.7743881495e-03
6220	1.7741945519e-03	1.7741951824e-03
6221	1.7740015962e-03	1.7740022251e-03
6222	1.7738087315e-03	1.7738092751e-03
6223	1.7736159148e-03	1.7736163295e-03
6224	1.7734230977e-03	1.7734233855e-03
6225	1.7732302416e-03	1.7732304401e-03
6226	1.7730373274e-03	1.7730374905e-03
6227	1.7728443586e-03	1.7728445336e-03
6228	1.7726513554e-03	1.7726515672e-03
6229	1.7724583448e-03	1.7724585928e-03
6230	1.7722653504e-03	1.7722656142e-03
6231	1.7720723855e-03	1.7720726358e-03
6232	1.7718794519e-03	1.7718796610e-03
6233	1.7716865431e-03	1.7716866912e-03
6234	1.7714936489e-03	1.7714937256e-03
6235	1.7713007600e-03	1.7713007621e-03
6236	1.7711078687e-03	1.7711077972e-03
6237	1.7709149669e-03	1.7709148270e-03
6238	1.7707220434e-03	1.7707218467e-03
6239	1.7705290879e-03	1.7705288514e-03
6240	1.7703360927e-03	1.7703358358e-03
6241	1.7701430526e-03	1.7701427946e-03
6242	1.7699499664e-03	1.7699497232e-03
6243	1.7697568362e-03	1.7697566184e-03
6244	1.7695636671e-03	1.7695634785e-03
6245	1.7693704660e-03	1.7693703037e-03
6246	1.7691772395e-03	1.7691770954e-03
6247	1.7689839931e-03	1.7689838557e-03
6248	1.7687907290e-03	1.7687905863e-03
6249	1.7685974463e-03	1.7685972877e-03
6250	1.7684041367e-03	1.7684039594e-03
6251	1.7682107905e-03	1.7682105998e-03
6252	1.7680174015e-03	1.7680172064e-03
6253	1.7678239653e-03	1.7678237769e-03
6254	1.7676304796e-03	1.7676303097e-03
6255	1.7674369440e-03	1.7674368037e-03
6256	1.7672433672e-03	1.7672432585e-03
6257	1.7670497566e-03	1.7670496744e-03
6258	1.7668561110e-03	1.7668560516e-03
6259	1.7666624230e-03	1.7666623908e-03
6260	1.7664686846e-03	1.7664686924e-03
6261	1.7662748934e-03	1.7662749572e-03
6262	1.7660810563e-03	1.7660811859e-03
6263	1.7658871869e-03	1.7658873792e-03
6264	1.7656933006e-03	1.7656935374e-03
6265	1.7654994077e-03	1.7654996603e-03
6266	1.7653055092e-03	1.7653057473e-03
6267	1.7651115965e-03	1.7651117974e-03
6268	1.7649176551e-03	1.7649178093e-03
6269	1.7647236696e-03	1.7647237877e-03
6270	1.7645296296e-03	1.7645297476e-03
6271	1.7643355324e-03	1.7643357064e-03
6272	1.7641413822e-03	1.7641416765e-03
6273	1.7639471864e-03	1.7639476610e-03
6274	1.7637529516e-03	1.7637536525e-03
6275	1.7635586807e-03	1.7635596357e-03
6276	1.7633643721e-03	1.7633655902e-03
6277	1.7631700221e-03	1.7631714944e-03
6278	1.7629756255e-03	1.7629773276e-03
6279	1.7627811760e-03	1.7627830706e-03
6280	1.7625866713e-03	1.7625887062e-03
6281	1.7623921134e-03	1.7623942191e-03
6282	1.7621975064e-03	1.7621995968e-03
6283	1.7620028534e-03	1.7620048293e-03
6284	1.7618081536e-03	1.7618099088e-03
6285	1.7616134021e-03	1.7616148310e-03
6286	1.7614185911e-03	1.7614195941e-03
6287	1.7612237131e-03	1.7612241969e-03
6288	1.7610287635e-03	1.7610286367e-03
6289	1.7608337419e-03	1.7608329075e-03
6290	1.7606386514e-03	1.7606369994e-03
6291	1.7604434963e-03	1.7604408994e-03
6292	1.7602482798e-03	1.7602445951e-03
6293	1.7600530046e-03	1.7600480769e-03
6294	1.7598574491e-03	1.7598513407e-03
6295	1.7596611797e-03	1.7596543877e-03
6296	1.7594639778e-03	1.7594572236e-03
6297	1.7592658625e-03	1.7592598563e-03
6298	1.7590670330e-03	1.7590622939e-03
6299	1.7588677673e-03	1.7588645437e-03
6300	1.7586683235e-03	1.7586666116e-03
6301	1.7584688803e-03	1.7584685031e-03
6302	1.7582695256e-03	1.7582702230e-03
6303	1.7580702829e-03	1.7580717770e-03
6304	1.7578711462e-03	1.7578731707e-03
6305	1.7576721045e-03	1.7576744099e-03
6306	1.7574731409e-03	1.7574755002e-03
6307	1.7572742170e-03	1.7572764478e-03
6308	1.7570752932e-03	1.7570772593e-03
6309	1.7568763122e-03	1.7568779433e-03
6310	1.7566771724e-03	1.7566785100e-03
6311	1.7564777704e-03	1.7564789719e-03
6312	1.7562780555e-03	1.7562793431e-03
6313	1.7560780654e-03	1.7560796391e-03
6314	1.7558779243e-03	1.7558798755e-03
6315	1.7556778170e-03	1.7556800675e-03
6316	1.7554779152e-03	1.7554802296e-03
6317	1.7552783076e-03	1.7552803758e-03
6318	1.7550789751e-03	1.7550805196e-03
6319	1.7548798076e-03	1.7548806753e-03
6320	1.7546806531e-03	1.7546808506e-03
6321	1.7544813739e-03	1.7544810393e-03
6322	1.7542818871e-03	1.7542812254e-03
6323	1.7540821751e-03	1.7540813890e-03
6324	1.7538822698e-03	1.7538815124e-03
6325	1.7536822217e-03	1.7536815829e-03
6326	1.7534820734e-03	1.7534815936e-03
6327	1.7532818480e-03	1.7532815427e-03
6328	1.7530815547e-03	1.7530814323e-03
6329	1.7528812020e-03	1.7528812670e-03
6330	1.7526808096e-03	1.7526810518e-03
6331	1.7524804074e-03	1.7524807906e-03
6332	1.7522800226e-03	1.7522804846e-03
6333	1.7520796698e-03	1.7520801314e-03
6334	1.7518793417e-03	1.7518797257e-03
6335	1.7516790063e-03	1.7516792607e-03
6336	1.7514786148e-03	1.7514787279e-03
6337	1.7512781154e-03	1.7512781178e-03
6338	1.7510774694e-03	1.7510774212e-03
6339	1.7508766633e-03	1.7508766304e-03
6340	1.7506757103e-03	1.7506757407e-03
6341	1.7504746440e-03	1.7504747520e-03
6342	1.7502735046e-03	1.7502736682e-03
6343	1.7500723254e-03	1.7500724965e-03
6344	1.7498711231e-03	1.7498712447e-03
6345	1.7496698942e-03	1.7496699189e-03
6346	1.7494686230e-03	1.7494685223e-03
6347	1.7492672896e-03	1.7492670541e-03
6348	1.7490658756e-03	1.7490655103e-03
6349	1.7488643671e-03	1.7488638848e-03
6350	1.7486627467e-03	1.7486621709e-03
6351	1.7484610224e-03	1.7484603628e-03
6352	1.7482591767e-03	1.7482584557e-03
6353	1.7480571599e-03	1.7480564465e-03
6354	1.7478549161e-03	1.7478543331e-03
6355	1.7476524203e-03	1.7476521144e-03
6356	1.7474497013e-03	1.7474497897e-03
6357	1.7472468403e-03	1.7472473583e-03
6358	1.7470439458e-03	1.7470448180e-03
6359	1.7468411102e-03	1.7468421658e-03
6360	1.7466383743e-03	1.7466393995e-03
6361	1.7464357126e-03	1.7464365181e-03
6362	1.7462330478e-03	1.7462335215e-03
6363	1.7460302839e-03	1.7460304104e-03
6364	1.7458273427e-03	1.7458271847e-03
6365	1.7456241867e-03	1.7456238442e-03
6366	1.7454208224e-03	1.7454203880e-03
6367	1.7452172863e-03	1.7452168154e-03
6368	1.7450136141e-03	1.7450131262e-03
6369	1.7448098228e-03	1.7448093214e-03
6370	1.7446059083e-03	1.7446054025e-03
6371	1.7444018554e-03	1.7444013712e-03
6372	1.7441976539e-03	1.7441972286e-03
6373	1.7439933076e-03	1.7439929746e-03
6374	1.7437888367e-03	1.7437886085e-03
6375	1.7435842663e-03	1.7435841292e-03
6376	1.7433796095e-03	1.7433795353e-03
6377	1.7431748573e-03	1.7431748268e-03
6378	1.7429699804e-03	1.7429700035e-03
6379	1.7427649413e-03	1.7427650641e-03
6380	1.7425597107e-03	1.7425600049e-03
6381	1.7423542792e-03	1.7423548199e-03
6382	1.7421486719e-03	1.7421495021e-03
6383	1.7419429910e-03	1.7419440452e-03
6384	1.7417373068e-03	1.7417384453e-03
6385	1.7415316383e-03	1.7415327019e-03
6386	1.7413259559e-03	1.7413268172e-03
6387	1.7411202007e-03	1.7411207947e-03
6388	1.7409143108e-03	1.7409146372e-03
6389	1.7407082428e-03	1.7407083451e-03
6390	1.7405019785e-03	1.7405019159e-03
6391	1.7402955198e-03	1.7402953450e-03
6392	1.7400888764e-03	1.7400886269e-03
6393	1.7398820548e-03	1.7398817566e-03
6394	1.7396750530e-03	1.7396747303e-03
6395	1.7394678659e-03	1.7394675451e-03
6396	1.7392604942e-03	1.7392601983e-03
6397	1.7390529491e-03	1.7390526870e-03
6398	1.7388452486e-03	1.7388450076e-03
6399	1.7386374090e-03	1.7386371563e-03
6400	1.7384294337e-03	1.7384291294e-03
6401	1.7382213090e-03	1.7382209243e-03
6402	1.7380130059e-03	1.7380125391e-03
6403	1.7378044910e-03	1.7378039727e-03
6404	1.7375957381e-03	1.7375952232e-03
6405	1.7373867366e-03	1.7373862879e-03
6406	1.7371774948e-03	1.7371771628e-03
6407	1.7369680381e-03	1.7369678428e-03
6408	1.7367583987e-03	1.7367583230e-03
6409	1.7365486062e-03	1.7365486014e-03
6410	1.7363386679e-03	1.7363386787e-03
6411	1.7361285673e-03	1.7361285574e-03
6412	1.7359182758e-03	1.7359182402e-03
6413	1.7357077680e-03	1.7357077290e-03
6414	1.7354970347e-03	1.7354970243e-03
6415	1.7352860851e-03	1.7352861255e-03
6416	1.7350749383e-03	1.7350750313e-03
6417	1.7348636127e-03	1.7348637407e-03
6418	1.7346521164e-03	1.7346522527e-03
6419	1.7344404441e-03	1.7344405668e-03
6420	1.7342285817e-03	1.7342286841e-03
6421	1.7340165151e-03	1.7340166065e-03
6422	1.7338042382e-03	1.7338043351e-03
6423	1.7335917547e-03	1.7335918697e-03
6424	1.7333790749e-03	1.7333792092e-03
6425	1.7331662077e-03	1.7331663524e-03
6426	1.7329531541e-03	1.7329532976e-03
6427	1.7327399060e-03	1.7327400424e-03
6428	1.7325264487e-03	1.7325265841e-03
6429	1.7323127685e-03	1.7323129187e-03
6430	1.7320988585e-03	1.7320990420e-03
6431	1.7318847216e-03	1.7318849495e-03
6432	1.7316703681e-03	1.7316706372e-03
6433	1.7314558116e-03	1.7314561096e-03
6434	1.7312410595e-03	1.7312413761e-03
6435	1.7310261125e-03	1.7310264449e-03
6436	1.7308109662e-03	1.7308113158e-03
6437	1.7305956142e-03	1.7305959793e-03
6438	1.7303800516e-03	1.7303804199e-03
6439	1.7301642762e-03	1.7301646208e-03
6440	1.7299482871e-03	1.7299485674e-03
6441	1.7297320831e-03	1.7297322499e-03
6442	1.7295156612e-03	1.7295156627e-03
6443	1.7292990162e-03	1.7292988028e-03
6444	1.7290821432e-03	1.7290816695e-03
6445	1.7288649684e-03	1.7288642636e-03
6446	1.7286474435e-03	1.7286465887e-03
6447	1.7284295714e-03	1.7284286515e-03
6448	1.7282113872e-03	1.7282104614e-03
6449	1.7279929270e-03	1.7279920282e-03
6450	1.7277742234e-03	1.7277733595e-03
6451	1.7275553020e-03	1.7275544583e-03
6452	1.7273361816e-03	1.7273353224e-03
6453	1.7271168729e-03	1.7271159456e-03
6454	1.7268973806e-03	1.7268963208e-03
6455	1.7266777025e-03	1.7266764424e-03
6456	1.7264578292e-03	1.7264563090e-03
6457	1.7262377498e-03	1.7262359231e-03
6458	1.7260171780e-03	1.7260152900e-03
6459	1.7257958940e-03	1.7257944160e-03
6460	1.7255739037e-03	1.7255733065e-03
6461	1.7253514395e-03	1.7253519654e-03
6462	1.7251287960e-03	1.7251303788e-03
6463	1.7249062032e-03	1.7249085256e-03
6464	1.7246837604e-03	1.7246863892e-03
6465	1.7244614458e-03	1.7244639647e-03
6466	1.7242391784e-03	1.7242412607e-03
6467	1.7240168827e-03	1.7240182953e-03
6468	1.7237945189e-03	1.7237950907e-03
6469	1.7235720673e-03	1.7235716693e-03
6470	1.7233494893e-03	1.7233480522e-03
6471	1.7231266961e-03	1.7231242579e-03
6472	1.7229035554e-03	1.7229003037e-03
6473	1.7226799375e-03	1.7226762070e-03
6474	1.7224557747e-03	1.7224519839e-03
6475	1.7222311010e-03	1.7222276471e-03
6476	1.7220060476e-03	1.7220032044e-03
6477	1.7217807930e-03	1.7217786598e-03
6478	1.7215554935e-03	1.7215540166e-03
6479	1.7213302241e-03	1.7213292815e-03
6480	1.7211049598e-03	1.7211044675e-03
6481	1.7208796000e-03	1.7208795915e-03
6482	1.7206540216e-03	1.7206546721e-03
6483	1.7204281314e-03	1.7204297255e-03
6484	1.7202018948e-03	1.7202047543e-03
6485	1.7199753331e-03	1.7199797471e-03
6486	1.7197484924e-03	1.7197546862e-03
6487	1.7195220318e-03	1.7195295553e-03
6488	1.7192963521e-03	1.7193043452e-03
6489	1.7190714928e-03	1.7190790527e-03
6490	1.7188472141e-03	1.7188536784e-03
6491	1.7186231698e-03	1.7186282228e-03
6492	1.7183990710e-03	1.7184026841e-03
6493	1.7181747667e-03	1.7181770589e-03
6494	1.7179502232e-03	1.7179513439e-03
6495	1.7177254464e-03	1.7177255369e-03
6496	1.7175004125e-03	1.7174996361e-03
6497	1.7172750512e-03	1.7172736375e-03
6498	1.7170492894e-03	1.7170475318e-03
6499	1.7168231151e-03	1.7168213026e-03
6500	1.7165966141e-03	1.7165949278e-03
6501	1.7163699455e-03	1.7163683822e-03
6502	1.7161432678e-03	1.7161416427e-03
6503	1.7159166440e-03	1.7159146911e-03
6504	1.7156899822e-03	1.7156875143e-03
6505	1.7154630859e-03	1.7154601024e-03
6506	1.7152357551e-03	1.7152324457e-03
6507	1.7150078608e-03	1.7150045314e-03
6508	1.7147793789e-03	1.7147763423e-03
6509	1.7145503725e-03	1.7145478575e-03
6510	1.7143209417e-03	1.7143190533e-03
6511	1.7140911720e-03	1.7140899050e-03
6512	1.7138611092e-03	1.7138603879e-03
6513	1.7136307682e-03	1.7136304971e-03
6514	1.7134001486e-03	1.7134002432e-03
6515	1.7131692586e-03	1.7131696429e-03
6516	1.7129381232e-03	1.7129387111e-03
6517	1.7127067716e-03	1.7127074569e-03
6518	1.7124752158e-03	1.7124758836e-03
6519	1.7122434350e-03	1.7122439917e-03
6520	1.7120113788e-03	1.7120117817e-03
6521	1.7117789870e-03	1.7117792547e-03
6522	1.7115462176e-03	1.7115464110e-03
6523	1.7113130654e-03	1.7113132488e-03
6524	1.7110795617e-03	1.7110797631e-03
6525	1.7108457557e-03	1.7108459475e-03
6526	1.7106116867e-03	1.7106117983e-03
6527	1.7103773561e-03	1.7103773165e-03
6528	1.7101427391e-03	1.7101425099e-03
6529	1.7099078026e-03	1.7099073900e-03
6530	1.7096725208e-03	1.7096719680e-03
6531	1.7094368812e-03	1.7094362503e-03
6532	1.7092008826e-03	1.7092002375e-03
6533	1.7089645271e-03	1.7089639251e-03
6534	1.7087278193e-03	1.7087273065e-03
6535	1.7084907632e-03	1.7084903752e-03
6536	1.7082533611e-03	1.7082531267e-03
6537	1.7080156199e-03	1.7080155579e-03
6538	1.7077775554e-03	1.7077776670e-03
6539	1.7075391902e-03	1.7075394526e-03
6540	1.7073005465e-03	1.7073009136e-03
6541	1.7070616360e-03	1.7070620494e-03
6542	1.7068224543e-03	1.7068228606e-03
6543	1.7065829826e-03	1.7065833491e-03
6544	1.7063431990e-03	1.7063435179e-03
6545	1.7061030847e-03	1.7061033699e-03
6546	1.7058626314e-03	1.7058629071e-03
6547	1.7056218434e-03	1.7056221296e-03
6548	1.7053807339e-03	1.7053810359e-03
6549	1.7051393184e-03	1.7051396238e-03
6550	1.7048976068e-03	1.7048978842e-03
6551	1.7046556003e-03	1.7046558070e-03
6552	1.7044132915e-03	1.7044133878e-03
6553	1.7041706680e-03	1.7041706305e-03
6554	1.7039277175e-03	1.7039275448e-03
6555	1.7036844305e-03	1.7036841414e-03
6556	1.7034408013e-03	1.7034404269e-03
6557	1.7031968273e-03	1.7031964019e-03
6558	1.7029525074e-03	1.7029520631e-03
6559	1.7027078420e-03	1.7027074070e-03
6560	1.7024628329e-03	1.7024624335e-03
6561	1.7022174842e-03	1.7022171464e-03
6562	1.7019718025e-03	1.7019715507e-03
6563	1.7017257950e-03	1.7017256488e-03
6564	1.7014794635e-03	1.7014794378e-03
6565	1.7012328025e-03	1.7012329092e-03
6566	1.7009858058e-03	1.7009860515e-03
6567	1.7007384670e-03	1.7007388540e-03
6568	1.7004907800e-03	1.7004913096e-03
6569	1.7002427377e-03	1.7002434155e-03
6570	1.6999943328e-03	1.6999951721e-03
6571	1.6997455586e-03	1.6997465800e-03
6572	1.6994964097e-03	1.6994976390e-03
6573	1.6992468842e-03	1.6992483476e-03
6574	1.6989969850e-03	1.6989987044e-03
6575	1.6987469836e-03	1.6987487093e-03
6576	1.6984970218e-03	1.6984983635e-03
6577	1.6982470120e-03	1.6982476690e-03
6578	1.6979967158e-03	1.6979966256e-03
6579	1.6977458950e-03	1.6977452301e-03
6580	1.6974944399e-03	1.6974934751e-03
6581	1.6972424069e-03	1.6972413511e-03
6582	1.6969899448e-03	1.6969888487e-03
6583	1.6967371745e-03	1.6967359611e-03
6584	1.6964840994e-03	1.6964826849e-03
6585	1.6962305999e-03	1.6962290192e-03
6586	1.6959765100e-03	1.6959749646e-03
6587	1.6957217249e-03	1.6957205206e-03
6588	1.6954662722e-03	1.6954656851e-03
6589	1.6952103072e-03	1.6952104544e-03
6590	1.6949540364e-03	1.6949548239e-03
6591	1.6946976188e-03	1.6946987893e-03
6592	1.6944410987e-03	1.6944423466e-03
6593	1.6941844044e-03	1.6941854919e-03
6594	1.6939274034e-03	1.6939282198e-03
6595	1.6936699770e-03	1.6936705238e-03
6596	1.6934120685e-03	1.6934123965e-03
6597	1.6931536855e-03	1.6931538313e-03
6598	1.6928948547e-03	1.6928948232e-03
6599	1.6926355741e-03	1.6926353688e-03
6600	1.6923758006e-03	1.6923754657e-03
6601	1.6921154714e-03	1.6921151198e-03
6602	1.6918545483e-03	1.6918543412e-03
6603	1.6915930551e-03	1.6915931380e-03
6604	1.6913310805e-03	1.6913315110e-03
6605	1.6910687441e-03	1.6910694537e-03
6606	1.6908061367e-03	1.6908069555e-03
6607	1.6905432768e-03	1.6905440072e-03
6608	1.6902801036e-03	1.6902806027e-03
6609	1.6900165075e-03	1.6900167385e-03
6610	1.6897523808e-03	1.6897524104e-03
6611	1.6894876628e-03	1.6894876107e-03
6612	1.6892223524e-03	1.6892223280e-03
6613	1.6889564874e-03	1.6889565493e-03
6614	1.6886901177e-03	1.6886902632e-03
6615	1.6884232740e-03	1.6884234621e-03
6616	1.6881559389e-03	1.6881561420e-03
6617	1.6878880818e-03	1.6878883011e-03
6618	1.6876196998e-03	1.6876199368e-03
6619	1.6873508194e-03	1.6873510447e-03
6620	1.6870814789e-03	1.6870816187e-03
6621	1.6868116970e-03	1.6868116516e-03
6622	1.6865414499e-03	1.6865411380e-03
6623	1.6862706730e-03	1.6862700738e-03
6624	1.6859992884e-03	1.6859984562e-03
6625	1.6857272381e-03	1.6857262816e-03
6626	1.6854545064e-03	1.6854535444e-03
6627	1.6851811190e-03	1.6851802372e-03
6628	1.6849071222e-03	1.6849063515e-03
6629	1.6846325547e-03	1.6846318802e-03
6630	1.6843574313e-03	1.6843568191e-03
6631	1.6840817295e-03	1.6840811682e-03
6632	1.6838054202e-03	1.6838049294e-03
6633	1.6835285121e-03	1.6835281049e-03
6634	1.6832510455e-03	1.6832506954e-03
6635	1.6829730625e-03	1.6829727001e-03
6636	1.6826945929e-03	1.6826941172e-03
6637	1.6824155864e-03	1.6824149445e-03
6638	1.6821359382e-03	1.6821351807e-03
6639	1.6818555447e-03	1.6818548257e-03
6640	1.6815743623e-03	1.6815738796e-03
6641	1.6812924342e-03	1.6812923421e-03
6642	1.6810098703e-03	1.6810102113e-03
6643	1.6807267924e-03	1.6807274844e-03
6644	1.6804432818e-03	1.6804441590e-03
6645	1.6801593464e-03	1.6801602346e-03
6646	1.6798749308e-03	1.6798757126e-03
6647	1.6795899573e-03	1.6795905960e-03
6648	1.6793043708e-03	1.6793048876e-03
6649	1.6790181611e-03	1.6790185884e-03
6650	1.6787313523e-03	1.6787316980e-03
6651	1.6784439723e-03	1.6784442142e-03
6652	1.6781560255e-03	1.6781561347e-03
6653	1.6778674869e-03	1.6778674577e-03
6654	1.6775783181e-03	1.6775781824e-03
6655	1.6772884838e-03	1.6772883074e-03
6656	1.6769979754e-03	1.6769978346e-03
6657	1.6767068334e-03	1.6767067694e-03
6658	1.6764151218e-03	1.6764151135e-03
6659	1.6761228859e-03	1.6761228659e-03
6660	1.6758301197e-03	1.6758300244e-03
6661	1.6755367687e-03	1.6755365866e-03
6662	1.6752427787e-03	1.6752425492e-03
6663	1.6749480958e-03	1.6749479056e-03
6664	1.6746526989e-03	1.6746526446e-03
6665	1.6743566100e-03	1.6743567509e-03
6666	1.6740598800e-03	1.6740602098e-03
6667	1.6737625546e-03	1.6737630127e-03
6668	1.6734646551e-03	1.6734651594e-03
6669	1.6731661767e-03	1.6731666550e-03
6670	1.6728671015e-03	1.6728675052e-03
6671	1.6725674150e-03	1.6725677122e-03
6672	1.6722671160e-03	1.6722672720e-03
6673	1.6719662125e-03	1.6719661773e-03
6674	1.6716647106e-03	1.6716644207e-03
6675	1.6713626038e-03	1.6713619975e-03
6676	1.6710598712e-03	1.6710589073e-03
6677	1.6707564857e-03	1.6707551551e-03
6678	1.6704524274e-03	1.6704507482e-03
6679	1.6701476925e-03	1.6701456944e-03
6680	1.6698423347e-03	1.6698399996e-03
6681	1.6695362395e-03	1.6695336672e-03
6682	1.6692292428e-03	1.6692266993e-03
6683	1.6689213884e-03	1.6689191001e-03
6684	1.6686127405e-03	1.6686108804e-03
6685	1.6683033581e-03	1.6683020511e-03
6686	1.6679932974e-03	1.6679926211e-03
6687	1.6676826345e-03	1.6676825965e-03
6688	1.6673714720e-03	1.6673719832e-03
6689	1.6670599106e-03	1.6670607882e-03
6690	1.6667480116e-03	1.6667490205e-03
6691	1.6664357449e-03	1.6664366890e-03
6692	1.6661229362e-03	1.6661238013e-03
6693	1.6658093982e-03	1.6658103613e-03
6694	1.6654950401e-03	1.6654963698e-03
6695	1.6651799127e-03	1.6651818262e-03
6696	1.6648641804e-03	1.6648667310e-03
6697	1.6645480335e-03	1.6645510884e-03
6698	1.6642315934e-03	1.6642349068e-03
6699	1.6639148767e-03	1.6639181941e-03
6700	1.6635978401e-03	1.6636009544e-03
6701	1.6632804020e-03	1.6632831848e-03
6702	1.6629624525e-03	1.6629648790e-03
6703	1.6626439185e-03	1.6626460328e-03
6704	1.6623247767e-03	1.6623266470e-03
6705	1.6620050450e-03	1.6620067266e-03
6706	1.6616847642e-03	1.6616862785e-03
6707	1.6613639780e-03	1.6613653032e-03
6708	1.6610426521e-03	1.6610437914e-03
6709	1.6607206250e-03	1.6607217270e-03
6710	1.6603979195e-03	1.6603990883e-03
6711	1.6600746126e-03	1.6600758512e-03
6712	1.6597507528e-03	1.6597519914e-03
6713	1.6594262964e-03	1.6594274866e-03
6714	1.6591011209e-03	1.6591023175e-03
6715	1.6587750916e-03	1.6587764676e-03
6716	1.6584481423e-03	1.6584499200e-03
6717	1.6581203137e-03	1.6581226509e-03
6718	1.6577917244e-03	1.6577946299e-03
6719	1.6574624932e-03	1.6574658200e-03
6720	1.6571326665e-03	1.6571361803e-03
6721	1.6568021931e-03	1.6568056680e-03
6722	1.6564709166e-03	1.6564742393e-03
6723	1.6561386424e-03	1.6561418509e-03
6724	1.6558053123e-03	1.6558084600e-03
6725	1.6554709981e-03	1.6554740311e-03
6726	1.6551358941e-03	1.6551385370e-03
6727	1.6548000716e-03	1.6548019518e-03
6728	1.6544634153e-03	1.6544642456e-03
6729	1.6541256757e-03	1.6541253832e-03
6730	1.6537865917e-03	1.6537853270e-03
6731	1.6534460081e-03	1.6534440405e-03
6732	1.6531038707e-03	1.6531014920e-03
6733	1.6527601552e-03	1.6527576559e-03
6734	1.6524149507e-03	1.6524125063e-03
6735	1.6520683427e-03	1.6520660022e-03
6736	1.6517203504e-03	1.6517180965e-03
6737	1.6513709092e-03	1.6513687396e-03
6738	1.6510199182e-03	1.6510178948e-03
6739	1.6506672633e-03	1.6506655566e-03
6740	1.6503128428e-03	1.6503117107e-03
6741	1.6499566474e-03	1.6499563202e-03
6742	1.6495988082e-03	1.6495993262e-03
6743	1.6492393235e-03	1.6492406728e-03
6744	1.6488781274e-03	1.6488803229e-03
6745	1.6485151371e-03	1.6485182601e-03
6746	1.6481503310e-03	1.6481544795e-03
6747	1.6477838066e-03	1.6477889610e-03
6748	1.6474157088e-03	1.6474216597e-03
6749	1.6470461674e-03	1.6470525088e-03
6750	1.6466750189e-03	1.6466814204e-03
6751	1.6463019412e-03	1.6463082974e-03
6752	1.6459267807e-03	1.6459330629e-03
6753	1.6455495050e-03	1.6455556583e-03
6754	1.6451701551e-03	1.6451760278e-03
6755	1.6447887385e-03	1.6447941000e-03
6756	1.6444051827e-03	1.6444097810e-03
6757	1.6440193142e-03	1.6440229625e-03
6758	1.6436308813e-03	1.6436335392e-03
6759	1.6432397760e-03	1.6432414153e-03
6760	1.6428462575e-03	1.6428464974e-03
6761	1.6424505215e-03	1.6424487095e-03
6762	1.6420527432e-03	1.6420479891e-03
6763	1.6416525556e-03	1.6416442855e-03
6764	1.6412487507e-03	1.6412375625e-03
6765	1.6408412620e-03	1.6408277808e-03
6766	1.6404305259e-03	1.6404148903e-03
6767	1.6400171076e-03	1.6399988236e-03
6768	1.6396009112e-03	1.6395795032e-03
6769	1.6391813234e-03	1.6391568714e-03
6770	1.6387575959e-03	1.6387309058e-03
6771	1.6383291068e-03	1.6383016183e-03
6772	1.6378960564e-03	1.6378690442e-03
6773	1.6374589142e-03	1.6374332301e-03
6774	1.6370181108e-03	1.6369942267e-03
6775	1.6365742866e-03	1.6365520944e-03
6776	1.6361279203e-03	1.6361069063e-03
6777	1.6356786831e-03	1.6356587560e-03
6778	1.6352261465e-03	1.6352077620e-03
6779	1.6347701943e-03	1.6347540631e-03
6780	1.6343111927e-03	1.6342978140e-03
6781	1.6338498103e-03	1.6338391683e-03
6782	1.6333866253e-03	1.6333782755e-03
6783	1.6329217990e-03	1.6329152798e-03
6784	1.6324552762e-03	1.6324503186e-03
6785	1.6319874199e-03	1.6319835357e-03
6786	1.6315181183e-03	1.6315151108e-03
6787	1.6310472961e-03	1.6310452588e-03
6788	1.6305748624e-03	1.6305742131e-03
6789	1.6301005277e-03	1.6301021766e-03
6790	1.6296245672e-03	1.6296293039e-03
6791	1.6291475944e-03	1.6291557436e-03
6792	1.6286706996e-03	1.6286816694e-03
6793	1.6281950686e-03	1.6282072930e-03
6794	1.6277208773e-03	1.6277328377e-03
6795	1.6272476586e-03	1.6272585061e-03
6796	1.6267748064e-03	1.6267844674e-03
6797	1.6263020427e-03	1.6263108558e-03
6798	1.6258296147e-03	1.6258377942e-03
6799	1.6253581290e-03	1.6253654149e-03
6800	1.6248881409e-03	1.6248938599e-03
6801	1.6244198221e-03	1.6244232927e-03
6802	1.6239528656e-03	1.6239538978e-03
6803	1.6234868174e-03	1.6234858475e-03
6804	1.6230213937e-03	1.6230192868e-03
6805	1.6225564767e-03	1.6225543345e-03
6806	1.6220925054e-03	1.6220910993e-03
6807	1.6216299973e-03	1.6216296986e-03
6808	1.6211694784e-03	1.6211702661e-03
6809	1.6207114451e-03	1.6207129436e-03
6810	1.6202561177e-03	1.6202578705e-03
6811	1.6198030060e-03	1.6198051904e-03
6812	1.6193514908e-03	1.6193550308e-03
6813	1.6189014399e-03	1.6189075016e-03
6814	1.6184538571e-03	1.6184626947e-03
6815	1.6180095117e-03	1.6180206774e-03
6816	1.6175688094e-03	1.6175815077e-03
6817	1.6171316106e-03	1.6171452418e-03
6818	1.6166974527e-03	1.6167119482e-03
6819	1.6162660470e-03	1.6162817141e-03
6820	1.6158375432e-03	1.6158546229e-03
6821	1.6154122480e-03	1.6154307346e-03
6822	1.6149905432e-03	1.6150100817e-03
6823	1.6145727722e-03	1.6145926772e-03
6824	1.6141588971e-03	1.6141785295e-03
6825	1.6137488318e-03	1.6137676535e-03
6826	1.6133423199e-03	1.6133600704e-03
6827	1.6129389619e-03	1.6129557951e-03
6828	1.6125385668e-03	1.6125548205e-03
6829	1.6121412554e-03	1.6121571105e-03
6830	1.6117473516e-03	1.6117626025e-03
6831	1.6113571453e-03	1.6113712115e-03
6832	1.6109706823e-03	1.6109828470e-03
6833	1.6105877143e-03	1.6105974183e-03
6834	1.6102078208e-03	1.6102148385e-03
6835	1.6098306020e-03	1.6098350276e-03
6836	1.6094558100e-03	1.6094579081e-03
6837	1.6090833449e-03	1.6090833843e-03
6838	1.6087131495e-03	1.6087113349e-03
6839	1.6083451010e-03	1.6083416248e-03
6840	1.6079789892e-03	1.6079741402e-03
6841	1.6076145930e-03	1.6076087857e-03
6842	1.6072517904e-03	1.6072454765e-03
6843	1.6068906131e-03	1.6068841232e-03
6844	1.6065311721e-03	1.6065246220e-03
6845	1.6061735013e-03	1.6061668617e-03
6846	1.6058176034e-03	1.6058107345e-03
6847	1.6054633790e-03	1.6054561403e-03
6848	1.6051106549e-03	1.6051029898e-03
6849	1.6047592278e-03	1.6047512091e-03
6850	1.6044089090e-03	1.6044007352e-03
6851	1.6040595668e-03	1.6040515163e-03
6852	1.6037111455e-03	1.6037035047e-03
6853	1.6033636423e-03	1.6033566463e-03
6854	1.6030170768e-03	1.6030108816e-03
6855	1.6026714749e-03	1.6026661543e-03
6856	1.6023268678e-03	1.6023224210e-03
6857	1.6019832941e-03	1.6019796559e-03
6858	1.6016407965e-03	1.6016378473e-03
6859	1.6012994049e-03	1.6012969893e-03
6860	1.6009591173e-03	1.6009570736e-03
6861	1.6006198892e-03	1.6006180851e-03
6862	1.6002816380e-03	1.6002800034e-03
6863	1.5999442835e-03	1.5999428088e-03
6864	1.5996077542e-03	1.5996064862e-03
6865	1.5992720038e-03	1.5992710253e-03
6866	1.5989370279e-03	1.5989364160e-03
6867	1.5986028646e-03	1.5986026454e-03
6868	1.5982695781e-03	1.5982696984e-03
6869	1.5979372092e-03	1.5979375616e-03
6870	1.5976056809e-03	1.5976062249e-03
6871	1.5972749716e-03	1.5972756811e-03
6872	1.5969451465e-03	1.5969459268e-03
6873	1.5966163375e-03	1.5966169616e-03
6874	1.5962885905e-03	1.5962887853e-03
6875	1.5959617780e-03	1.5959613948e-03
6876	1.5956356718e-03	1.5956347819e-03
6877	1.5953100763e-03	1.5953089334e-03
6878	1.5949849359e-03	1.5949838327e-03
6879	1.5946603381e-03	1.5946594621e-03
6880	1.5943364297e-03	1.5943358061e-03
6881	1.5940133102e-03	1.5940128507e-03
6882	1.5936909790e-03	1.5936905830e-03
6883	1.5933693642e-03	1.5933689902e-03
6884	1.5930483590e-03	1.5930480595e-03
6885	1.5927278972e-03	1.5927277791e-03
6886	1.5924080369e-03	1.5924081387e-03
6887	1.5920888926e-03	1.5920891300e-03
6888	1.5917705307e-03	1.5917707450e-03
6889	1.5914529121e-03	1.5914529743e-03
6890	1.5911359232e-03	1.5911358057e-03
6891	1.5908194663e-03	1.5908192245e-03
6892	1.5905034891e-03	1.5905032154e-03
6893	1.5901879902e-03	1.5901877648e-03
6894	1.5898729923e-03	1.5898728623e-03
6895	1.5895585711e-03	1.5895585002e-03
6896	1.5892447873e-03	1.5892446687e-03
6897	1.5889316378e-03	1.5889313568e-03
6898	1.5886190563e-03	1.5886185554e-03
6899	1.5883069559e-03	1.5883062608e-03
6900	1.5879952797e-03	1.5879944745e-03
6901	1.5876840227e-03	1.5876831981e-03
6902	1.5873732120e-03	1.5873724274e-03
6903	1.5870629006e-03	1.5870621514e-03
6904	1.5867530879e-03	1.5867523548e-03
6905	1.5864437227e-03	1.5864430242e-03
6906	1.5861347532e-03	1.5861341507e-03
6907	1.5858261609e-03	1.5858257304e-03
6908	1.5855179821e-03	1.5855177605e-03
6909	1.5852102791e-03	1.5852102369e-03
6910	1.5849030952e-03	1.5849031512e-03
6911	1.5845964264e-03	1.5845964921e-03
6912	1.5842902169e-03	1.5842902494e-03
6913	1.5839843996e-03	1.5839844168e-03
6914	1.5836789497e-03	1.5836789881e-03
6915	1.5833738885e-03	1.5833739535e-03
6916	1.5830692508e-03	1.5830693024e-03
6917	1.5827650492e-03	1.5827650298e-03
6918	1.5824612659e-03	1.5824611404e-03
6919	1.5821578648e-03	1.5821576462e-03
6920	1.5818548205e-03	1.5818545582e-03
6921	1.5815521403e-03	1.5815518805e-03
6922	1.5812498583e-03	1.5812496071e-03
6923	1.5809480085e-03	1.5809477249e-03
6924	1.5806465936e-03	1.5806462196e-03
6925	1.5803455518e-03	1.5803450802e-03
6926	1.5800448175e-03	1.5800442997e-03
6927	1.5797443697e-03	1.5797438736e-03
6928	1.5794442332e-03	1.5794437967e-03
6929	1.5791444465e-03	1.5791440641e-03
6930	1.5788450235e-03	1.5788446713e-03
6931	1.5785459406e-03	1.5785456151e-03
6932	1.5782471552e-03	1.5782468933e-03
6933	1.5779486395e-03	1.5779485039e-03
6934	1.5776504005e-03	1.5776504439e-03
6935	1.5773524692e-03	1.5773527096e-03
6936	1.5770548868e-03	1.5770552980e-03
6937	1.5767576805e-03	1.5767582067e-03
6938	1.5764608542e-03	1.5764614343e-03
6939	1.5761645449e-03	1.5761649804e-03
6940	1.5758689241e-03	1.5758688468e-03
6941	1.5755740135e-03	1.5755730376e-03
6942	1.5752795865e-03	1.5752775579e-03
6943	1.5749852465e-03	1.5749824122e-03
6944	1.5746906567e-03	1.5746876030e-03
6945	1.5743957477e-03	1.5743931318e-03
6946	1.5741007536e-03	1.5740990001e-03
6947	1.5738060593e-03	1.5738052103e-03
6948	1.5735119660e-03	1.5735117666e-03
6949	1.5732185499e-03	1.5732186739e-03
6950	1.5729256895e-03	1.5729259374e-03
6951	1.5726332163e-03	1.5726335601e-03
6952	1.5723410596e-03	1.5723415438e-03
6953	1.5720492581e-03	1.5720498902e-03
6954	1.5717578883e-03	1.5717586023e-03
6955	1.5714669717e-03	1.5714676846e-03
6956	1.5711764465e-03	1.5711771423e-03
6957	1.5708862268e-03	1.5708869797e-03
6958	1.5705962823e-03	1.5705971998e-03
6959	1.5703066719e-03	1.5703078044e-03
6960	1.5700175058e-03	1.5700187946e-03
6961	1.5697288552e-03	1.5697301712e-03
6962	1.5694407489e-03	1.5694419347e-03
6963	1.5691531622e-03	1.5691540854e-03
6964	1.5688660279e-03	1.5688666234e-03
6965	1.5685792579e-03	1.5685795535e-03
6966	1.5682927880e-03	1.5682928879e-03
6967	1.5680066166e-03	1.5680066424e-03
6968	1.5677207885e-03	1.5677208279e-03
6969	1.5674353550e-03	1.5674354438e-03
6970	1.5671503391e-03	1.5671504765e-03
6971	1.5668657294e-03	1.5668659063e-03
6972	1.5665815007e-03	1.5665817159e-03
6973	1.5662976417e-03	1.5662978975e-03
6974	1.5660141663e-03	1.5660144517e-03
6975	1.5657311020e-03	1.5657313828e-03
6976	1.5654484673e-03	1.5654486930e-03
6977	1.5651662572e-03	1.5651663799e-03
6978	1.5648844465e-03	1.5648844396e-03
6979	1.5646030052e-03	1.5646028697e-03
6980	1.5643219116e-03	1.5643216700e-03
6981	1.5640411549e-03	1.5640408405e-03
6982	1.5637607267e-03	1.5637603784e-03
6983	1.5634806146e-03	1.5634802777e-03
6984	1.5632008044e-03	1.5632005310e-03
6985	1.5629212927e-03	1.5629211319e-03
6986	1.5626420963e-03	1.5626420762e-03
6987	1.5623632486e-03	1.5623633620e-03
6988	1.5620847855e-03	1.5620849905e-03
6989	1.5618067275e-03	1.5618069643e-03
6990	1.5615290695e-03	1.5615292851e-03
6991	1.5612517861e-03	1.5612519515e-03
6992	1.5609748463e-03	1.5609749583e-03
6993	1.5606982222e-03	1.5606982989e-03
6994	1.5604218982e-03	1.5604219674e-03
6995	1.5601458735e-03	1.5601459604e-03
6996	1.5598701573e-03	1.5598702756e-03
6997	1.5595947634e-03	1.5595949109e-03
6998	1.5593197040e-03	1.5593198632e-03
6999	1.5590449871e-03	1.5590451287e-03
7000	1.5587706140e-03	1.5587707039e-03
7001	1.5584965788e-03	1.5584965871e-03
7002	1.5582228682e-03	1.5582227780e-03
7003	1.5579494616e-03	1.5579492765e-03
7004	1.5576763202e-03	1.5576760816e-03
7005	1.5574034293e-03	1.5574031907e-03
7006	1.5571308027e-03	1.5571306007e-03
7007	1.5568584621e-03	1.5568583083e-03
7008	1.5565864179e-03	1.5565863109e-03
7009	1.5563146701e-03	1.5563146057e-03
7010	1.5560432138e-03	1.5560431894e-03
7011	1.5557720854e-03	1.5557720581e-03
7012	1.5555012921e-03	1.5555012076e-03
7013	1.5552307956e-03	1.5552306347e-03
7014	1.5549605408e-03	1.5549603376e-03
7015	1.5546904961e-03	1.5546903155e-03
7016	1.5544206734e-03	1.5544205682e-03
7017	1.5541511134e-03	1.5541510945e-03
7018	1.5538818518e-03	1.5538818925e-03
7019	1.5536128952e-03	1.5536129594e-03
7020	1.5533442229e-03	1.5533442921e-03
7021	1.5530758100e-03	1.5530758874e-03
7022	1.5528076482e-03	1.5528077429e-03
7023	1.5525397483e-03	1.5525398563e-03
7024	1.5522721242e-03	1.5522722258e-03
7025	1.5520047757e-03	1.5520048499e-03
7026	1.5517376825e-03	1.5517377272e-03
7027	1.5514708222e-03	1.5514708568e-03
7028	1.5512041881e-03	1.5512042378e-03
7029	1.5509377951e-03	1.5509378687e-03
7030	1.5506716662e-03	1.5506717469e-03
7031	1.5504058129e-03	1.5504058690e-03
7032	1.5501402253e-03	1.5501402318e-03
7033	1.5498748787e-03	1.5498748329e-03
7034	1.5496097506e-03	1.5496096697e-03
7035	1.5493448338e-03	1.5493447395e-03
7036	1.5490801361e-03	1.5490800395e-03
7037	1.5488156684e-03	1.5488155693e-03
7038	1.5485514333e-03	1.5485513298e-03
7039	1.5482874227e-03	1.5482873211e-03
7040	1.5480236261e-03	1.5480235414e-03
7041	1.5477600398e-03	1.5477599864e-03
7042	1.5474966690e-03	1.5474966511e-03
7043	1.5472335225e-03	1.5472335316e-03
7044	1.5469706031e-03	1.5469706256e-03
7045	1.5467079058e-03	1.5467079320e-03
7046	1.5464454221e-03	1.5464454494e-03
7047	1.5461831436e-03	1.5461831760e-03
7048	1.5459210680e-03	1.5459211089e-03
7049	1.5456591987e-03	1.5456592460e-03
7050	1.5453975394e-03	1.5453975856e-03
7051	1.5451360890e-03	1.5451361261e-03
7052	1.5448748406e-03	1.5448748657e-03
7053	1.5446137855e-03	1.5446138018e-03
7054	1.5443529186e-03	1.5443529319e-03
7055	1.5440922409e-03	1.5440922539e-03
7056	1.5438317563e-03	1.5438317668e-03
7057	1.5435714582e-03	1.5435714698e-03
7058	1.5433113465e-03	1.5433113619e-03
7059	1.5430514331e-03	1.5430514413e-03
7060	1.5427917293e-03	1.5427917051e-03
7061	1.5425322314e-03	1.5425321503e-03
7062	1.5422729124e-03	1.5422727741e-03
7063	1.5420137368e-03	1.5420135744e-03
7064	1.5417546852e-03	1.5417545494e-03
7065	1.5414957687e-03	1.5414956974e-03
7066	1.5412370188e-03	1.5412370162e-03
7067	1.5409784646e-03	1.5409785038e-03
7068	1.5407201124e-03	1.5407201579e-03
7069	1.5404619462e-03	1.5404619769e-03
7070	1.5402039430e-03	1.5402039589e-03
7071	1.5399460903e-03	1.5399461024e-03
7072	1.5396883908e-03	1.5396884054e-03
7073	1.5394308532e-03	1.5394308660e-03
7074	1.5391734771e-03	1.5391734822e-03
7075	1.5389162584e-03	1.5389162516e-03
7076	1.5386591973e-03	1.5386591714e-03
7077	1.5384022914e-03	1.5384022386e-03
7078	1.5381455359e-03	1.5381454507e-03
7079	1.5378889236e-03	1.5378888057e-03
7080	1.5376324457e-03	1.5376323029e-03
7081	1.5373760955e-03	1.5373759420e-03
7082	1.5371198715e-03	1.5371197231e-03
7083	1.5368637784e-03	1.5368636451e-03
7084	1.5366078250e-03	1.5366077063e-03
7085	1.5363520195e-03	1.5363519042e-03
7086	1.5360963653e-03	1.5360962372e-03
7087	1.5358408591e-03	1.5358407043e-03
7088	1.5355854933e-03	1.5355853048e-03
7089	1.5353302591e-03	1.5353300378e-03
7090	1.5350751500e-03	1.5350749021e-03
7091	1.5348201626e-03	1.5348198967e-03
7092	1.5345652964e-03	1.5345650216e-03
7093	1.5343105515e-03	1.5343102773e-03
7094	1.5340559285e-03	1.5340556648e-03
7095	1.5338014275e-03	1.5338011848e-03
7096	1.5335470481e-03	1.5335468375e-03
7097	1.5332927888e-03	1.5332926232e-03
7098	1.5330386467e-03	1.5330385423e-03
7099	1.5327846193e-03	1.5327845959e-03
7100	1.5325307266e-03	1.5325307852e-03
7101	1.5322769980e-03	1.5322771110e-03
7102	1.5320234476e-03	1.5320235738e-03
7103	1.5317700711e-03	1.5317701736e-03
7104	1.5315168446e-03	1.5315169104e-03
7105	1.5312637339e-03	1.5312637837e-03
7106	1.5310107121e-03	1.5310107934e-03
7107	1.5307577747e-03	1.5307579391e-03
7108	1.5305049443e-03	1.5305052205e-03
7109	1.5302522588e-03	1.5302526372e-03
7110	1.5299997516e-03	1.5300001889e-03
7111	1.5297474370e-03	1.5297478754e-03
7112	1.5294953062e-03	1.5294956967e-03
7113	1.5292433369e-03	1.5292436523e-03
7114	1.5289915063e-03	1.5289917421e-03
7115	1.5287397999e-03	1.5287399654e-03
7116	1.5284882128e-03	1.5284883216e-03
7117	1.5282367470e-03	1.5282368099e-03
7118	1.5279854077e-03	1.5279854301e-03
7119	1.5277341997e-03	1.5277341831e-03
7120	1.5274831253e-03	1.5274830686e-03
7121	1.5272321821e-03	1.5272320836e-03
7122	1.5269813621e-03	1.5269812233e-03
7123	1.5267306530e-03	1.5267304831e-03
7124	1.5264800436e-03	1.5264798600e-03
7125	1.5262295288e-03	1.5262293525e-03
7126	1.5259791128e-03	1.5259789600e-03
7127	1.5257288068e-03	1.5257286822e-03
7128	1.5254786230e-03	1.5254785195e-03
7129	1.5252285678e-03	1.5252284728e-03
7130	1.5249786393e-03	1.5249785429e-03
7131	1.5247288300e-03	1.5247287300e-03
7132	1.5244791311e-03	1.5244790322e-03
7133	1.5242295373e-03	1.5242294462e-03
7134	1.5239800481e-03	1.5239799683e-03
7135	1.5237306664e-03	1.5237305970e-03
7136	1.5234813962e-03	1.5234813327e-03
7137	1.5232322407e-03	1.5232321771e-03
7138	1.5229832011e-03	1.5229831313e-03
7139	1.5227342762e-03	1.5227341952e-03
7140	1.5224854622e-03	1.5224853675e-03
7141	1.5222367537e-03	1.5222366469e-03
7142	1.5219881454e-03	1.5219880328e-03
7143	1.5217396109e-03	1.5217395250e-03
7144	1.5214910943e-03	1.5214911235e-03
7145	1.5212426234e-03	1.5212428276e-03
7146	1.5209942816e-03	1.5209946372e-03
7147	1.5207461370e-03	1.5207465522e-03
7148	1.5204981952e-03	1.5204985728e-03
7149	1.5202504092e-03	1.5202506989e-03
7150	1.5200027288e-03	1.5200029296e-03
7151	1.5197551375e-03	1.5197552631e-03
7152	1.5195076467e-03	1.5195076975e-03
7153	1.5192602637e-03	1.5192602314e-03
7154	1.5190129702e-03	1.5190128645e-03
7155	1.5187657359e-03	1.5187655967e-03
7156	1.5185185497e-03	1.5185184277e-03
7157	1.5182714353e-03	1.5182713563e-03
7158	1.5180244333e-03	1.5180243811e-03
7159	1.5177775629e-03	1.5177775004e-03
7160	1.5175308035e-03	1.5175307133e-03
7161	1.5172841206e-03	1.5172840189e-03
7162	1.5170374947e-03	1.5170374166e-03
7163	1.5167909383e-03	1.5167909054e-03
7164	1.5165444810e-03	1.5165444846e-03
7165	1.5162981434e-03	1.5162981535e-03
7166	1.5160519220e-03	1.5160519118e-03
7167	1.5158057926e-03	1.5158057591e-03
7168	1.5155597361e-03	1.5155596945e-03
7169	1.5153137554e-03	1.5153137161e-03
7170	1.5150678647e-03	1.5150678199e-03
7171	1.5148220689e-03	1.5148220027e-03
7172	1.5145763557e-03	1.5145762637e-03
7173	1.5143307069e-03	1.5143306040e-03
7174	1.5140851170e-03	1.5140850259e-03
7175	1.5138395991e-03	1.5138395306e-03
7176	1.5135941721e-03	1.5135941184e-03
7177	1.5133488427e-03	1.5133487892e-03
7178	1.5131035993e-03	1.5131035430e-03
7179	1.5128584238e-03	1.5128583798e-03
7180	1.5126133089e-03	1.5126132994e-03
7181	1.5123682644e-03	1.5123683003e-03
7182	1.5121233086e-03	1.5121233807e-03
7183	1.5118784520e-03	1.5118785378e-03
7184	1.5116336906e-03	1.5116337677e-03
7185	1.5113890087e-03	1.5113890683e-03
7186	1.5111443982e-03	1.5111444398e-03
7187	1.5108998631e-03	1.5108998831e-03
7188	1.5106554118e-03	1.5106553989e-03
7189	1.5104110456e-03	1.5104109873e-03
7190	1.5101667567e-03	1.5101666484e-03
7191	1.5099225356e-03	1.5099223839e-03
7192	1.5096783801e-03	1.5096781963e-03
7193	1.5094342970e-03	1.5094340880e-03
7194	1.5091902934e-03	1.5091900603e-03
7195	1.5089463691e-03	1.5089461136e-03
7196	1.5087025156e-03	1.5087022486e-03
7197	1.5084587321e-03	1.5084584673e-03
7198	1.5082150247e-03	1.5082147718e-03
7199	1.5079713917e-03	1.5079711631e-03
7200	1.5077278253e-03	1.5077276404e-03
7201	1.5074843183e-03	1.5074842015e-03
7202	1.5072408688e-03	1.5072408444e-03
7203	1.5069974797e-03	1.5069975681e-03
7204	1.5067541541e-03	1.5067543727e-03
7205	1.5065108924e-03	1.5065112578e-03
7206	1.5062676931e-03	1.5062682225e-03
7207	1.5060245556e-03	1.5060252657e-03
7208	1.5057815331e-03	1.5057823863e-03
7209	1.5055387164e-03	1.5055395844e-03
7210	1.5052960995e-03	1.5052968602e-03
7211	1.5050536121e-03	1.5050542134e-03
7212	1.5048111895e-03	1.5048116434e-03
7213	1.5045688179e-03	1.5045691491e-03
7214	1.5043265225e-03	1.5043267299e-03
7215	1.5040843282e-03	1.5040843858e-03
7216	1.5038422191e-03	1.5038421162e-03
7217	1.5036001564e-03	1.5035999196e-03
7218	1.5033581194e-03	1.5033577941e-03
7219	1.5031161218e-03	1.5031157369e-03
7220	1.5028741864e-03	1.5028737461e-03
7221	1.5026323098e-03	1.5026318200e-03
7222	1.5023904572e-03	1.5023899571e-03
7223	1.5021485944e-03	1.5021481558e-03
7224	1.5019067254e-03	1.5019064143e-03
7225	1.5016648956e-03	1.5016647309e-03
7226	1.5014231578e-03	1.5014231032e-03
7227	1.5011815330e-03	1.5011815295e-03
7228	1.5009400007e-03	1.5009400084e-03
7229	1.5006985249e-03	1.5006985379e-03
7230	1.5004570863e-03	1.5004571159e-03
7231	1.5002156929e-03	1.5002157403e-03
7232	1.4999743618e-03	1.4999744090e-03
7233	1.4997330973e-03	1.4997331197e-03
7234	1.4994918860e-03	1.4994918717e-03
7235	1.4992507117e-03	1.4992506665e-03
7236	1.4990095700e-03	1.4990095062e-03
7237	1.4987684679e-03	1.4987683917e-03
7238	1.4985274100e-03	1.4985273224e-03
7239	1.4982863883e-03	1.4982862980e-03
7240	1.4980453887e-03	1.4980453189e-03
7241	1.4978044064e-03	1.4978043861e-03
7242	1.4975634549e-03	1.4975635000e-03
7243	1.4973225575e-03	1.4973226597e-03
7244	1.4970817305e-03	1.4970818641e-03
7245	1.4968409721e-03	1.4968411122e-03
7246	1.4966002680e-03	1.4966004037e-03
7247	1.4963596054e-03	1.4963597385e-03
7248	1.4961189839e-03	1.4961191151e-03
7249	1.4958784120e-03	1.4958785312e-03
7250	1.4956378973e-03	1.4956379840e-03
7251	1.4953974401e-03	1.4953974721e-03
7252	1.4951570167e-03	1.4951569952e-03
7253	1.4949166132e-03	1.4949165535e-03
7254	1.4946762317e-03	1.4946761472e-03
7255	1.4944358796e-03	1.4944357757e-03
7256	1.4941955558e-03	1.4941954378e-03
7257	1.4939552504e-03	1.4939551328e-03
7258	1.4937149580e-03	1.4937148603e-03
7259	1.4934746872e-03	1.4934746202e-03
7260	1.4932344565e-03	1.4932344121e-03
7261	1.4929942789e-03	1.4929942354e-03
7262	1.4927541502e-03	1.4927540894e-03
7263	1.4925140529e-03	1.4925139735e-03
7264	1.4922739711e-03	1.4922738871e-03
7265	1.4920339023e-03	1.4920338294e-03
7266	1.4917938555e-03	1.4917937992e-03
7267	1.4915538411e-03	1.4915537949e-03
7268	1.4913138615e-03	1.4913138155e-03
7269	1.4910739126e-03	1.4910738603e-03
7270	1.4908339902e-03	1.4908339391e-03
7271	1.4905940941e-03	1.4905940692e-03
7272	1.4903542253e-03	1.4903542567e-03
7273	1.4901143811e-03	1.4901144912e-03
7274	1.4898745548e-03	1.4898747558e-03
7275	1.4896347410e-03	1.4896350406e-03
7276	1.4893949417e-03	1.4893953447e-03
7277	1.4891551665e-03	1.4891556688e-03
7278	1.4889154258e-03	1.4889160080e-03
7279	1.4886757214e-03	1.4886763535e-03
7280	1.4884360481e-03	1.4884367007e-03
7281	1.4881964006e-03	1.4881970522e-03
7282	1.4879567792e-03	1.4879574125e-03
7283	1.4877171878e-03	1.4877177794e-03
7284	1.4874776291e-03	1.4874781429e-03
7285	1.4872381003e-03	1.4872384924e-03
7286	1.4869985967e-03	1.4869988247e-03
7287	1.4867591160e-03	1.4867591453e-03
7288	1.4865196607e-03	1.4865194611e-03
7289	1.4862802349e-03	1.4862797728e-03
7290	1.4860408398e-03	1.4860400749e-03
7291	1.4858014724e-03	1.4858003610e-03
7292	1.4855621369e-03	1.4855606299e-03
7293	1.4853228357e-03	1.4853208849e-03
7294	1.4850835662e-03	1.4850811297e-03
7295	1.4848439770e-03	1.4848413655e-03
7296	1.4846037115e-03	1.4846015918e-03
7297	1.4843630363e-03	1.4843618099e-03
7298	1.4841224821e-03	1.4841220228e-03
7299	1.4838823178e-03	1.4838822334e-03
7300	1.4836423928e-03	1.4836424414e-03
7301	1.4834024277e-03	1.4834026447e-03
7302	1.4831623614e-03	1.4831628424e-03
7303	1.4829223686e-03	1.4829230378e-03
7304	1.4826825915e-03	1.4826832372e-03
7305	1.4824429268e-03	1.4824434465e-03
7306	1.4822031307e-03	1.4822036686e-03
7307	1.4819631102e-03	1.4819639034e-03
7308	1.4817230517e-03	1.4817241514e-03
7309	1.4814832395e-03	1.4814844152e-03
7310	1.4812437619e-03	1.4812446989e-03
7311	1.4810044253e-03	1.4810050064e-03
7312	1.4807649590e-03	1.4807653403e-03
7313	1.4805252826e-03	1.4805257031e-03
7314	1.4802855593e-03	1.4802860985e-03
7315	1.4800460082e-03	1.4800465314e-03
7316	1.4798066851e-03	1.4798070072e-03
7317	1.4795674624e-03	1.4795675297e-03
7318	1.4793281940e-03	1.4793281018e-03
7319	1.4790888618e-03	1.4790887270e-03
7320	1.4788495488e-03	1.4788494104e-03
7321	1.4786103065e-03	1.4786101471e-03
7322	1.4783710973e-03	1.4783709183e-03
7323	1.4781318530e-03	1.4781317080e-03
7324	1.4778925777e-03	1.4778925142e-03
7325	1.4776533640e-03	1.4776533448e-03
7326	1.4774142971e-03	1.4774142061e-03
7327	1.4771753563e-03	1.4771750974e-03
7328	1.4769364235e-03	1.4769360147e-03
7329	1.4766973934e-03	1.4766969579e-03
7330	1.4764582640e-03	1.4764579313e-03
7331	1.4762191308e-03	1.4762189385e-03
7332	1.4759800869e-03	1.4759799760e-03
7333	1.4757411435e-03	1.4757410364e-03
7334	1.4755022439e-03	1.4755021160e-03
7335	1.4752633412e-03	1.4752632193e-03
7336	1.4750244465e-03	1.4750243556e-03
7337	1.4747856000e-03	1.4747855304e-03
7338	1.4745468162e-03	1.4745467415e-03
7339	1.4743080654e-03	1.4743079822e-03
7340	1.4740693137e-03	1.4740692492e-03
7341	1.4738305489e-03	1.4738305456e-03
7342	1.4735918147e-03	1.4735918784e-03
7343	1.4733531647e-03	1.4733532517e-03
7344	1.4731146020e-03	1.4731146658e-03
7345	1.4728760784e-03	1.4728761189e-03
7346	1.4726375517e-03	1.4726376116e-03
7347	1.4723990328e-03	1.4723991461e-03
7348	1.4721605728e-03	1.4721607239e-03
7349	1.4719222069e-03	1.4719223446e-03
7350	1.4716839193e-03	1.4716840071e-03
7351	1.4714456629e-03	1.4714457127e-03
7352	1.4712074126e-03	1.4712074652e-03
7353	1.4709691931e-03	1.4709692693e-03
7354	1.4707310447e-03	1.4707311266e-03
7355	1.4704929763e-03	1.4704930352e-03
7356	1.4702549596e-03	1.4702549919e-03
7357	1.4700169664e-03	1.4700169957e-03
7358	1.4697790016e-03	1.4697790482e-03
7359	1.4695410947e-03	1.4695411521e-03
7360	1.4693032629e-03	1.4693033086e-03
7361	1.4690654913e-03	1.4690655172e-03
7362	1.4688277526e-03	1.4688277774e-03
7363	1.4685900403e-03	1.4685900895e-03
7364	1.4683523772e-03	1.4683524549e-03
7365	1.4681147911e-03	1.4681148743e-03
7366	1.4678772854e-03	1.4678773472e-03
7367	1.4676398383e-03	1.4676398723e-03
7368	1.4674024267e-03	1.4674024485e-03
7369	1.4671650503e-03	1.4671650764e-03
7370	1.4669277265e-03	1.4669277578e-03
7371	1.4666904675e-03	1.4666904935e-03
7372	1.4664532666e-03	1.4664532830e-03
7373	1.4662161099e-03	1.4662161239e-03
7374	1.4659789936e-03	1.4659790141e-03
7375	1.4657419270e-03	1.4657419542e-03
7376	1.4655049267e-03	1.4655049471e-03
7377	1.4652679957e-03	1.4652679959e-03
7378	1.4650311197e-03	1.4650311014e-03
7379	1.4647942830e-03	1.4647942622e-03
7380	1.4645574846e-03	1.4645574769e-03
7381	1.4643207369e-03	1.4643207453e-03
7382	1.4640840504e-03	1.4640840672e-03
7383	1.4638474223e-03	1.4638474416e-03
7384	1.4636108424e-03	1.4636108672e-03
7385	1.4633743072e-03	1.4633743439e-03
7386	1.4631378246e-03	1.4631378721e-03
7387	1.4629014027e-03	1.4629014522e-03
7388	1.4626650403e-03	1.4626650838e-03
7389	1.4624287291e-03	1.4624287656e-03
7390	1.4621924611e-03	1.4621924964e-03
7391	1.4619562260e-03	1.4619562764e-03
7392	1.4617200398e-03	1.4617201060e-03
7393	1.4614839234e-03	1.4614839856e-03
7394	1.4612478762e-03	1.4612479145e-03
7395	1.4610118786e-03	1.4610118915e-03
7396	1.4607759039e-03	1.4607759162e-03
7397	1.4605399518e-03	1.4605399888e-03
7398	1.4603040854e-03	1.4603041097e-03
7399	1.4600683531e-03	1.4600682792e-03
7400	1.4598327183e-03	1.4598324972e-03
7401	1.4595970852e-03	1.4595967638e-03
7402	1.4593613920e-03	1.4593610793e-03
7403	1.4591256675e-03	1.4591254445e-03
7404	1.4588899908e-03	1.4588898595e-03
7405	1.4586544079e-03	1.4586543239e-03
7406	1.4584188999e-03	1.4584188373e-03
7407	1.4581834471e-03	1.4581833998e-03
7408	1.4579480442e-03	1.4579480121e-03
7409	1.4577126955e-03	1.4577126748e-03
7410	1.4574774028e-03	1.4574773882e-03
7411	1.4572421571e-03	1.4572421521e-03
7412	1.4570069475e-03	1.4570069665e-03
7413	1.4567717764e-03	1.4567718316e-03
7414	1.4565366586e-03	1.4565367482e-03
7415	1.4563016075e-03	1.4563017163e-03
7416	1.4560666220e-03	1.4560667360e-03
7417	1.4558316909e-03	1.4558318071e-03
7418	1.4555968085e-03	1.4555969300e-03
7419	1.4553619827e-03	1.4553621058e-03
7420	1.4551272261e-03	1.4551273352e-03
7421	1.4548925419e-03	1.4548926185e-03
7422	1.4546579198e-03	1.4546579549e-03
7423	1.4544233456e-03	1.4544233439e-03
7424	1.4541888132e-03	1.4541887869e-03
7425	1.4539543258e-03	1.4539542869e-03
7426	1.4537198889e-03	1.4537198462e-03
7427	1.4534855046e-03	1.4534854643e-03
7428	1.4532511733e-03	1.4532511385e-03
7429	1.4530168980e-03	1.4530168663e-03
7430	1.4527826836e-03	1.4527826477e-03
7431	1.4525485307e-03	1.4525484837e-03
7432	1.4523144330e-03	1.4523143752e-03
7433	1.4520803821e-03	1.4520803225e-03
7434	1.4518463755e-03	1.4518463258e-03
7435	1.4516124191e-03	1.4516123854e-03
7436	1.4513785215e-03	1.4513785015e-03
7437	1.4511446872e-03	1.4511446741e-03
7438	1.4509109118e-03	1.4509109030e-03
7439	1.4506771941e-03	1.4506771878e-03
7440	1.4504435370e-03	1.4504435289e-03
7441	1.4502099409e-03	1.4502099267e-03
7442	1.4499764001e-03	1.4499763816e-03
7443	1.4497429078e-03	1.4497428940e-03
7444	1.4495094646e-03	1.4495094639e-03
7445	1.4492760792e-03	1.4492760915e-03
7446	1.4490427598e-03	1.4490427774e-03
7447	1.4488095066e-03	1.4488095226e-03
7448	1.4485763133e-03	1.4485763278e-03
7449	1.4483431754e-03	1.4483431939e-03
7450	1.4481100950e-03	1.4481101206e-03
7451	1.4478770778e-03	1.4478771073e-03
7452	1.4476441265e-03	1.4476441533e-03
7453	1.4474112388e-03	1.4474112588e-03
7454	1.4471784116e-03	1.4471784245e-03
7455	1.4469456446e-03	1.4469456515e-03
7456	1.4467129396e-03	1.4467129404e-03
7457	1.4464802963e-03	1.4464802917e-03
7458	1.4462477134e-03	1.4462477053e-03
7459	1.4460151911e-03	1.4460151818e-03
7460	1.4457827315e-03	1.4457827214e-03
7461	1.4455503375e-03	1.4455503244e-03
7462	1.4453180093e-03	1.4453179911e-03
7463	1.4450857446e-03	1.4450857219e-03
7464	1.4448535407e-03	1.4448535171e-03
7465	1.4446213971e-03	1.4446213770e-03
7466	1.4443893157e-03	1.4443893019e-03
7467	1.4441572983e-03	1.4441572920e-03
7468	1.4439253456e-03	1.4439253477e-03
7469	1.4436934574e-03	1.4436934693e-03
7470	1.4434616333e-03	1.4434616573e-03
7471	1.4432298777e-03	1.4432299117e-03
7472	1.4429981895e-03	1.4429982326e-03
7473	1.4427665564e-03	1.4427666197e-03
7474	1.4425349740e-03	1.4425350730e-03
7475	1.4423034586e-03	1.4423035924e-03
7476	1.4420720343e-03	1.4420721777e-03
7477	1.4418407069e-03	1.4418408288e-03
7478	1.4416094592e-03	1.4416095458e-03
7479	1.4413782660e-03	1.4413783287e-03
7480	1.4411471200e-03	1.4411471771e-03
7481	1.4409160349e-03	1.4409160910e-03
7482	1.4406850260e-03	1.4406850698e-03
7483	1.4404540930e-03	1.4404541134e-03
7484	1.4402232231e-03	1.4402232216e-03
7485	1.4399924078e-03	1.4399923943e-03
7486	1.4397616508e-03	1.4397616313e-03
7487	1.4395309603e-03	1.4395309326e-03
7488	1.4393003374e-03	1.4393002980e-03
7489	1.4390697788e-03	1.4390697275e-03
7490	1.4388392847e-03	1.4388392209e-03
7491	1.4386088595e-03	1.4386087779e-03
7492	1.4383785039e-03	1.4383783984e-03
7493	1.4381482087e-03	1.4381480821e-03
7494	1.4379179599e-03	1.4379178291e-03
7495	1.4376877538e-03	1.4376876391e-03
7496	1.4374576014e-03	1.4374575121e-03
7497	1.4372275167e-03	1.4372274479e-03
7498	1.4369975038e-03	1.4369974467e-03
7499	1.4367675570e-03	1.4367675084e-03
7500	1.4365376710e-03	1.4365376324e-03
7501	1.4363078456e-03	1.4363078189e-03
7502	1.4360780840e-03	1.4360780688e-03
7503	1.4358483878e-03	1.4358483830e-03
7504	1.4356187556e-03	1.4356187620e-03
7505	1.4353891876e-03	1.4353892052e-03
7506	1.4351596878e-03	1.4351597124e-03
7507	1.4349302601e-03	1.4349302847e-03
7508	1.4347009033e-03	1.4347009235e-03
7509	1.4344716133e-03	1.4344716294e-03
7510	1.4342423870e-03	1.4342424028e-03
7511	1.4340132255e-03	1.4340132446e-03
7512	1.4337841321e-03	1.4337841565e-03
7513	1.4335551072e-03	1.4335551394e-03
7514	1.4333261504e-03	1.4333261927e-03
7515	1.4330972620e-03	1.4330973155e-03
7516	1.4328684426e-03	1.4328685073e-03
7517	1.4326396923e-03	1.4326397688e-03
7518	1.4324110112e-03	1.4324111005e-03
7519	1.4321823987e-03	1.4321825023e-03
7520	1.4319538572e-03	1.4319539732e-03
7521	1.4317253897e-03	1.4317255126e-03
7522	1.4314969958e-03	1.4314971200e-03
7523	1.4312686720e-03	1.4312687954e-03
7524	1.4310404149e-03	1.4310405382e-03
7525	1.4308122250e-03	1.4308123479e-03
7526	1.4305841059e-03	1.4305842239e-03
7527	1.4303560498e-03	1.4303561662e-03
7528	1.4301280656e-03	1.4301281744e-03
7529	1.4299001679e-03	1.4299002477e-03
7530	1.4296723666e-03	1.4296723850e-03
7531	1.4294446421e-03	1.4294445860e-03
7532	1.4292169623e-03	1.4292168509e-03
7533	1.4289893291e-03	1.4289891798e-03
7534	1.4287617655e-03	1.4287615720e-03
7535	1.4285342705e-03	1.4285340269e-03
7536	1.4283068103e-03	1.4283065441e-03
7537	1.4280793598e-03	1.4280791238e-03
7538	1.4278519388e-03	1.4278517661e-03
7539	1.4276245926e-03	1.4276244708e-03
7540	1.4273973435e-03	1.4273972377e-03
7541	1.4271701730e-03	1.4271700667e-03
7542	1.4269430535e-03	1.4269429581e-03
7543	1.4267159815e-03	1.4267159119e-03
7544	1.4264889744e-03	1.4264889275e-03
7545	1.4262620405e-03	1.4262620050e-03
7546	1.4260351687e-03	1.4260351445e-03
7547	1.4258083481e-03	1.4258083466e-03
7548	1.4255815869e-03	1.4255816116e-03
7549	1.4253549011e-03	1.4253549396e-03
7550	1.4251282906e-03	1.4251283308e-03
7551	1.4249017437e-03	1.4249017860e-03
7552	1.4246752516e-03	1.4246753058e-03
7553	1.4244488195e-03	1.4244488905e-03
7554	1.4242224672e-03	1.4242225402e-03
7555	1.4239962021e-03	1.4239962560e-03
7556	1.4237700059e-03	1.4237700394e-03
7557	1.4235438610e-03	1.4235438911e-03
7558	1.4233177748e-03	1.4233178106e-03
7559	1.4230917692e-03	1.4230918002e-03
7560	1.4228658514e-03	1.4228658720e-03
7561	1.4226400060e-03	1.4226400303e-03
7562	1.4224142169e-03	1.4224142669e-03
7563	1.4221884858e-03	1.4221885707e-03
7564	1.4219628252e-03	1.4219629387e-03
7565	1.4217372390e-03	1.4217373735e-03
7566	1.4215117189e-03	1.4215118740e-03
7567	1.4212862602e-03	1.4212864350e-03
7568	1.4210608711e-03	1.4210610538e-03
7569	1.4208355631e-03	1.4208357334e-03
7570	1.4206103361e-03	1.4206104766e-03
7571	1.4203851792e-03	1.4203852804e-03
7572	1.4201600865e-03	1.4201601390e-03
7573	1.4199350644e-03	1.4199350520e-03
7574	1.4197101222e-03	1.4197100257e-03
7575	1.4194852599e-03	1.4194850660e-03
7576	1.4192604558e-03	1.4192601735e-03
7577	1.4190357124e-03	1.4190353452e-03
7578	1.4188110445e-03	1.4188105811e-03
7579	1.4185864591e-03	1.4185858852e-03
7580	1.4183619501e-03	1.4183612619e-03
7581	1.4181375176e-03	1.4181367129e-03
7582	1.4179131759e-03	1.4179122389e-03
7583	1.4176889397e-03	1.4176878423e-03
7584	1.4174647091e-03	1.4174635262e-03
7585	1.4172401305e-03	1.4172392920e-03
7586	1.4170153969e-03	1.4170151391e-03
7587	1.4167909150e-03	1.4167910683e-03
7588	1.4165667814e-03	1.4165670831e-03
7589	1.4163427694e-03	1.4163431884e-03
7590	1.4161187386e-03	1.4161193865e-03
7591	1.4158948261e-03	1.4158956774e-03
7592	1.4156711886e-03	1.4156720613e-03
7593	1.4154477406e-03	1.4154485404e-03
7594	1.4152242886e-03	1.4152251170e-03
7595	1.4150008390e-03	1.4150017927e-03
7596	1.4147776062e-03	1.4147785680e-03
7597	1.4145547060e-03	1.4145554440e-03
7598	1.4143319818e-03	1.4143324224e-03
7599	1.4141092070e-03	1.4141095046e-03
7600	1.4138863718e-03	1.4138866937e-03
7601	1.4136636640e-03	1.4136639910e-03
7602	1.4134412010e-03	1.4134413952e-03
7603	1.4132188977e-03	1.4132189050e-03
7604	1.4129966181e-03	1.4129965207e-03
7605	1.4127743590e-03	1.4127742428e-03
7606	1.4125522124e-03	1.4125520702e-03
7607	1.4123302026e-03	1.4123300021e-03
7608	1.4121082581e-03	1.4121080398e-03
7609	1.4118863459e-03	1.4118861860e-03
7610	1.4116645450e-03	1.4116644390e-03
7611	1.4114429399e-03	1.4114427836e-03
7612	1.4112214913e-03	1.4112212088e-03
7613	1.4110000782e-03	1.4109997169e-03
7614	1.4107786500e-03	1.4107783152e-03
7615	1.4105572792e-03	1.4105570044e-03
7616	1.4103360507e-03	1.4103357799e-03
7617	1.4101149567e-03	1.4101146410e-03
7618	1.4098939314e-03	1.4098935931e-03
7619	1.4096729551e-03	1.4096726397e-03
7620	1.4094520717e-03	1.4094517777e-03
7621	1.4092313122e-03	1.4092310036e-03
7622	1.4090106512e-03	1.4090103208e-03
7623	1.4087900580e-03	1.4087897379e-03
7624	1.4085695411e-03	1.4085692590e-03
7625	1.4083490390e-03	1.4083488810e-03
7626	1.4081286046e-03	1.4081285995e-03
7627	1.4079083085e-03	1.4079084157e-03
7628	1.4076881486e-03	1.4076883357e-03
7629	1.4074680882e-03	1.4074683629e-03
7630	1.4072481365e-03	1.4072484963e-03
7631	1.4070283369e-03	1.4070287339e-03
7632	1.4068086929e-03	1.4068090770e-03
7633	1.4065891533e-03	1.4065895278e-03
7634	1.4063696838e-03	1.4063700866e-03
7635	1.4061503238e-03	1.4061507518e-03
7636	1.4059311329e-03	1.4059315242e-03
7637	1.4057121092e-03	1.4057124073e-03
7638	1.4054931989e-03	1.4054934040e-03
7639	1.4052743634e-03	1.4052745131e-03
7640	1.4050556204e-03	1.4050557316e-03
7641	1.4048370024e-03	1.4048370585e-03
7642	1.4046185035e-03	1.4046184956e-03
7643	1.4044000949e-03	1.4044000447e-03
7644	1.4041817748e-03	1.4041817053e-03
7645	1.4039635705e-03	1.4039634757e-03
7646	1.4037454931e-03	1.4037453559e-03
7647	1.4035275185e-03	1.4035273456e-03
7648	1.4033096236e-03	1.4033094441e-03
7649	1.4030918208e-03	1.4030916511e-03
7650	1.4028741384e-03	1.4028739673e-03
7651	1.4026565773e-03	1.4026563900e-03
7652	1.4024391156e-03	1.4024389175e-03
7653	1.4022217329e-03	1.4022215504e-03
7654	1.4020044383e-03	1.4020042899e-03
7655	1.4017872568e-03	1.4017871357e-03
7656	1.4015701969e-03	1.4015700872e-03
7657	1.4013532438e-03	1.4013531452e-03
7658	1.4011363842e-03	1.4011363112e-03
7659	1.4009196218e-03	1.4009195858e-03
7660	1.4007029666e-03	1.4007029677e-03
7661	1.4004864194e-03	1.4004864561e-03
7662	1.4002699766e-03	1.4002700523e-03
7663	1.4000536457e-03	1.4000537584e-03
7664	1.3998374384e-03	1.3998375748e-03
7665	1.3996213546e-03	1.3996215006e-03
7666	1.3994053813e-03	1.3994055352e-03
7667	1.3991895094e-03	1.3991896794e-03
7668	1.3989737408e-03	1.3989739340e-03
7669	1.3987580881e-03	1.3987582990e-03
7670	1.3985425566e-03	1.3985427739e-03
7671	1.3983271384e-03	1.3983273594e-03
7672	1.3981118744e-03	1.3981120564e-03
7673	1.3978967625e-03	1.3978968650e-03
7674	1.3976817557e-03	1.3976817843e-03
7675	1.3974668301e-03	1.3974668135e-03
7676	1.3972520049e-03	1.3972519527e-03
7677	1.3970372972e-03	1.3970372026e-03
7678	1.3968226922e-03	1.3968225629e-03
7679	1.3966081738e-03	1.3966080329e-03
7680	1.3963937489e-03	1.3963936118e-03
7681	1.3961794371e-03	1.3961792994e-03
7682	1.3959652394e-03	1.3959650959e-03
7683	1.3957511361e-03	1.3957510012e-03
7684	1.3955371183e-03	1.3955370145e-03
7685	1.3953232017e-03	1.3953231354e-03
7686	1.3951094052e-03	1.3951093636e-03
7687	1.3948957262e-03	1.3948956987e-03
7688	1.3946821512e-03	1.3946821405e-03
7689	1.3944686836e-03	1.3944686888e-03
7690	1.3942553361e-03	1.3942553437e-03
7691	1.3940421088e-03	1.3940421053e-03
7692	1.3938289892e-03	1.3938289735e-03
7693	1.3936159693e-03	1.3936159478e-03
7694	1.3934030534e-03	1.3934030281e-03
7695	1.3931902452e-03	1.3931902146e-03
7696	1.3929775391e-03	1.3929775078e-03
7697	1.3927649296e-03	1.3927649079e-03
7698	1.3925524251e-03	1.3925524166e-03
7699	1.3923400352e-03	1.3923400358e-03
7700	1.3921277646e-03	1.3921277645e-03
7701	1.3919156096e-03	1.3919156007e-03
7702	1.3917035634e-03	1.3917035453e-03
7703	1.3914916238e-03	1.3914916008e-03
7704	1.3912797933e-03	1.3912797687e-03
7705	1.3910680738e-03	1.3910680489e-03
7706	1.3908564683e-03	1.3908564419e-03
7707	1.3906449758e-03	1.3906449494e-03
7708	1.3904335951e-03	1.3904335721e-03
7709	1.3902223271e-03	1.3902223091e-03
7710	1.3900111723e-03	1.3900111597e-03
7711	1.3898001304e-03	1.3898001247e-03
7712	1.3895891989e-03	1.3895892055e-03
7713	1.3893783760e-03	1.3893784018e-03
7714	1.3891676658e-03	1.3891677125e-03
7715	1.3889570728e-03	1.3889571375e-03
7716	1.3887465994e-03	1.3887466778e-03
7717	1.3885362452e-03	1.3885363341e-03
7718	1.3883260086e-03	1.3883261059e-03
7719	1.3881158880e-03	1.3881159922e-03
7720	1.3879058783e-03	1.3879059933e-03
7721	1.3876959806e-03	1.3876961093e-03
7722	1.3874861961e-03	1.3874863399e-03
7723	1.3872765214e-03	1.3872766844e-03
7724	1.3870669547e-03	1.3870671432e-03
7725	1.3868575579e-03	1.3868577172e-03
7726	1.3866483506e-03	1.3866484065e-03
7727	1.3864392621e-03	1.3864392104e-03
7728	1.3862302418e-03	1.3862301285e-03
7729	1.3860213109e-03	1.3860211610e-03
7730	1.3858124976e-03	1.3858123083e-03
7731	1.3856037841e-03	1.3856035701e-03
7732	1.3853951486e-03	1.3853949466e-03
7733	1.3851866158e-03	1.3851864380e-03
7734	1.3849782216e-03	1.3849780447e-03
7735	1.3847699528e-03	1.3847697668e-03
7736	1.3845617669e-03	1.3845616042e-03
7737	1.3843536603e-03	1.3843535571e-03
7738	1.3841456765e-03	1.3841456259e-03
7739	1.3839378421e-03	1.3839378105e-03
7740	1.3837301330e-03	1.3837301108e-03
7741	1.3835225180e-03	1.3835225267e-03
7742	1.3833150055e-03	1.3833150588e-03
7743	1.3831076337e-03	1.3831077078e-03
7744	1.3829004030e-03	1.3829004756e-03
7745	1.3826932882e-03	1.3826933643e-03
7746	1.3824862862e-03	1.3824863732e-03
7747	1.3822794154e-03	1.3822794998e-03
7748	1.3820726738e-03	1.3820727433e-03
7749	1.3818660350e-03	1.3818661036e-03
7750	1.3816594900e-03	1.3816595802e-03
7751	1.3814530667e-03	1.3814531740e-03
7752	1.3812467912e-03	1.3812468873e-03
7753	1.3810406545e-03	1.3810407219e-03
7754	1.3808346325e-03	1.3808346769e-03
7755	1.3806287229e-03	1.3806287505e-03
7756	1.3804229414e-03	1.3804229429e-03
7757	1.3802172900e-03	1.3802172555e-03
7758	1.3800117551e-03	1.3800116896e-03
7759	1.3798063338e-03	1.3798062457e-03
7760	1.3796010385e-03	1.3796009246e-03
7761	1.3793958751e-03	1.3793957277e-03
7762	1.3791908322e-03	1.3791906558e-03
7763	1.3789859023e-03	1.3789857087e-03
7764	1.3787810963e-03	1.3787808872e-03
7765	1.3785764273e-03	1.3785761928e-03
7766	1.3783718904e-03	1.3783716269e-03
7767	1.3781674720e-03	1.3781671895e-03
7768	1.3779631684e-03	1.3779628799e-03
7769	1.3777589321e-03	1.3777586991e-03
7770	1.3775547383e-03	1.3775546491e-03
7771	1.3773506742e-03	1.3773507313e-03
7772	1.3771468053e-03	1.3771469460e-03
7773	1.3769430984e-03	1.3769432935e-03
7774	1.3767395108e-03	1.3767397747e-03
7775	1.3765360646e-03	1.3765363899e-03
7776	1.3763327906e-03	1.3763331393e-03
7777	1.3761296656e-03	1.3761300227e-03
7778	1.3759266604e-03	1.3759270413e-03
7779	1.3757238067e-03	1.3757241959e-03
7780	1.3755211541e-03	1.3755214866e-03
7781	1.3753186857e-03	1.3753189130e-03
7782	1.3751163347e-03	1.3751164750e-03
7783	1.3749140771e-03	1.3749141734e-03
7784	1.3747119516e-03	1.3747120089e-03
7785	1.3745099869e-03	1.3745099815e-03
7786	1.3743081604e-03	1.3743080913e-03
7787	1.3741064442e-03	1.3741063389e-03
7788	1.3739048480e-03	1.3739047245e-03
7789	1.3737033917e-03	1.3737032483e-03
7790	1.3735020685e-03	1.3735019099e-03
7791	1.3733008657e-03	1.3733007098e-03
7792	1.3730997974e-03	1.3730996486e-03
7793	1.3728988874e-03	1.3728987262e-03
7794	1.3726981242e-03	1.3726979424e-03
7795	1.3724974735e-03	1.3724972954e-03
7796	1.3722969295e-03	1.3722967826e-03
7797	1.3720965213e-03	1.3720964036e-03
7798	1.3718962671e-03	1.3718961595e-03
7799	1.3716961518e-03	1.3716960509e-03
7800	1.3714961561e-03	1.3714960774e-03
7801	1.3712962838e-03	1.3712962393e-03
7802	1.3710965529e-03	1.3710965375e-03
7803	1.3708969639e-03	1.3708969724e-03
7804	1.3706975075e-03	1.3706975442e-03
7805	1.3704981923e-03	1.3704982536e-03
7806	1.3702990385e-03	1.3702991029e-03
7807	1.3701000445e-03	1.3701000943e-03
7808	1.3699011872e-03	1.3699012285e-03
7809	1.3697024566e-03	1.3697025051e-03
7810	1.3695038671e-03	1.3695039244e-03
7811	1.3693054305e-03	1.3693054876e-03
7812	1.3691071386e-03	1.3691071957e-03
7813	1.3689089823e-03	1.3689090491e-03
7814	1.3687109696e-03	1.3687110480e-03
7815	1.3685131122e-03	1.3685131930e-03
7816	1.3683154079e-03	1.3683154844e-03
7817	1.3681178488e-03	1.3681179222e-03
7818	1.3679204365e-03	1.3679205065e-03
7819	1.3677231778e-03	1.3677232380e-03
7820	1.3675260678e-03	1.3675261174e-03
7821	1.3673290957e-03	1.3673291445e-03
7822	1.3671322644e-03	1.3671323187e-03
7823	1.3669355882e-03	1.3669356398e-03
7824	1.3667390655e-03	1.3667391082e-03
7825	1.3665426853e-03	1.3665427243e-03
7826	1.3663464493e-03	1.3663464874e-03
7827	1.3661503680e-03	1.3661503970e-03
7828	1.3659544415e-03	1.3659544528e-03
7829	1.3657586537e-03	1.3657586544e-03
7830	1.3655630071e-03	1.3655630016e-03
7831	1.3653675136e-03	1.3653674942e-03
7832	1.3651721692e-03	1.3651721331e-03
7833	1.3649769616e-03	1.3649769191e-03
7834	1.3647818942e-03	1.3647818522e-03
7835	1.3645869825e-03	1.3645869317e-03
7836	1.3643922269e-03	1.3643921572e-03
7837	1.3641976108e-03	1.3641975292e-03
7838	1.3640031252e-03	1.3640030478e-03
7839	1.3638087781e-03	1.3638087128e-03
7840	1.3636145776e-03	1.3636145241e-03
7841	1.3634205214e-03	1.3634204814e-03
7842	1.3632266086e-03	1.3632265846e-03
7843	1.3630328461e-03	1.3630328335e-03
7844	1.3628392380e-03	1.3628392288e-03
7845	1.3626457771e-03	1.3626457711e-03
7846	1.3624524570e-03	1.3624524604e-03
7847	1.3622592819e-03	1.3622592961e-03
7848	1.3620662587e-03	1.3620662788e-03
7849	1.3618733857e-03	1.3618734095e-03
7850	1.3616806575e-03	1.3616806888e-03
7851	1.3614880767e-03	1.3614881165e-03
7852	1.3612956499e-03	1.3612956925e-03
7853	1.3611033775e-03	1.3611034172e-03
7854	1.3609112633e-03	1.3609112907e-03
7855	1.3607193047e-03	1.3607193127e-03
7856	1.3605274927e-03	1.3605274833e-03
7857	1.3603358220e-03	1.3603358036e-03
7858	1.3601442894e-03	1.3601442741e-03
7859	1.3599529022e-03	1.3599528943e-03
7860	1.3597616705e-03	1.3597616639e-03
7861	1.3595705940e-03	1.3595705836e-03
7862	1.3593796627e-03	1.3593796544e-03
7863	1.3591888715e-03	1.3591888781e-03
7864	1.3589982291e-03	1.3589982540e-03
7865	1.3588077349e-03	1.3588077802e-03
7866	1.3586174039e-03	1.3586174562e-03
7867	1.3584272433e-03	1.3584272821e-03
7868	1.3582372420e-03	1.3582372573e-03
7869	1.3580473781e-03	1.3580473815e-03
7870	1.3578576545e-03	1.3578576553e-03
7871	1.3576680935e-03	1.3576680793e-03
7872	1.3574786983e-03	1.3574786528e-03
7873	1.3572894420e-03	1.3572893752e-03
7874	1.3571003117e-03	1.3571002472e-03
7875	1.3569113257e-03	1.3569112706e-03
7876	1.3567224973e-03	1.3567224461e-03
7877	1.3565338208e-03	1.3565337735e-03
7878	1.3563452979e-03	1.3563452518e-03
7879	1.3561569418e-03	1.3561568819e-03
7880	1.3559687535e-03	1.3559686660e-03
7881	1.3557807122e-03	1.3557806058e-03
7882	1.3555928053e-03	1.3555927014e-03
7883	1.3554050467e-03	1.3554049533e-03
7884	1.3552174534e-03	1.3552173619e-03
7885	1.3550300231e-03	1.3550299266e-03
7886	1.3548427480e-03	1.3548426475e-03
7887	1.3546556058e-03	1.3546555258e-03
7888	1.3544685522e-03	1.3544685627e-03
7889	1.3542816558e-03	1.3542817582e-03
7890	1.3540949647e-03	1.3540951113e-03
7891	1.3539084496e-03	1.3539086224e-03
7892	1.3537220883e-03	1.3537222928e-03
7893	1.3535359036e-03	1.3535361236e-03
7894	1.3533499007e-03	1.3533501152e-03
7895	1.3531640503e-03	1.3531642670e-03
7896	1.3529783527e-03	1.3529785788e-03
7897	1.3527928381e-03	1.3527930506e-03
7898	1.3526075207e-03	1.3526076825e-03
7899	1.3524223614e-03	1.3524224744e-03
7900	1.3522373227e-03	1.3522374262e-03
7901	1.3520524239e-03	1.3520525372e-03
7902	1.3518677026e-03	1.3518678068e-03
7903	1.3516831984e-03	1.3516832345e-03
7904	1.3514988579e-03	1.3514988203e-03
7905	1.3513146290e-03	1.3513145645e-03
7906	1.3511305321e-03	1.3511304667e-03
7907	1.3509465971e-03	1.3509465265e-03
7908	1.3507628129e-03	1.3507627434e-03
7909	1.3505791765e-03	1.3505791171e-03
7910	1.3503957173e-03	1.3503956475e-03
7911	1.3502124374e-03	1.3502123346e-03
7912	1.3500292928e-03	1.3500291784e-03
7913	1.3498462653e-03	1.3498461778e-03
7914	1.3496633941e-03	1.3496633294e-03
7915	1.3494807073e-03	1.3494806325e-03
7916	1.3492981739e-03	1.3492980882e-03
7917	1.3491157635e-03	1.3491156965e-03
7918	1.3489334897e-03	1.3489334564e-03
7919	1.3487513736e-03	1.3487513679e-03
7920	1.3485694124e-03	1.3485694313e-03
7921	1.3483876028e-03	1.3483876460e-03
7922	1.3482059580e-03	1.3482060112e-03
7923	1.3480244799e-03	1.3480245272e-03
7924	1.3478431451e-03	1.3478431947e-03
7925	1.3476619414e-03	1.3476620126e-03
7926	1.3474808884e-03	1.3474809793e-03
7927	1.3473000072e-03	1.3473000944e-03
7928	1.3471192872e-03	1.3471193583e-03
7929	1.3469387084e-03	1.3469387727e-03
7930	1.3467582774e-03	1.3467583383e-03
7931	1.3465780125e-03	1.3465780543e-03
7932	1.3463979076e-03	1.3463979195e-03
7933	1.3462179419e-03	1.3462179332e-03
7934	1.3460381156e-03	1.3460380947e-03
7935	1.3458584423e-03	1.3458584038e-03
7936	1.3456789116e-03	1.3456788609e-03
7937	1.3454995140e-03	1.3454994666e-03
7938	1.3453202663e-03	1.3453202212e-03
7939	1.3451411812e-03	1.3451411238e-03
7940	1.3449622415e-03	1.3449621737e-03
7941	1.3447834304e-03	1.3447833713e-03
7942	1.3446047563e-03	1.3446047170e-03
7943	1.3444262326e-03	1.3444262099e-03
7944	1.3442478540e-03	1.3442478486e-03
7945	1.3440696112e-03	1.3440696323e-03
7946	1.3438915093e-03	1.3438915610e-03
7947	1.3437135537e-03	1.3437136342e-03
7948	1.3435357383e-03	1.3435358511e-03
7949	1.3433580715e-03	1.3433582113e-03
7950	1.3431805807e-03	1.3431807142e-03
7951	1.3430032465e-03	1.3430033585e-03
7952	1.3428260444e-03	1.3428261432e-03
7953	1.3426489811e-03	1.3426490683e-03
7954	1.3424720621e-03	1.3424721338e-03
7955	1.3422952700e-03	1.3422953385e-03
7956	1.3421185991e-03	1.3421186811e-03
7957	1.3419420744e-03	1.3419421612e-03
7958	1.3417657128e-03	1.3417657787e-03
7959	1.3415895005e-03	1.3415895327e-03
7960	1.3414134238e-03	1.3414134221e-03
7961	1.3412374872e-03	1.3412374466e-03
7962	1.3410616879e-03	1.3410616057e-03
7963	1.3408859991e-03	1.3408858982e-03
7964	1.3407104256e-03	1.3407103237e-03
7965	1.3405349958e-03	1.3405348821e-03
7966	1.3403597034e-03	1.3403595730e-03
7967	1.3401845204e-03	1.3401843947e-03
7968	1.3400094525e-03	1.3400093466e-03
7969	1.3398345250e-03	1.3398344284e-03
7970	1.3396597323e-03	1.3396596397e-03
7971	1.3394850518e-03	1.3394849791e-03
7972	1.3393104892e-03	1.3393104462e-03
7973	1.3391360654e-03	1.3391360399e-03
7974	1.3389617769e-03	1.3389617586e-03
7975	1.3387876081e-03	1.3387876028e-03
7976	1.3386135623e-03	1.3386135746e-03
7977	1.3384396477e-03	1.3384396744e-03
7978	1.3382658547e-03	1.3382659004e-03
7979	1.3380921748e-03	1.3380922516e-03
7980	1.3379186224e-03	1.3379187280e-03
7981	1.3377452111e-03	1.3377453283e-03
7982	1.3375719332e-03	1.3375720507e-03
7983	1.3373987778e-03	1.3373988948e-03
7984	1.3372257486e-03	1.3372258611e-03
7985	1.3370528492e-03	1.3370529497e-03
7986	1.3368800708e-03	1.3368801600e-03
7987	1.3367074062e-03	1.3367074922e-03
7988	1.3365348654e-03	1.3365349460e-03
7989	1.3363624453e-03	1.3363625193e-03
7990	1.3361901367e-03	1.3361902098e-03
7991	1.3360179476e-03	1.3360180176e-03
7992	1.3358458878e-03	1.3358459425e-03
7993	1.3356739457e-03	1.3356739828e-03
7994	1.3355021072e-03	1.3355021368e-03
7995	1.3353303782e-03	1.3353304041e-03
7996	1.3351587741e-03	1.3351587835e-03
7997	1.3349872753e-03	1.3349872733e-03
7998	1.3348159031e-03	1.3348158724e-03
7999	1.3346446714e-03	1.3346445804e-03
8000	1.3344735273e-03	1.3344733957e-03
8001	1.3343024271e-03	1.3343023164e-03
8002	1.3341314101e-03	1.3341313416e-03
8003	1.3339605262e-03	1.3339604708e-03
8004	1.3337897599e-03	1.3337897028e-03
8005	1.3336190833e-03	1.3336190358e-03
8006	1.3334485136e-03	1.3334484689e-03
8007	1.3332780667e-03	1.3332780017e-03
8008	1.3331077204e-03	1.3331076336e-03
8009	1.3329374586e-03	1.3329373640e-03
8010	1.3327672916e-03	1.3327671925e-03
8011	1.3325972158e-03	1.3325971184e-03
8012	1.3324272148e-03	1.3324271405e-03
8013	1.3322572982e-03	1.3322572581e-03
8014	1.3320874999e-03	1.3320874710e-03
8015	1.3319178261e-03	1.3319177787e-03
8016	1.3317482318e-03	1.3317481802e-03
8017	1.3315787119e-03	1.3315786745e-03
8018	1.3314092945e-03	1.3314092616e-03
8019	1.3312399755e-03	1.3312399415e-03
8020	1.3310707381e-03	1.3310707136e-03
8021	1.3309016001e-03	1.3309015773e-03
8022	1.3307325660e-03	1.3307325326e-03
8023	1.3305636083e-03	1.3305635788e-03
8024	1.3303947272e-03	1.3303947152e-03
8025	1.3302259580e-03	1.3302259427e-03
8026	1.3300573053e-03	1.3300572613e-03
8027	1.3298887361e-03	1.3298886697e-03
8028	1.3297202412e-03	1.3297201670e-03
8029	1.3295518432e-03	1.3295517545e-03
8030	1.3293835465e-03	1.3293834336e-03
8031	1.3292153374e-03	1.3292152046e-03
8032	1.3290472160e-03	1.3290470678e-03
8033	1.3288791871e-03	1.3288790241e-03
8034	1.3287112388e-03	1.3287110743e-03
8035	1.3285433690e-03	1.3285432183e-03
8036	1.3283755962e-03	1.3283754571e-03
8037	1.3282079272e-03	1.3282077919e-03
8038	1.3280403457e-03	1.3280402231e-03
8039	1.3278728437e-03	1.3278727507e-03
8040	1.3277054330e-03	1.3277053758e-03
8041	1.3275381208e-03	1.3275381000e-03
8042	1.3273709200e-03	1.3273709235e-03
8043	1.3272038122e-03	1.3272038458e-03
8044	1.3270367899e-03	1.3270368678e-03
8045	1.3268698652e-03	1.3268699901e-03
8046	1.3267030434e-03	1.3267032125e-03
8047	1.3265363196e-03	1.3265365357e-03
8048	1.3263697153e-03	1.3263699603e-03
8049	1.3262032520e-03	1.3262034864e-03
8050	1.3260369113e-03	1.3260371142e-03
8051	1.3258706673e-03	1.3258708440e-03
8052	1.3257045290e-03	1.3257046758e-03
8053	1.3255385085e-03	1.3255386112e-03
8054	1.3253725875e-03	1.3253726545e-03
8055	1.3252067507e-03	1.3252068074e-03
8056	1.3250410121e-03	1.3250410681e-03
8057	1.3248753868e-03	1.3248754361e-03
8058	1.3247098732e-03	1.3247099126e-03
8059	1.3245444714e-03	1.3245444970e-03
8060	1.3243791828e-03	1.3243791873e-03
8061	1.3242139908e-03	1.3242139824e-03
8062	1.3240488771e-03	1.3240488822e-03
8063	1.3238838491e-03	1.3238838859e-03
8064	1.3237189234e-03	1.3237189930e-03
8065	1.3235540991e-03	1.3235542037e-03
8066	1.3233893720e-03	1.3233895157e-03
8067	1.3232247479e-03	1.3232249249e-03
8068	1.3230602326e-03	1.3230604294e-03
8069	1.3228958213e-03	1.3228960290e-03
8070	1.3227315120e-03	1.3227317220e-03
8071	1.3225673122e-03	1.3225675069e-03
8072	1.3224032229e-03	1.3224033831e-03
8073	1.3222392378e-03	1.3222393500e-03
8074	1.3220753576e-03	1.3220754064e-03
8075	1.3219115742e-03	1.3219115525e-03
8076	1.3217479101e-03	1.3217477888e-03
8077	1.3215844032e-03	1.3215841142e-03
8078	1.3214209538e-03	1.3214205272e-03
8079	1.3212574519e-03	1.3212570284e-03
8080	1.3210939768e-03	1.3210936185e-03
8081	1.3209306446e-03	1.3209302967e-03
8082	1.3207674136e-03	1.3207670618e-03
8083	1.3206042129e-03	1.3206039138e-03
8084	1.3204410907e-03	1.3204408529e-03
8085	1.3202780949e-03	1.3202778792e-03
8086	1.3201151815e-03	1.3201149931e-03
8087	1.3199523361e-03	1.3199521953e-03
8088	1.3197895836e-03	1.3197894847e-03
8089	1.3196268863e-03	1.3196268600e-03
8090	1.3194642127e-03	1.3194643214e-03
8091	1.3193016426e-03	1.3193018691e-03
8092	1.3191392534e-03	1.3191395027e-03
8093	1.3189769953e-03	1.3189772217e-03
8094	1.3188148041e-03	1.3188150271e-03
8095	1.3186527042e-03	1.3186529192e-03
8096	1.3184907132e-03	1.3184908981e-03
8097	1.3183287950e-03	1.3183289646e-03
8098	1.3181669493e-03	1.3181671196e-03
8099	1.3180052118e-03	1.3180053630e-03
8100	1.3178435704e-03	1.3178436953e-03
8101	1.3176820021e-03	1.3176821176e-03
8102	1.3175205367e-03	1.3175206316e-03
8103	1.3173591924e-03	1.3173592397e-03
8104	1.3171979311e-03	1.3171979413e-03
8105	1.3170367199e-03	1.3170367324e-03
8106	1.3168755876e-03	1.3168756110e-03
8107	1.3167145642e-03	1.3167145782e-03
8108	1.3165536303e-03	1.3165536341e-03
8109	1.3163927753e-03	1.3163927769e-03
8110	1.3162320099e-03	1.3162320052e-03
8111	1.3160713212e-03	1.3160713190e-03
8112	1.3159106942e-03	1.3159107179e-03
8113	1.3157501535e-03	1.3157502012e-03
8114	1.3155897189e-03	1.3155897678e-03
8115	1.3154293625e-03	1.3154294149e-03
8116	1.3152690733e-03	1.3152691392e-03
8117	1.3151088767e-03	1.3151089399e-03
8118	1.3149487733e-03	1.3149488188e-03
8119	1.3147887377e-03	1.3147887763e-03
8120	1.3146287676e-03	1.3146288110e-03
8121	1.3144688814e-03	1.3144689215e-03
8122	1.3143090647e-03	1.3143091072e-03
8123	1.3141493124e-03	1.3141493669e-03
8124	1.3139896513e-03	1.3139896986e-03
8125	1.3138300753e-03	1.3138301016e-03
8126	1.3136705509e-03	1.3136705748e-03
8127	1.3135110772e-03	1.3135111168e-03
8128	1.3133516797e-03	1.3133517268e-03
8129	1.3131923635e-03	1.3131924044e-03
8130	1.3130331140e-03	1.3130331482e-03
8131	1.3128739265e-03	1.3128739555e-03
8132	1.3127148030e-03	1.3127148241e-03
8133	1.3125557392e-03	1.3125557527e-03
8134	1.3123967276e-03	1.3123967398e-03
8135	1.3122377842e-03	1.3122377844e-03
8136	1.3120789147e-03	1.3120788854e-03
8137	1.3119200883e-03	1.3119200417e-03
8138	1.3117612944e-03	1.3117612520e-03
8139	1.3116025637e-03	1.3116025145e-03
8140	1.3114439098e-03	1.3114438280e-03
8141	1.3112853148e-03	1.3112851911e-03
8142	1.3111267605e-03	1.3111266033e-03
8143	1.3109682426e-03	1.3109680644e-03
8144	1.3108097614e-03	1.3108095743e-03
8145	1.3106513222e-03	1.3106511325e-03
8146	1.3104929341e-03	1.3104927378e-03
8147	1.3103345942e-03	1.3103343896e-03
8148	1.3101762879e-03	1.3101760874e-03
8149	1.3100180244e-03	1.3100178304e-03
8150	1.3098598083e-03	1.3098596185e-03
8151	1.3097016287e-03	1.3097014518e-03
8152	1.3095434844e-03	1.3095433302e-03
8153	1.3093853726e-03	1.3093852533e-03
8154	1.3092272984e-03	1.3092272212e-03
8155	1.3090692715e-03	1.3090692345e-03
8156	1.3089112928e-03	1.3089112936e-03
8157	1.3087533707e-03	1.3087533985e-03
8158	1.3085955168e-03	1.3085955500e-03
8159	1.3084377228e-03	1.3084377486e-03
8160	1.3082799661e-03	1.3082799946e-03
8161	1.3081222539e-03	1.3081222886e-03
8162	1.3079645819e-03	1.3079646315e-03
8163	1.3078069411e-03	1.3078070237e-03
8164	1.3076493609e-03	1.3076494646e-03
8165	1.3074918671e-03	1.3074919547e-03
8166	1.3073344335e-03	1.3073344953e-03
8167	1.3071770343e-03	1.3071770871e-03
8168	1.3070196753e-03	1.3070197298e-03
8169	1.3068623609e-03	1.3068624236e-03
8170	1.3067050864e-03	1.3067051682e-03
8171	1.3065478638e-03	1.3065479635e-03
8172	1.3063907032e-03	1.3063908095e-03
8173	1.3062335944e-03	1.3062337068e-03
8174	1.3060765387e-03	1.3060766551e-03
8175	1.3059195510e-03	1.3059196542e-03
8176	1.3057626234e-03	1.3057627039e-03
8177	1.3056057352e-03	1.3056058039e-03
8178	1.3054488891e-03	1.3054489538e-03
8179	1.3052920978e-03	1.3052921528e-03
8180	1.3051353587e-03	1.3051354005e-03
8181	1.3049786681e-03	1.3049786961e-03
8182	1.3048220271e-03	1.3048220387e-03
8183	1.3046654271e-03	1.3046654275e-03
8184	1.3045088611e-03	1.3045088628e-03
8185	1.3043523374e-03	1.3043523439e-03
8186	1.3041958608e-03	1.3041958695e-03
8187	1.3040394234e-03	1.3040394392e-03
8188	1.3038830219e-03	1.3038830525e-03
8189	1.3037266686e-03	1.3037267072e-03
8190	1.3035703608e-03	1.3035704031e-03
8191	1.3034140867e-03	1.3034141413e-03
8192	1.3032578527e-03	1.3032579177e-03
8193	1.3031016664e-03	1.3031017270e-03
8194	1.3029455195e-03	1.3029455685e-03
8195	1.3027894135e-03	1.3027894433e-03
8196	1.3026333528e-03	1.3026333478e-03
8197	1.3024773286e-03	1.3024772786e-03
8198	1.3023213356e-03	1.3023212389e-03
8199	1.3021653712e-03	1.3021652324e-03
8200	1.3020094413e-03	1.3020092586e-03
8201	1.3018535452e-03	1.3018533168e-03
8202	1.3016976784e-03	1.3016974073e-03
8203	1.3015418358e-03	1.3015415292e-03
8204	1.3013860111e-03	1.3013856826e-03
8205	1.3012302042e-03	1.3012298706e-03
8206	1.3010744233e-03	1.3010740949e-03
8207	1.3009186748e-03	1.3009183560e-03
8208	1.3007629564e-03	1.3007626571e-03
8209	1.3006072562e-03	1.3006070005e-03
8210	1.3004515840e-03	1.3004513842e-03
8211	1.3002959478e-03	1.3002958064e-03
8212	1.3001403177e-03	1.3001402677e-03
8213	1.2999846845e-03	1.2999847677e-03
8214	1.2998290903e-03	1.2998293054e-03
8215	1.2996734964e-03	1.2996738820e-03
8216	1.2995178823e-03	1.2995184969e-03
8217	1.2993624045e-03	1.2993631477e-03
8218	1.2992071120e-03	1.2992078341e-03
8219	1.2990518543e-03	1.2990525558e-03
8220	1.2988965877e-03	1.2988973107e-03
8221	1.2987414513e-03	1.2987420988e-03
8222	1.2985864843e-03	1.2985869206e-03
8223	1.2984314834e-03	1.2984317752e-03
8224	1.2982763917e-03	1.2982766616e-03
8225	1.2981213529e-03	1.2981215788e-03
8226	1.2979663971e-03	1.2979665253e-03
8227	1.2978114868e-03	1.2978114994e-03
8228	1.2976566575e-03	1.2976565005e-03
8229	1.2975018735e-03	1.2975015276e-03
8230	1.2973470477e-03	1.2973465791e-03
8231	1.2971922104e-03	1.2971916537e-03
8232	1.2970373931e-03	1.2970367499e-03
8233	1.2968824989e-03	1.2968818656e-03
8234	1.2967275303e-03	1.2967269998e-03
8235	1.2965726183e-03	1.2965721515e-03
8236	1.2964177686e-03	1.2964173195e-03
8237	1.2962629052e-03	1.2962625036e-03
8238	1.2961080583e-03	1.2961077028e-03
8239	1.2959532337e-03	1.2959529149e-03
8240	1.2957983670e-03	1.2957981392e-03
8241	1.2956435120e-03	1.2956433740e-03
8242	1.2954887260e-03	1.2954886164e-03
8243	1.2953339357e-03	1.2953338682e-03
8244	1.2951791637e-03	1.2951791338e-03
8245	1.2950244481e-03	1.2950244135e-03
8246	1.2948697399e-03	1.2948697063e-03
8247	1.2947150149e-03	1.2947150155e-03
8248	1.2945603096e-03	1.2945603465e-03
8249	1.2944056267e-03	1.2944056987e-03
8250	1.2942509545e-03	1.2942510697e-03
8251	1.2940963303e-03	1.2940964614e-03
8252	1.2939417534e-03	1.2939418767e-03
8253	1.2937871910e-03	1.2937873177e-03
8254	1.2936326538e-03	1.2936327880e-03
8255	1.2934781484e-03	1.2934782903e-03
8256	1.2933236648e-03	1.2933238244e-03
8257	1.2931692250e-03	1.2931693913e-03
8258	1.2930148487e-03	1.2930149926e-03
8259	1.2928605141e-03	1.2928606268e-03
8260	1.2927062085e-03	1.2927062923e-03
8261	1.2925519419e-03	1.2925519907e-03
8262	1.2923976984e-03	1.2923977241e-03
8263	1.2922434687e-03	1.2922434925e-03
8264	1.2920892744e-03	1.2920892963e-03
8265	1.2919351153e-03	1.2919351360e-03
8266	1.2917809761e-03	1.2917810098e-03
8267	1.2916268728e-03	1.2916269175e-03
8268	1.2914728127e-03	1.2914728608e-03
8269	1.2913187819e-03	1.2913188392e-03
8270	1.2911647839e-03	1.2911648532e-03
8271	1.2910108276e-03	1.2910109039e-03
8272	1.2908569043e-03	1.2908569900e-03
8273	1.2907030165e-03	1.2907031098e-03
8274	1.2905491762e-03	1.2905492634e-03
8275	1.2903953746e-03	1.2903954502e-03
8276	1.2902416006e-03	1.2902416692e-03
8277	1.2900878610e-03	1.2900879207e-03
8278	1.2899341563e-03	1.2899342055e-03
8279	1.2897804798e-03	1.2897805227e-03
8280	1.2896268379e-03	1.2896268719e-03
8281	1.2894732348e-03	1.2894732522e-03
8282	1.2893196625e-03	1.2893196624e-03
8283	1.2891661182e-03	1.2891661028e-03
8284	1.2890126029e-03	1.2890125743e-03
8285	1.2888591123e-03	1.2888590767e-03
8286	1.2887056457e-03	1.2887056097e-03
8287	1.2885522054e-03	1.2885521737e-03
8288	1.2883987872e-03	1.2883987679e-03
8289	1.2882453936e-03	1.2882453913e-03
8290	1.2880920359e-03	1.2880920435e-03
8291	1.2879387150e-03	1.2879387237e-03
8292	1.2877854207e-03	1.2877854310e-03
8293	1.2876321493e-03	1.2876321652e-03
8294	1.2874789030e-03	1.2874789262e-03
8295	1.2873256607e-03	1.2873257129e-03
8296	1.2871724349e-03	1.2871725246e-03
8297	1.2870192672e-03	1.2870193606e-03
8298	1.2868661387e-03	1.2868662203e-03
8299	1.2867130163e-03	1.2867131017e-03
8300	1.2865599226e-03	1.2865600040e-03
8301	1.2864068662e-03	1.2864069271e-03
8302	1.2862538207e-03	1.2862538688e-03
8303	1.2861007857e-03	1.2861008271e-03
8304	1.2859477699e-03	1.2859478025e-03
8305	1.2857947673e-03	1.2857947951e-03
8306	1.2856418007e-03	1.2856418050e-03
8307	1.2854888725e-03	1.2854888324e-03
8308	1.2853359489e-03	1.2853358765e-03
8309	1.2851830303e-03	1.2851829350e-03
8310	1.2850301353e-03	1.2850300074e-03
8311	1.2848772499e-03	1.2848770930e-03
8312	1.2847243645e-03	1.2847241902e-03
8313	1.2845714910e-03	1.2845712985e-03
8314	1.2844186283e-03	1.2844184190e-03
8315	1.2842657757e-03	1.2842655511e-03
8316	1.2841129427e-03	1.2841126945e-03
8317	1.2839601153e-03	1.2839598492e-03
8318	1.2838072770e-03	1.2838070141e-03
8319	1.2836544367e-03	1.2836541892e-03
8320	1.2835016055e-03	1.2835013753e-03
8321	1.2833487786e-03	1.2833485721e-03
8322	1.2831959589e-03	1.2831957798e-03
8323	1.2830431324e-03	1.2830430011e-03
8324	1.2828903507e-03	1.2828902377e-03
8325	1.2827376007e-03	1.2827374898e-03
8326	1.2825848441e-03	1.2825847590e-03
8327	1.2824321443e-03	1.2824320471e-03
8328	1.2822795161e-03	1.2822793552e-03
8329	1.2821268791e-03	1.2821266852e-03
8330	1.2819742262e-03	1.2819740389e-03
8331	1.2818215788e-03	1.2818214175e-03
8332	1.2816689204e-03	1.2816688236e-03
8333	1.2815162876e-03	1.2815162597e-03
8334	1.2813637314e-03	1.2813637272e-03
8335	1.2812112048e-03	1.2812112269e-03
8336	1.2810587067e-03	1.2810587619e-03
8337	1.2809062881e-03	1.2809063340e-03
8338	1.2807539036e-03	1.2807539431e-03
8339	1.2806015083e-03	1.2806015906e-03
8340	1.2804491555e-03	1.2804492795e-03
8341	1.2802968576e-03	1.2802970129e-03
8342	1.2801446114e-03	1.2801447939e-03
8343	1.2799924525e-03	1.2799926243e-03
8344	1.2798403637e-03	1.2798405042e-03
8345	1.2796883118e-03	1.2796884343e-03
8346	1.2795363248e-03	1.2795364163e-03
8347	1.2793844005e-03	1.2793844505e-03
8348	1.2792325040e-03	1.2792325381e-03
8349	1.2790806571e-03	1.2790806806e-03
8350	1.2789288808e-03	1.2789288805e-03
8351	1.2787771590e-03	1.2787771395e-03
8352	1.2786254984e-03	1.2786254578e-03
8353	1.2784739035e-03	1.2784738371e-03
8354	1.2783223524e-03	1.2783222806e-03
8355	1.2781708537e-03	1.2781707899e-03
8356	1.2780194241e-03	1.2780193657e-03
8357	1.2778680464e-03	1.2778680091e-03
8358	1.2777167306e-03	1.2777167204e-03
8359	1.2775654911e-03	1.2775655009e-03
8360	1.2774143432e-03	1.2774143532e-03
8361	1.2772632404e-03	1.2772632785e-03
8362	1.2771122024e-03	1.2771122775e-03
8363	1.2769613006e-03	1.2769613527e-03
8364	1.2768105022e-03	1.2768105053e-03
8365	1.2766597474e-03	1.2766597347e-03
8366	1.2765090335e-03	1.2765090413e-03
8367	1.2763583598e-03	1.2763584262e-03
8368	1.2762077527e-03	1.2762078903e-03
8369	1.2760572574e-03	1.2760574355e-03
8370	1.2759068581e-03	1.2759070634e-03
8371	1.2757565395e-03	1.2757567739e-03
8372	1.2756063312e-03	1.2756065680e-03
8373	1.2754562207e-03	1.2754564466e-03
8374	1.2753061718e-03	1.2753064093e-03
8375	1.2751561976e-03	1.2751564561e-03
8376	1.2750063189e-03	1.2750065878e-03
8377	1.2748565463e-03	1.2748568047e-03
8378	1.2747068941e-03	1.2747071068e-03
8379	1.2745573411e-03	1.2745574944e-03
8380	1.2744078555e-03	1.2744079677e-03
8381	1.2742584506e-03	1.2742585246e-03
8382	1.2741091298e-03	1.2741091659e-03
8383	1.2739598808e-03	1.2739598916e-03
8384	1.2738107078e-03	1.2738107002e-03
8385	1.2736616097e-03	1.2736615928e-03
8386	1.2735125868e-03	1.2735125707e-03
8387	1.2733636497e-03	1.2733636306e-03
8388	1.2732147900e-03	1.2732147704e-03
8389	1.2730659971e-03	1.2730659913e-03
8390	1.2729172867e-03	1.2729172929e-03
8391	1.2727686609e-03	1.2727686749e-03
8392	1.2726201082e-03	1.2726201366e-03
8393	1.2724716287e-03	1.2724716750e-03
8394	1.2723232197e-03	1.2723232889e-03
8395	1.2721748808e-03	1.2721749777e-03
8396	1.2720266232e-03	1.2720267392e-03
8397	1.2718784447e-03	1.2718785718e-03
8398	1.2717303369e-03	1.2717304757e-03
8399	1.2715823063e-03	1.2715824500e-03
8400	1.2714343531e-03	1.2714344936e-03
8401	1.2712864679e-03	1.2712866046e-03
8402	1.2711386506e-03	1.2711387808e-03
8403	1.2709909025e-03	1.2709910213e-03
8404	1.2708432241e-03	1.2708433258e-03
8405	1.2706955876e-03	1.2706956927e-03
8406	1.2705480662e-03	1.2705481205e-03
8407	1.2704005859e-03	1.2704006076e-03
8408	1.2702531371e-03	1.2702531525e-03
8409	1.2701057771e-03	1.2701057531e-03
8410	1.2699584222e-03	1.2699584075e-03
8411	1.2698110701e-03	1.2698111135e-03
8412	1.2696638260e-03	1.2696638699e-03
8413	1.2695166647e-03	1.2695166755e-03
8414	1.2693695575e-03	1.2693695285e-03
8415	1.2692225220e-03	1.2692224266e-03
8416	1.2690754939e-03	1.2690753684e-03
8417	1.2689284663e-03	1.2689283521e-03
8418	1.2687814942e-03	1.2687813760e-03
8419	1.2686345453e-03	1.2686344384e-03
8420	1.2684876233e-03	1.2684875378e-03
8421	1.2683407815e-03	1.2683406730e-03
8422	1.2681939819e-03	1.2681938428e-03
8423	1.2680471929e-03	1.2680470456e-03
8424	1.2679004291e-03	1.2679002800e-03
8425	1.2677536672e-03	1.2677535449e-03
8426	1.2676069212e-03	1.2676068394e-03
8427	1.2674602302e-03	1.2674601624e-03
8428	1.2673135659e-03	1.2673135131e-03
8429	1.2671669225e-03	1.2671668906e-03
8430	1.2670203224e-03	1.2670202941e-03
8431	1.2668737407e-03	1.2668737221e-03
8432	1.2667271753e-03	1.2667271751e-03
8433	1.2665806437e-03	1.2665806520e-03
8434	1.2664341355e-03	1.2664341517e-03
8435	1.2662876597e-03	1.2662876745e-03
8436	1.2661412196e-03	1.2661412181e-03
8437	1.2659947830e-03	1.2659947801e-03
8438	1.2658483519e-03	1.2658483613e-03
8439	1.2657019492e-03	1.2657019619e-03
8440	1.2655555662e-03	1.2655555817e-03
8441	1.2654092013e-03	1.2654092209e-03
8442	1.2652628673e-03	1.2652628783e-03
8443	1.2651165529e-03	1.2651165523e-03
8444	1.2649702543e-03	1.2649702423e-03
8445	1.2648239709e-03	1.2648239472e-03
8446	1.2646776874e-03	1.2646776658e-03
8447	1.2645314139e-03	1.2645313988e-03
8448	1.2643851657e-03	1.2643851461e-03
8449	1.2642389318e-03	1.2642389066e-03
8450	1.2640927094e-03	1.2640926797e-03
8451	1.2639465011e-03	1.2639464640e-03
8452	1.2638002984e-03	1.2638002583e-03
8453	1.2636541040e-03	1.2636540627e-03
8454	1.2635079190e-03	1.2635078764e-03
8455	1.2633617371e-03	1.2633616989e-03
8456	1.2632155648e-03	1.2632155301e-03
8457	1.2630694125e-03	1.2630693694e-03
8458	1.2629232659e-03	1.2629232160e-03
8459	1.2627771107e-03	1.2627770695e-03
8460	1.2626309612e-03	1.2626309296e-03
8461	1.2624848209e-03	1.2624847960e-03
8462	1.2623386841e-03	1.2623386686e-03
8463	1.2621925538e-03	1.2621925467e-03
8464	1.2620464277e-03	1.2620464293e-03
8465	1.2619003076e-03	1.2619003162e-03
8466	1.2617541953e-03	1.2617542068e-03
8467	1.2616080786e-03	1.2616081006e-03
8468	1.2614619587e-03	1.2614619976e-03
8469	1.2613158494e-03	1.2613158975e-03
8470	1.2611697494e-03	1.2611697996e-03
8471	1.2610236554e-03	1.2610237035e-03
8472	1.2608775640e-03	1.2608776081e-03
8473	1.2607314720e-03	1.2607315128e-03
8474	1.2605853820e-03	1.2605854175e-03
8475	1.2604392922e-03	1.2604393215e-03
8476	1.2602931977e-03	1.2602932244e-03
8477	1.2601471034e-03	1.2601471260e-03
8478	1.2600010125e-03	1.2600010252e-03
8479	1.2598549203e-03	1.2598549211e-03
8480	1.2597088231e-03	1.2597088135e-03
8481	1.2595627187e-03	1.2595627018e-03
8482	1.2594166079e-03	1.2594165859e-03
8483	1.2592704936e-03	1.2592704654e-03
8484	1.2591243730e-03	1.2591243397e-03
8485	1.2589782440e-03	1.2589782078e-03
8486	1.2588321090e-03	1.2588320691e-03
8487	1.2586859670e-03	1.2586859228e-03
8488	1.2585398144e-03	1.2585397685e-03
8489	1.2583936493e-03	1.2583936059e-03
8490	1.2582474734e-03	1.2582474344e-03
8491	1.2581012916e-03	1.2581012533e-03
8492	1.2579550970e-03	1.2579550621e-03
8493	1.2578088847e-03	1.2578088599e-03
8494	1.2576626617e-03	1.2576626466e-03
8495	1.2575164310e-03	1.2575164217e-03
8496	1.2573701907e-03	1.2573701850e-03
8497	1.2572239386e-03	1.2572239363e-03
8498	1.2570776709e-03	1.2570776752e-03
8499	1.2569313914e-03	1.2569314013e-03
8500	1.2567851059e-03	1.2567851130e-03
8501	1.2566387999e-03	1.2566388102e-03
8502	1.2564924722e-03	1.2564924930e-03
8503	1.2563461478e-03	1.2563461604e-03
8504	1.2561998200e-03	1.2561998122e-03
8505	1.2560534701e-03	1.2560534483e-03
8506	1.2559070966e-03	1.2559070686e-03
8507	1.2557606992e-03	1.2557606732e-03
8508	1.2556142867e-03	1.2556142614e-03
8509	1.2554678647e-03	1.2554678331e-03
8510	1.2553214213e-03	1.2553213890e-03
8511	1.2551749632e-03	1.2551749290e-03
8512	1.2550284983e-03	1.2550284532e-03
8513	1.2548820070e-03	1.2548819618e-03
8514	1.2547354921e-03	1.2547354547e-03
8515	1.2545889639e-03	1.2545889320e-03
8516	1.2544424145e-03	1.2544423932e-03
8517	1.2542958572e-03	1.2542958378e-03
8518	1.2541492815e-03	1.2541492657e-03
8519	1.2540026722e-03	1.2540026762e-03
8520	1.2538560443e-03	1.2538560687e-03
8521	1.2537093931e-03	1.2537094428e-03
8522	1.2535627202e-03	1.2535627979e-03
8523	1.2534160183e-03	1.2534161337e-03
8524	1.2532692995e-03	1.2532694493e-03
8525	1.2531225973e-03	1.2531227438e-03
8526	1.2529758728e-03	1.2529760169e-03
8527	1.2528291141e-03	1.2528292680e-03
8528	1.2526823570e-03	1.2526824960e-03
8529	1.2525355892e-03	1.2525357008e-03
8530	1.2523888009e-03	1.2523888824e-03
8531	1.2522419898e-03	1.2522420401e-03
8532	1.2520951504e-03	1.2520951731e-03
8533	1.2519483057e-03	1.2519482803e-03
8534	1.2518014413e-03	1.2518013614e-03
8535	1.2516545286e-03	1.2516544162e-03
8536	1.2515075854e-03	1.2515074437e-03
8537	1.2513606114e-03	1.2513604437e-03
8538	1.2512136003e-03	1.2512134159e-03
8539	1.2510665498e-03	1.2510663599e-03
8540	1.2509194511e-03	1.2509192752e-03
8541	1.2507723247e-03	1.2507721613e-03
8542	1.2506251760e-03	1.2506250180e-03
8543	1.2504779847e-03	1.2504778452e-03
8544	1.2503307587e-03	1.2503306428e-03
8545	1.2501835050e-03	1.2501834100e-03
8546	1.2500362198e-03	1.2500361463e-03
8547	1.2498889049e-03	1.2498888519e-03
8548	1.2497415537e-03	1.2497415266e-03
8549	1.2495941756e-03	1.2495941700e-03
8550	1.2494467802e-03	1.2494467816e-03
8551	1.2492993533e-03	1.2492993639e-03
8552	1.2491518947e-03	1.2491519170e-03
8553	1.2490044103e-03	1.2490044398e-03
8554	1.2488568976e-03	1.2488569339e-03
8555	1.2487093575e-03	1.2487094001e-03
8556	1.2485617867e-03	1.2485618385e-03
8557	1.2484141862e-03	1.2484142490e-03
8558	1.2482665689e-03	1.2482666313e-03
8559	1.2481189212e-03	1.2481189869e-03
8560	1.2479712422e-03	1.2479713161e-03
8561	1.2478235435e-03	1.2478236176e-03
8562	1.2476758184e-03	1.2476758916e-03
8563	1.2475280681e-03	1.2475281375e-03
8564	1.2473802893e-03	1.2473803552e-03
8565	1.2472324795e-03	1.2472325439e-03
8566	1.2470846496e-03	1.2470847028e-03
8567	1.2469367937e-03	1.2469368324e-03
8568	1.2467889096e-03	1.2467889328e-03
8569	1.2466410003e-03	1.2466410033e-03
8570	1.2464930725e-03	1.2464930437e-03
8571	1.2463451264e-03	1.2463450541e-03
8572	1.2461971402e-03	1.2461970347e-03
8573	1.2460491244e-03	1.2460489858e-03
8574	1.2459010879e-03	1.2459009070e-03
8575	1.2457530334e-03	1.2457527991e-03
8576	1.2456049056e-03	1.2456046631e-03
8577	1.2454567444e-03	1.2454564986e-03
8578	1.2453085746e-03	1.2453083062e-03
8579	1.2451603450e-03	1.2451600867e-03
8580	1.2450120766e-03	1.2450118406e-03
8581	1.2448637768e-03	1.2448635687e-03
8582	1.2447154557e-03	1.2447152711e-03
8583	1.2445671193e-03	1.2445669487e-03
8584	1.2444187249e-03	1.2444186028e-03
8585	1.2442703059e-03	1.2442702338e-03
8586	1.2441218882e-03	1.2441218428e-03
8587	1.2439734455e-03	1.2439734313e-03
8588	1.2438249919e-03	1.2438250006e-03
8589	1.2436765274e-03	1.2436765519e-03
8590	1.2435280592e-03	1.2435280864e-03
8591	1.2433795896e-03	1.2433796059e-03
8592	1.2432310880e-03	1.2432311120e-03
8593	1.2430825784e-03	1.2430826064e-03
8594	1.2429340777e-03	1.2429340909e-03
8595	1.2427855684e-03	1.2427855678e-03
8596	1.2426370534e-03	1.2426370388e-03
8597	1.2424885381e-03	1.2424885064e-03
8598	1.2423400090e-03	1.2423399720e-03
8599	1.2421914928e-03	1.2421914374e-03
8600	1.2420429622e-03	1.2420429048e-03
8601	1.2418944218e-03	1.2418943759e-03
8602	1.2417459047e-03	1.2417458516e-03
8603	1.2415973849e-03	1.2415973336e-03
8604	1.2414488690e-03	1.2414488241e-03
8605	1.2413003584e-03	1.2413003243e-03
8606	1.2411518551e-03	1.2411518357e-03
8607	1.2410033811e-03	1.2410033601e-03
8608	1.2408549153e-03	1.2408548988e-03
8609	1.2407064658e-03	1.2407064536e-03
8610	1.2405580473e-03	1.2405580253e-03
8611	1.2404096435e-03	1.2404096149e-03
8612	1.2402612631e-03	1.2402612251e-03
8613	1.2401129034e-03	1.2401128575e-03
8614	1.2399645764e-03	1.2399645143e-03
8615	1.2398162837e-03	1.2398161977e-03
8616	1.2396680076e-03	1.2396679098e-03
8617	1.2395197668e-03	1.2395196533e-03
8618	1.2393715583e-03	1.2393714298e-03
8619	1.2392233834e-03	1.2392232417e-03
8620	1.2390752300e-03	1.2390750922e-03
8621	1.2389271185e-03	1.2389269836e-03
8622	1.2387790437e-03	1.2387789186e-03
8623	1.2386310132e-03	1.2386309002e-03
8624	1.2384830288e-03	1.2384829304e-03
8625	1.2383350964e-03	1.2383350124e-03
8626	1.2381872306e-03	1.2381871483e-03
8627	1.2380394103e-03	1.2380393405e-03
8628	1.2378916514e-03	1.2378915920e-03
8629	1.2377439593e-03	1.2377439052e-03
8630	1.2375963197e-03	1.2375962829e-03
8631	1.2374487422e-03	1.2374487275e-03
8632	1.2373012258e-03	1.2373012417e-03
8633	1.2371537904e-03	1.2371538289e-03
8634	1.2370064439e-03	1.2370064916e-03
8635	1.2368591760e-03	1.2368592328e-03
8636	1.2367120034e-03	1.2367120556e-03
8637	1.2365649138e-03	1.2365649629e-03
8638	1.2364179119e-03	1.2364179578e-03
8639	1.2362710040e-03	1.2362710434e-03
8640	1.2361241867e-03	1.2361242228e-03
8641	1.2359774784e-03	1.2359774994e-03
8642	1.2358308704e-03	1.2358308760e-03
8643	1.2356843650e-03	1.2356843556e-03
8644	1.2355379676e-03	1.2355379414e-03
8645	1.2353916712e-03	1.2353916361e-03
8646	1.2352454858e-03	1.2352454435e-03
8647	1.2350994070e-03	1.2350993649e-03
8648	1.2349534405e-03	1.2349534033e-03
8649	1.2348075948e-03	1.2348075614e-03
8650	1.2346618657e-03	1.2346618416e-03
8651	1.2345162629e-03	1.2345162470e-03
8652	1.2343707875e-03	1.2343707803e-03
8653	1.2342254447e-03	1.2342254454e-03
8654	1.2340802396e-03	1.2340802450e-03
8655	1.2339351693e-03	1.2339351815e-03
8656	1.2337902419e-03	1.2337902581e-03
8657	1.2336454575e-03	1.2336454774e-03
8658	1.2335008184e-03	1.2335008428e-03
8659	1.2333563297e-03	1.2333563571e-03
8660	1.2332119931e-03	1.2332120241e-03
8661	1.2330678159e-03	1.2330678471e-03
8662	1.2329237958e-03	1.2329238289e-03
8663	1.2327799333e-03	1.2327799722e-03
8664	1.2326362342e-03	1.2326362799e-03
8665	1.2324926981e-03	1.2324927553e-03
8666	1.2323493284e-03	1.2323494006e-03
8667	1.2322061274e-03	1.2322062193e-03
8668	1.2320631011e-03	1.2320632126e-03
8669	1.2319202502e-03	1.2319203848e-03
8670	1.2317775814e-03	1.2317777371e-03
8671	1.2316350501e-03	1.2316352724e-03
8672	1.2314927511e-03	1.2314929932e-03
8673	1.2313506377e-03	1.2313509005e-03
8674	1.2312087115e-03	1.2312089967e-03
8675	1.2310669970e-03	1.2310672820e-03
8676	1.2309254759e-03	1.2309257592e-03
8677	1.2307841728e-03	1.2307844295e-03
8678	1.2306430276e-03	1.2306432939e-03
8679	1.2305020963e-03	1.2305023540e-03
8680	1.2303613886e-03	1.2303616101e-03
8681	1.2302208715e-03	1.2302210633e-03
8682	1.2300805605e-03	1.2300807135e-03
8683	1.2299404294e-03	1.2299405621e-03
8684	1.2298005116e-03	1.2298006097e-03
8685	1.2296607740e-03	1.2296608568e-03
8686	1.2295212229e-03	1.2295213040e-03
8687	1.2293818925e-03	1.2293819511e-03
8688	1.2292427582e-03	1.2292427990e-03
8689	1.2291038302e-03	1.2291038471e-03
8690	1.2289650851e-03	1.2289650961e-03
8691	1.2288265498e-03	1.2288265460e-03
8692	1.2286881973e-03	1.2286881968e-03
8693	1.2285500921e-03	1.2285500483e-03
8694	1.2284121286e-03	1.2284121002e-03
8695	1.2282744029e-03	1.2282743528e-03
8696	1.2281368538e-03	1.2281368055e-03
8697	1.2279994853e-03	1.2279994571e-03
8698	1.2278623348e-03	1.2278623086e-03
8699	1.2277253659e-03	1.2277253598e-03
8700	1.2275886395e-03	1.2275886104e-03
8701	1.2274520677e-03	1.2274520609e-03
8702	1.2273157037e-03	1.2273157117e-03
8703	1.2271795349e-03	1.2271795634e-03
8704	1.2270435566e-03	1.2270436152e-03
8705	1.2269078010e-03	1.2269078673e-03
8706	1.2267722330e-03	1.2267723204e-03
8707	1.2266369032e-03	1.2266369745e-03
8708	1.2265017495e-03	1.2265018298e-03
8709	1.2263667975e-03	1.2263668860e-03
8710	1.2262320452e-03	1.2262321433e-03
8711	1.2260974908e-03	1.2260976012e-03
8712	1.2259631541e-03	1.2259632587e-03
8713	1.2258290025e-03	1.2258291164e-03
8714	1.2256950748e-03	1.2256951737e-03
8715	1.2255613311e-03	1.2255614306e-03
8716	1.2254277879e-03	1.2254278865e-03
8717	1.2252944398e-03	1.2252945410e-03
8718	1.2251612904e-03	1.2251613932e-03
8719	1.2250283503e-03	1.2250284437e-03
8720	1.2248955934e-03	1.2248956907e-03
8721	1.2247630486e-03	1.2247631344e-03
8722	1.2246306874e-03	1.2246307738e-03
8723	1.2244985286e-03	1.2244986073e-03
8724	1.2243665626e-03	1.2243666345e-03
8725	1.2242347935e-03	1.2242348537e-03
8726	1.2241032192e-03	1.2241032652e-03
8727	1.2239718212e-03	1.2239718669e-03
8728	1.2238406164e-03	1.2238406577e-03
8729	1.2237095904e-03	1.2237096362e-03
8730	1.2235787595e-03	1.2235788007e-03
8731	1.2234481091e-03	1.2234481504e-03
8732	1.2233176468e-03	1.2233176834e-03
8733	1.2231873650e-03	1.2231873996e-03
8734	1.2230572576e-03	1.2230572969e-03
8735	1.2229273314e-03	1.2229273740e-03
8736	1.2227975803e-03	1.2227976292e-03
8737	1.2226680151e-03	1.2226680608e-03
8738	1.2225386211e-03	1.2225386678e-03
8739	1.2224094088e-03	1.2224094482e-03
8740	1.2222803639e-03	1.2222804011e-03
8741	1.2221514850e-03	1.2221515245e-03
8742	1.2220227817e-03	1.2220228168e-03
8743	1.2218942466e-03	1.2218942764e-03
8744	1.2217658834e-03	1.2217659014e-03
8745	1.2216376741e-03	1.2216376905e-03
8746	1.2215096321e-03	1.2215096419e-03
8747	1.2213817434e-03	1.2213817541e-03
8748	1.2212540172e-03	1.2212540254e-03
8749	1.2211264484e-03	1.2211264541e-03
8750	1.2209990408e-03	1.2209990386e-03
8751	1.2208717861e-03	1.2208717775e-03
8752	1.2207446779e-03	1.2207446698e-03
8753	1.2206177208e-03	1.2206177131e-03
8754	1.2204909101e-03	1.2204909065e-03
8755	1.2203642517e-03	1.2203642474e-03
8756	1.2202377370e-03	1.2202377352e-03
8757	1.2201113729e-03	1.2201113670e-03
8758	1.2199851460e-03	1.2199851428e-03
8759	1.2198590599e-03	1.2198590592e-03
8760	1.2197331081e-03	1.2197331161e-03
8761	1.2196072978e-03	1.2196073095e-03
8762	1.2194816221e-03	1.2194816400e-03
8763	1.2193560827e-03	1.2193561034e-03
8764	1.2192306757e-03	1.2192307010e-03
8765	1.2191053995e-03	1.2191054277e-03
8766	1.2189802513e-03	1.2189802862e-03
8767	1.2188552303e-03	1.2188552690e-03
8768	1.2187303382e-03	1.2187303811e-03
8769	1.2186055704e-03	1.2186056126e-03
8770	1.2184809273e-03	1.2184809720e-03
8771	1.2183564041e-03	1.2183564447e-03
8772	1.2182320056e-03	1.2182320449e-03
8773	1.2181077187e-03	1.2181077504e-03
8774	1.2179835585e-03	1.2179835847e-03
8775	1.2178595093e-03	1.2178595138e-03
8776	1.2177355767e-03	1.2177355770e-03
8777	1.2176117335e-03	1.2176117198e-03
8778	1.2174880160e-03	1.2174880080e-03
8779	1.2173643783e-03	1.2173643514e-03
8780	1.2172408720e-03	1.2172408634e-03
8781	1.2171174334e-03	1.2171173905e-03
8782	1.2169941330e-03	1.2169941311e-03
8783	1.2168708817e-03	1.2168708171e-03
8784	1.2167477768e-03	1.2167478018e-03
8785	1.2166247086e-03	1.2166246063e-03
8786	1.2165018052e-03	1.2165018704e-03
8787	1.2163789121e-03	1.2163787214e-03
8788	1.2162562019e-03	1.2162563387e-03
8789	1.2161334647e-03	1.2161330989e-03
8790	1.2160109423e-03	1.2160112124e-03
8791	1.2158883416e-03	1.2158875998e-03
8792	1.2157660157e-03	1.2157664640e-03
8793	1.2156435367e-03	1.2156418582e-03
8794	1.2155214207e-03	1.2155218411e-03
8795	1.2153990275e-03	1.2153948021e-03
8796	1.2152771447e-03	1.2152760816e-03
8797	1.2151547885e-03	1.2151435363e-03
8798	1.2150331882e-03	1.2150251834e-03
8799	1.2149107942e-03	1.2148850199e-03
8800	1.2147895698e-03	1.2147678504e-03
8801	1.2146670055e-03	1.2146345343e-03
8802	1.2145463157e-03	1.2145245465e-03
8803	1.2144233515e-03	1.2144110336e-03
8804	1.2143034931e-03	1.2142931482e-03
8805	1.2141797209e-03	1.2141827123e-03
8806	1.2140612390e-03	1.2140573763e-03
8807	1.2139359150e-03	1.2139489071e-03
8808	1.2138198234e-03	1.2138361908e-03
8809	1.2136915598e-03	1.2137210458e-03
8810	1.2135797804e-03	1.2136114706e-03
8811	1.2134459667e-03	1.2134909533e-03
8812	1.2133422154e-03	1.2133819956e-03
8813	1.2131978547e-03	1.2132697900e-03
8814	1.2131094801e-03	1.2131538957e-03
8815	1.2129450230e-03	1.2130438169e-03
8816	1.2128869206e-03	1.2129254034e-03
8817	1.2126843083e-03	1.2128139745e-03
8818	1.2126875735e-03	1.2127010343e-03
8819	1.2124144972e-03	1.2125834469e-03
8820	1.2125448683e-03	1.2124713910e-03
8821	1.2121522353e-03	1.2123532683e-03
8822	1.2125327036e-03	1.2122388590e-03
8823	1.2119665239e-03	1.2121243360e-03
8824	1.2126556276e-03	1.2120048097e-03
8825	1.2118316839e-03	1.2118899835e-03
8826	1.2123240057e-03	1.2117710516e-03
8827	1.2114614413e-03	1.2116533033e-03
8828	1.2114465512e-03	1.2115362806e-03
8829	1.2114859669e-03	1.2114147341e-03
8830	1.2111144208e-03	1.2112969790e-03
8831	1.2115278468e-03	1.2111763184e-03
8832	1.2108602193e-03	1.2110553353e-03
8833	1.2108670897e-03	1.2109354037e-03
8834	1.2108326012e-03	1.2108118786e-03
8835	1.2105151651e-03	1.2106906270e-03
8836	1.2107751223e-03	1.2105676751e-03
8837	1.2102699554e-03	1.2104432610e-03
8838	1.2102375041e-03	1.2103206371e-03
8839	1.2102403640e-03	1.2101941625e-03
8840	1.2099115507e-03	1.2100701498e-03
8841	1.2100692135e-03	1.2099435061e-03
8842	1.2097098221e-03	1.2098173579e-03
8843	1.2096177305e-03	1.2096897516e-03
8844	1.2096489745e-03	1.2095632884e-03
8845	1.2093297248e-03	1.2094332003e-03
8846	1.2094024968e-03	1.2093098093e-03
8847	1.2091489660e-03	1.2091771698e-03
8848	1.2090092330e-03	1.2090609176e-03
8849	1.2090494171e-03	1.2089305050e-03
8850	1.2087575805e-03	1.2088265166e-03
8851	1.2087602560e-03	1.2087035011e-03
8852	1.2085882911e-03	1.2085995925e-03
8853	1.2084236278e-03	1.2084763562e-03
8854	1.2084434561e-03	1.2083546724e-03
8855	1.2081833881e-03	1.2082388069e-03
8856	1.2081396250e-03	1.2081155268e-03
8857	1.2080203680e-03	1.2080083913e-03
8858	1.2078410143e-03	1.2078868910e-03
8859	1.2078330404e-03	1.2077679405e-03
8860	1.2076140013e-03	1.2076524530e-03
8861	1.2075405851e-03	1.2075310262e-03
8862	1.2074426049e-03	1.2074209455e-03
8863	1.2072598978e-03	1.2073006845e-03
8864	1.2072291468e-03	1.2071819730e-03
8865	1.2070423234e-03	1.2070676488e-03
8866	1.2069460330e-03	1.2069469983e-03
8867	1.2068562541e-03	1.2068345022e-03
8868	1.2066831934e-03	1.2067157193e-03
8869	1.2066325616e-03	1.2065968774e-03
8870	1.2064658869e-03	1.2064831064e-03
8871	1.2063578684e-03	1.2063632993e-03
8872	1.2062695156e-03	1.2062490918e-03
8873	1.2061052209e-03	1.2061314048e-03
8874	1.2060373533e-03	1.2060124139e-03
8875	1.2058862806e-03	1.2058986184e-03
8876	1.2057746141e-03	1.2057795698e-03
8877	1.2056816542e-03	1.2056640383e-03
8878	1.2055259908e-03	1.2055472121e-03
8879	1.2054476145e-03	1.2054285598e-03
8880	1.2053059641e-03	1.2053143758e-03
8881	1.2051914065e-03	1.2051958388e-03
8882	1.2050925420e-03	1.2050794766e-03
8883	1.2049465130e-03	1.2049632081e-03
8884	1.2048600975e-03	1.2048448499e-03
8885	1.2047228973e-03	1.2047299936e-03
8886	1.2046091025e-03	1.2046119887e-03
8887	1.2045056929e-03	1.2044953342e-03
8888	1.2043666446e-03	1.2043792811e-03
8889	1.2042729673e-03	1.2042611841e-03
8890	1.2041390914e-03	1.2041457883e-03
8891	1.2040273014e-03	1.2040282157e-03
8892	1.2039183425e-03	1.2039113287e-03
8893	1.2037852227e-03	1.2037951930e-03
8894	1.2036871474e-03	1.2036774007e-03
8895	1.2035557621e-03	1.2035616105e-03
8896	1.2034449512e-03	1.2034442900e-03
8897	1.2033311377e-03	1.2033272926e-03
8898	1.2032038380e-03	1.2032110504e-03
8899	1.2031013079e-03	1.2030934681e-03
8900	1.2029714260e-03	1.2029772875e-03
8901	1.2028620093e-03	1.2028600929e-03
8902	1.2027448456e-03	1.2027430649e-03
8903	1.2026221460e-03	1.2026266657e-03
8904	1.2025151183e-03	1.2025091948e-03
8905	1.2023876099e-03	1.2023927669e-03
8906	1.2022788316e-03	1.2022756536e-03
8907	1.2021584239e-03	1.2021585660e-03
8908	1.2020395422e-03	1.2020419722e-03
8909	1.2019287211e-03	1.2019245576e-03
8910	1.2018038757e-03	1.2018079444e-03
8911	1.2016943391e-03	1.2016907966e-03
8912	1.2015721971e-03	1.2015736558e-03
8913	1.2014566196e-03	1.2014569229e-03
8914	1.2013418566e-03	1.2013395275e-03
8915	1.2012196770e-03	1.2012227565e-03
8916	1.2011086510e-03	1.2011055289e-03
8917	1.2009862031e-03	1.2009883607e-03
8918	1.2008724569e-03	1.2008714634e-03
8919	1.2007545196e-03	1.2007540358e-03
8920	1.2006355227e-03	1.2006371484e-03
8921	1.2005221441e-03	1.2005198370e-03
8922	1.2004003729e-03	1.2004026466e-03
8923	1.2002871475e-03	1.2002855749e-03
8924	1.2001673317e-03	1.2001681330e-03
8925	1.2000508086e-03	1.2000511280e-03
8926	1.1999346514e-03	1.1999337070e-03
8927	1.1998147901e-03	1.1998164866e-03
8928	1.1997008053e-03	1.1996992532e-03
8929	1.1995803538e-03	1.1995818091e-03
8930	1.1994652441e-03	1.1994646634e-03
8931	1.1993469388e-03	1.1993471641e-03
8932	1.1992292120e-03	1.1992299041e-03
8933	1.1991133353e-03	1.1991125112e-03
8934	1.1989937064e-03	1.1989950468e-03
8935	1.1988787230e-03	1.1988777420e-03
8936	1.1987592988e-03	1.1987601808e-03
8937	1.1986430808e-03	1.1986428253e-03
8938	1.1985253099e-03	1.1985252870e-03
8939	1.1984072477e-03	1.1984077788e-03
8940	1.1982910076e-03	1.1982903026e-03
8941	1.1981717870e-03	1.1981726622e-03
8942	1.1980559269e-03	1.1980551632e-03
8943	1.1979369880e-03	1.1979374879e-03
8944	1.1978201761e-03	1.1978198793e-03
8945	1.1977023405e-03	1.1977022190e-03
8946	1.1975842488e-03	1.1975844777e-03
8947	1.1974674178e-03	1.1974668102e-03
8948	1.1973484802e-03	1.1973489868e-03
8949	1.1972318935e-03	1.1972312352e-03
8950	1.1971130468e-03	1.1971133858e-03
8951	1.1969958546e-03	1.1969955118e-03
8952	1.1968776546e-03	1.1968776426e-03
8953	1.1967595783e-03	1.1967596555e-03
8954	1.1966420740e-03	1.1966417288e-03
8955	1.1965232939e-03	1.1965236738e-03
8956	1.1964060558e-03	1.1964056385e-03
8957	1.1962871447e-03	1.1962875417e-03
8958	1.1961696339e-03	1.1961693841e-03
8959	1.1960510102e-03	1.1960512366e-03
8960	1.1959329428e-03	1.1959329724e-03
8961	1.1958147808e-03	1.1958147416e-03
8962	1.1956961296e-03	1.1956964032e-03
8963	1.1955782563e-03	1.1955780582e-03
8964	1.1954593005e-03	1.1954596569e-03
8965	1.1953414074e-03	1.1953411921e-03
8966	1.1952224270e-03	1.1952227180e-03
8967	1.1951042554e-03	1.1951041447e-03
8968	1.1949854719e-03	1.1949855744e-03
8969	1.1948668728e-03	1.1948669125e-03
8970	1.1947483003e-03	1.1947482265e-03
8971	1.1946293316e-03	1.1946294808e-03
8972	1.1945108631e-03	1.1945106746e-03
8973	1.1943916473e-03	1.1943918380e-03
8974	1.1942731199e-03	1.1942729169e-03
8975	1.1941538325e-03	1.1941539722e-03
8976	1.1940350858e-03	1.1940349460e-03
8977	1.1939158245e-03	1.1939158783e-03
8978	1.1937967930e-03	1.1937967478e-03
8979	1.1936775936e-03	1.1936775509e-03
8980	1.1935582600e-03	1.1935583113e-03
8981	1.1934390887e-03	1.1934389859e-03
8982	1.1933195178e-03	1.1933196250e-03
8983	1.1932002962e-03	1.1932001753e-03
8984	1.1930805551e-03	1.1930806812e-03
8985	1.1929612146e-03	1.1929611076e-03
8986	1.1928413714e-03	1.1928414731e-03
8987	1.1927218392e-03	1.1927217738e-03
8988	1.1926019339e-03	1.1926019969e-03
8989	1.1924821851e-03	1.1924821646e-03
8990	1.1923622269e-03	1.1923622456e-03
8991	1.1922422505e-03	1.1922422710e-03
8992	1.1921222331e-03	1.1921222093e-03
8993	1.1920020313e-03	1.1920020854e-03
8994	1.1918819324e-03	1.1918818807e-03
8995	1.1917615410e-03	1.1917616025e-03
8996	1.1916413262e-03	1.1916412506e-03
8997	1.1915207489e-03	1.1915208164e-03
8998	1.1914003835e-03	1.1914003117e-03
8999	1.1912796451e-03	1.1912797192e-03
9000	1.1911591183e-03	1.1911590547e-03
9001	1.1910382356e-03	1.1910383022e-03
9002	1.1909175416e-03	1.1909174709e-03
9003	1.1907965216e-03	1.1907965556e-03
9004	1.1906756319e-03	1.1906755524e-03
9005	1.1905544567e-03	1.1905544706e-03
9006	1.1904333678e-03	1.1904332903e-03
9007	1.1903120342e-03	1.1903120377e-03
9008	1.1901907533e-03	1.1901906762e-03
9009	1.1900692718e-03	1.1900692494e-03
9010	1.1899478027e-03	1.1899477026e-03
9011	1.1898261479e-03	1.1898261003e-03
9012	1.1897044758e-03	1.1897043628e-03
9013	1.1895826430e-03	1.1895825845e-03
9014	1.1894607572e-03	1.1894606474e-03
9015	1.1893387661e-03	1.1893386998e-03
9016	1.1892166939e-03	1.1892165526e-03
9017	1.1890945352e-03	1.1890944492e-03
9018	1.1889722433e-03	1.1889720712e-03
9019	1.1888499069e-03	1.1888498376e-03
9020	1.1887274076e-03	1.1887271889e-03
9021	1.1886048797e-03	1.1886048717e-03
9022	1.1884821545e-03	1.1884818781e-03
9023	1.1883594511e-03	1.1883595620e-03
9024	1.1882365066e-03	1.1882360708e-03
9025	1.1881136379e-03	1.1881138970e-03
9026	1.1879904711e-03	1.1879895801e-03
9027	1.1878674612e-03	1.1878677569e-03
9028	1.1877440429e-03	1.1877418511e-03
9029	1.1876209078e-03	1.1876205265e-03
9030	1.1874972239e-03	1.1874911490e-03
9031	1.1873740160e-03	1.1873697321e-03
9032	1.1872500108e-03	1.1872327301e-03
9033	1.1871267989e-03	1.1871088314e-03
9034	1.1870023838e-03	1.1869619546e-03
9035	1.1868792716e-03	1.1868388424e-03
9036	1.1867542894e-03	1.1867038387e-03
9037	1.1866314978e-03	1.1865956506e-03
9038	1.1865057278e-03	1.1864862455e-03
9039	1.1863836028e-03	1.1863703361e-03
9040	1.1862564966e-03	1.1862596102e-03
9041	1.1861356480e-03	1.1861342930e-03
9042	1.1860063690e-03	1.1860276685e-03
9043	1.1858879711e-03	1.1859184397e-03
9044	1.1857549407e-03	1.1858059146e-03
9045	1.1856412449e-03	1.1856969882e-03
9046	1.1855015372e-03	1.1855770533e-03
9047	1.1853967152e-03	1.1854695936e-03
9048	1.1852449327e-03	1.1853592933e-03
9049	1.1851572610e-03	1.1852447646e-03
9050	1.1849835409e-03	1.1851343929e-03
9051	1.1849296824e-03	1.1850155693e-03
9052	1.1847164770e-03	1.1849043316e-03
9053	1.1847316956e-03	1.1847911717e-03
9054	1.1844509968e-03	1.1846728577e-03
9055	1.1846116156e-03	1.1845587993e-03
9056	1.1842308883e-03	1.1844385237e-03
9057	1.1846791529e-03	1.1843223648e-03
9058	1.1841699807e-03	1.1842050644e-03
9059	1.1849309480e-03	1.1840823280e-03
9060	1.1841202996e-03	1.1839635161e-03
9061	1.1844967256e-03	1.1838402316e-03
9062	1.1835214298e-03	1.1837182636e-03
9063	1.1834142567e-03	1.1835958614e-03
9064	1.1835092518e-03	1.1834685816e-03
9065	1.1832112246e-03	1.1833445666e-03
9066	1.1836175422e-03	1.1832169830e-03
9067	1.1828845179e-03	1.1830891846e-03
9068	1.1828193508e-03	1.1829613455e-03
9069	1.1827927390e-03	1.1828294899e-03
9070	1.1825274788e-03	1.1826994408e-03
9071	1.1827801209e-03	1.1825670185e-03
9072	1.1822298995e-03	1.1824330878e-03
9073	1.1821627512e-03	1.1822999888e-03
9074	1.1821602972e-03	1.1821624236e-03
9075	1.1818683221e-03	1.1820271723e-03
9076	1.1820139803e-03	1.1818883226e-03
9077	1.1816139933e-03	1.1817500777e-03
9078	1.1815119406e-03	1.1816093108e-03
9079	1.1815359529e-03	1.1814697362e-03
9080	1.1812382955e-03	1.1813262285e-03
9081	1.1812961682e-03	1.1811897479e-03
9082	1.1810051225e-03	1.1810446599e-03
9083	1.1808748469e-03	1.1809179530e-03
9084	1.1809058250e-03	1.1807793933e-03
9085	1.1806168380e-03	1.1806706636e-03
9086	1.1806093273e-03	1.1805444624e-03
9087	1.1804072070e-03	1.1804354766e-03
9088	1.1802565186e-03	1.1803042519e-03
9089	1.1802639234e-03	1.1801719249e-03
9090	1.1799975017e-03	1.1800472940e-03
9091	1.1799516020e-03	1.1799176231e-03
9092	1.1798035159e-03	1.1798048016e-03
9093	1.1796341559e-03	1.1796760601e-03
9094	1.1796167307e-03	1.1795479528e-03
9095	1.1793867701e-03	1.1794237357e-03
9096	1.1793126893e-03	1.1792951531e-03
9097	1.1791875861e-03	1.1791783624e-03
9098	1.1790133533e-03	1.1790502656e-03
9099	1.1789746389e-03	1.1789228381e-03
9100	1.1787714143e-03	1.1787998016e-03
9101	1.1786766655e-03	1.1786715681e-03
9102	1.1785653836e-03	1.1785516495e-03
9103	1.1783959067e-03	1.1784243063e-03
9104	1.1783357027e-03	1.1782967456e-03
9105	1.1781524675e-03	1.1781742122e-03
9106	1.1780477409e-03	1.1780463288e-03
9107	1.1779391667e-03	1.1779239975e-03
9108	1.1777735465e-03	1.1777970934e-03
9109	1.1776979214e-03	1.1776693353e-03
9110	1.1775312372e-03	1.1775466588e-03
9111	1.1774197147e-03	1.1774188884e-03
9112	1.1773074791e-03	1.1772946683e-03
9113	1.1771500269e-03	1.1771682778e-03
9114	1.1770639810e-03	1.1770406712e-03
9115	1.1769057426e-03	1.1769173252e-03
9116	1.1767898314e-03	1.1767895773e-03
9117	1.1766740769e-03	1.1766642322e-03
9118	1.1765241970e-03	1.1765381783e-03
9119	1.1764281489e-03	1.1764105758e-03
9120	1.1762761757e-03	1.1762863634e-03
9121	1.1761604279e-03	1.1761588767e-03
9122	1.1760398277e-03	1.1760329886e-03
9123	1.1758953649e-03	1.1759070249e-03
9124	1.1757923727e-03	1.1757795501e-03
9125	1.1756456680e-03	1.1756547199e-03
9126	1.1755296577e-03	1.1755274963e-03
9127	1.1754043562e-03	1.1754012665e-03
9128	1.1752665986e-03	1.1752753575e-03
9129	1.1751581839e-03	1.1751482087e-03
9130	1.1750146586e-03	1.1750230030e-03
9131	1.1748988406e-03	1.1748961066e-03
9132	1.1747706038e-03	1.1747698900e-03
9133	1.1746381291e-03	1.1746441223e-03
9134	1.1745239891e-03	1.1745173043e-03
9135	1.1743842344e-03	1.1743919328e-03
9136	1.1742690104e-03	1.1742654513e-03
9137	1.1741381122e-03	1.1741394192e-03
9138	1.1740101820e-03	1.1740138053e-03
9139	1.1738918446e-03	1.1738873874e-03
9140	1.1737560575e-03	1.1737621174e-03
9141	1.1736397775e-03	1.1736360521e-03
9142	1.1735074541e-03	1.1735102754e-03
9143	1.1733837495e-03	1.1733848824e-03
9144	1.1732613502e-03	1.1732588692e-03
9145	1.1731293417e-03	1.1731337497e-03
9146	1.1730116720e-03	1.1730080130e-03
9147	1.1728795723e-03	1.1728825545e-03
9148	1.1727582386e-03	1.1727573811e-03
9149	1.1726322486e-03	1.1726316904e-03
9150	1.1725043082e-03	1.1725067285e-03
9151	1.1723842068e-03	1.1723812477e-03
9152	1.1722531459e-03	1.1722560528e-03
9153	1.1721328858e-03	1.1721309883e-03
9154	1.1720048973e-03	1.1720055619e-03
9155	1.1718802269e-03	1.1718807290e-03
9156	1.1717570685e-03	1.1717554077e-03
9157	1.1716283990e-03	1.1716304014e-03
9158	1.1715076882e-03	1.1715053840e-03
9159	1.1713788250e-03	1.1713801580e-03
9160	1.1712562511e-03	1.1712553367e-03
9161	1.1711306510e-03	1.1711300915e-03
9162	1.1710046804e-03	1.1710051940e-03
9163	1.1708820630e-03	1.1708801525e-03
9164	1.1707540265e-03	1.1707550539e-03
9165	1.1706320793e-03	1.1706301918e-03
9166	1.1705048316e-03	1.1705050266e-03
9167	1.1703809232e-03	1.1703801631e-03
9168	1.1702561326e-03	1.1702550939e-03
9169	1.1701299212e-03	1.1701301044e-03
9170	1.1700068832e-03	1.1700052066e-03
9171	1.1698796117e-03	1.1698801394e-03
9172	1.1697566496e-03	1.1697553092e-03
9173	1.1696302152e-03	1.1696303023e-03
9174	1.1695058074e-03	1.1695054352e-03
9175	1.1693811148e-03	1.1693805643e-03
9176	1.1692552117e-03	1.1692556486e-03
9177	1.1691316840e-03	1.1691308985e-03
9178	1.1690051446e-03	1.1690060192e-03
9179	1.1688817372e-03	1.1688813003e-03
9180	1.1687558345e-03	1.1687565436e-03
9181	1.1686314571e-03	1.1686318260e-03
9182	1.1685068185e-03	1.1685072068e-03
9183	1.1683815301e-03	1.1683825203e-03
9184	1.1682578461e-03	1.1682579973e-03
9185	1.1681321661e-03	1.1681334123e-03
9186	1.1680087718e-03	1.1680089313e-03
9187	1.1678834084e-03	1.1678844898e-03
9188	1.1677595714e-03	1.1677600540e-03
9189	1.1676350773e-03	1.1676357442e-03
9190	1.1675107164e-03	1.1675113840e-03
9191	1.1673870118e-03	1.1673871649e-03
9192	1.1672622309e-03	1.1672629245e-03
9193	1.1671389385e-03	1.1671387614e-03
9194	1.1670141431e-03	1.1670146526e-03
9195	1.1668907627e-03	1.1668905488e-03
9196	1.1667663737e-03	1.1667665504e-03
9197	1.1666426890e-03	1.1666425220e-03
9198	1.1665187926e-03	1.1665185985e-03
9199	1.1663946967e-03	1.1663946660e-03
9200	1.1662712185e-03	1.1662707910e-03
9201	1.1661469057e-03	1.1661469540e-03
9202	1.1660235928e-03	1.1660231252e-03
9203	1.1658993205e-03	1.1658993633e-03
9204	1.1657759736e-03	1.1657755847e-03
9205	1.1656519037e-03	1.1656518707e-03
9206	1.1655283459e-03	1.1655281513e-03
9207	1.1654045963e-03	1.1654044618e-03
9208	1.1652808312e-03	1.1652807958e-03
9209	1.1651573328e-03	1.1651571275e-03
9210	1.1650334180e-03	1.1650335026e-03
9211	1.1649100795e-03	1.1649098592e-03
9212	1.1647861120e-03	1.1647862603e-03
9213	1.1646628049e-03	1.1646626475e-03
9214	1.1645389320e-03	1.1645390592e-03
9215	1.1644155794e-03	1.1644154784e-03
9216	1.1642918356e-03	1.1642919015e-03
9217	1.1641683772e-03	1.1641683518e-03
9218	1.1640447966e-03	1.1640447897e-03
9219	1.1639212257e-03	1.1639212639e-03
9220	1.1637977859e-03	1.1637977219e-03
9221	1.1636741517e-03	1.1636742108e-03
9222	1.1635508099e-03	1.1635506920e-03
9223	1.1634271253e-03	1.1634271933e-03
9224	1.1633038283e-03	1.1633036979e-03
9225	1.1631801474e-03	1.1631802093e-03
9226	1.1630568491e-03	1.1630567321e-03
9227	1.1629331943e-03	1.1629332547e-03
9228	1.1628098754e-03	1.1628097887e-03
9229	1.1626862637e-03	1.1626863236e-03
9230	1.1625628996e-03	1.1625628626e-03
9231	1.1624393469e-03	1.1624394099e-03
9232	1.1623159499e-03	1.1623159476e-03
9233	1.1621924487e-03	1.1621925066e-03
9234	1.1620690132e-03	1.1620690397e-03
9235	1.1619455605e-03	1.1619456091e-03
9236	1.1618220917e-03	1.1618221336e-03
9237	1.1616986736e-03	1.1616987119e-03
9238	1.1615751837e-03	1.1615752219e-03
9239	1.1614517963e-03	1.1614518093e-03
9240	1.1613282778e-03	1.1613282964e-03
9241	1.1612049051e-03	1.1612048993e-03
9242	1.1610813610e-03	1.1610813495e-03
9243	1.1609579973e-03	1.1609579806e-03
9244	1.1608344211e-03	1.1608343687e-03
9245	1.1607110679e-03	1.1607110529e-03
9246	1.1605874540e-03	1.1605873331e-03
9247	1.1604641056e-03	1.1604641148e-03
9248	1.1603404419e-03	1.1603402016e-03
9249	1.1602171094e-03	1.1602171536e-03
9250	1.1600933799e-03	1.1600928734e-03
9251	1.1599700720e-03	1.1599701011e-03
9252	1.1598462555e-03	1.1598450753e-03
9253	1.1597229934e-03	1.1597226678e-03
9254	1.1595990671e-03	1.1595959946e-03
9255	1.1594759040e-03	1.1594737450e-03
9256	1.1593518176e-03	1.1593431677e-03
9257	1.1592287959e-03	1.1592196029e-03
9258	1.1591044764e-03	1.1590802368e-03
9259	1.1589816912e-03	1.1589518419e-03
9260	1.1588570021e-03	1.1588014881e-03
9261	1.1587346099e-03	1.1586738958e-03
9262	1.1586093694e-03	1.1585386042e-03
9263	1.1584876228e-03	1.1584343922e-03
9264	1.1583614856e-03	1.1583320112e-03
9265	1.1582408261e-03	1.1582260815e-03
9266	1.1581132223e-03	1.1581205594e-03
9267	1.1579943935e-03	1.1579994239e-03
9268	1.1578643426e-03	1.1578970413e-03
9269	1.1577486908e-03	1.1577935348e-03
9270	1.1576144749e-03	1.1576929024e-03
9271	1.1575044294e-03	1.1575915289e-03
9272	1.1573630492e-03	1.1574776920e-03
9273	1.1572631315e-03	1.1573754680e-03
9274	1.1571092909e-03	1.1572701536e-03
9275	1.1570282049e-03	1.1571670463e-03
9276	1.1568528276e-03	1.1570634458e-03
9277	1.1568080821e-03	1.1569500225e-03
9278	1.1565967095e-03	1.1568443396e-03
9279	1.1566254133e-03	1.1567352751e-03
9280	1.1563596277e-03	1.1566267117e-03
9281	1.1565422033e-03	1.1565177802e-03
9282	1.1562126967e-03	1.1564011633e-03
9283	1.1566945524e-03	1.1562899859e-03
9284	1.1562967202e-03	1.1561753010e-03
9285	1.1570723140e-03	1.1560598398e-03
9286	1.1563529098e-03	1.1559441506e-03
9287	1.1566418272e-03	1.1558223651e-03
9288	1.1555549064e-03	1.1557039942e-03
9289	1.1553557351e-03	1.1555823212e-03
9290	1.1553415750e-03	1.1554593177e-03
9291	1.1552008650e-03	1.1553361843e-03
9292	1.1556565902e-03	1.1552077759e-03
9293	1.1549411922e-03	1.1550816054e-03
9294	1.1548425140e-03	1.1549521728e-03
9295	1.1545973403e-03	1.1548214828e-03
9296	1.1544612427e-03	1.1546899224e-03
9297	1.1547617860e-03	1.1545544188e-03
9298	1.1542466933e-03	1.1544195611e-03
9299	1.1541976300e-03	1.1542824534e-03
9300	1.1539648733e-03	1.1541428994e-03
9301	1.1538089673e-03	1.1540037966e-03
9302	1.1539966192e-03	1.1538594292e-03
9303	1.1535890502e-03	1.1537178293e-03
9304	1.1535376766e-03	1.1535707911e-03
9305	1.1533544601e-03	1.1534270676e-03
9306	1.1531913082e-03	1.1532782727e-03
9307	1.1532930874e-03	1.1531359673e-03
9308	1.1529501204e-03	1.1529885025e-03
9309	1.1528938031e-03	1.1528583748e-03
9310	1.1527504600e-03	1.1527221897e-03
9311	1.1525794984e-03	1.1526162927e-03
9312	1.1526209121e-03	1.1524963642e-03
9313	1.1523362268e-03	1.1523940631e-03
9314	1.1522724131e-03	1.1522652395e-03
9315	1.1521418478e-03	1.1521346456e-03
9316	1.1519701009e-03	1.1520073463e-03
9317	1.1519729822e-03	1.1518792034e-03
9318	1.1517296597e-03	1.1517709557e-03
9319	1.1516539023e-03	1.1516464434e-03
9320	1.1515285959e-03	1.1515237441e-03
9321	1.1513668103e-03	1.1513974800e-03
9322	1.1513387378e-03	1.1512703411e-03
9323	1.1511227344e-03	1.1511572559e-03
9324	1.1510414693e-03	1.1510330954e-03
9325	1.1509155816e-03	1.1509119845e-03
9326	1.1507614506e-03	1.1507874813e-03
9327	1.1507094547e-03	1.1506617680e-03
9328	1.1505178155e-03	1.1505460491e-03
9329	1.1504337040e-03	1.1504221120e-03
9330	1.1503014619e-03	1.1503008491e-03
9331	1.1501570292e-03	1.1501775104e-03
9332	1.1500879525e-03	1.1500529858e-03
9333	1.1499125668e-03	1.1499354358e-03
9334	1.1498240215e-03	1.1498115009e-03
9335	1.1496870053e-03	1.1496897984e-03
9336	1.1495536232e-03	1.1495671524e-03
9337	1.1494680948e-03	1.1494432142e-03
9338	1.1493049997e-03	1.1493241396e-03
9339	1.1492148734e-03	1.1492004459e-03
9340	1.1490744348e-03	1.1490785299e-03
9341	1.1489487516e-03	1.1489561373e-03
9342	1.1488484745e-03	1.1488324353e-03
9343	1.1486971525e-03	1.1487122747e-03
9344	1.1486034445e-03	1.1485887692e-03
9345	1.1484599795e-03	1.1484664999e-03
9346	1.1483419024e-03	1.1483440420e-03
9347	1.1482299947e-03	1.1482204655e-03
9348	1.1480881803e-03	1.1480994854e-03
9349	1.1479884187e-03	1.1479759643e-03
9350	1.1478453627e-03	1.1478534013e-03
9351	1.1477329778e-03	1.1477307617e-03
9352	1.1476103343e-03	1.1476070900e-03
9353	1.1474774201e-03	1.1474853752e-03
9354	1.1473712569e-03	1.1473617410e-03
9355	1.1472310842e-03	1.1472389765e-03
9356	1.1471208901e-03	1.1471160181e-03
9357	1.1469910958e-03	1.1469922085e-03
9358	1.1468665142e-03	1.1468699570e-03
9359	1.1467519939e-03	1.1467461376e-03
9360	1.1466162771e-03	1.1466231492e-03
9361	1.1465056327e-03	1.1464997910e-03
9362	1.1463725006e-03	1.1463758888e-03
9363	1.1462535338e-03	1.1462531227e-03
9364	1.1461310889e-03	1.1461290464e-03
9365	1.1460017378e-03	1.1460058689e-03
9366	1.1458872372e-03	1.1458821365e-03
9367	1.1457539278e-03	1.1457581674e-03
9368	1.1456377251e-03	1.1456348738e-03
9369	1.1455097462e-03	1.1455105936e-03
9370	1.1453860674e-03	1.1453871680e-03
9371	1.1452656391e-03	1.1452630319e-03
9372	1.1451357043e-03	1.1451389735e-03
9373	1.1450187399e-03	1.1450151763e-03
9374	1.1448882541e-03	1.1448907316e-03
9375	1.1447682400e-03	1.1447669379e-03
9376	1.1446424768e-03	1.1446424496e-03
9377	1.1445169878e-03	1.1445182381e-03
9378	1.1443960395e-03	1.1443939362e-03
9379	1.1442668730e-03	1.1442693003e-03
9380	1.1441474384e-03	1.1441450729e-03
9381	1.1440186776e-03	1.1440202911e-03
9382	1.1438965954e-03	1.1438958187e-03
9383	1.1437711978e-03	1.1437710778e-03
9384	1.1436453497e-03	1.1436462412e-03
9385	1.1435230781e-03	1.1435215714e-03
9386	1.1433947775e-03	1.1433964989e-03
9387	1.1432734074e-03	1.1432716997e-03
9388	1.1431453658e-03	1.1431465791e-03
9389	1.1430222282e-03	1.1430214959e-03
9390	1.1428963074e-03	1.1428963945e-03
9391	1.1427706222e-03	1.1427710463e-03
9392	1.1426468495e-03	1.1426458972e-03
9393	1.1425192404e-03	1.1425204111e-03
9394	1.1423963215e-03	1.1423950579e-03
9395	1.1422685004e-03	1.1422695396e-03
9396	1.1421447195e-03	1.1421439321e-03
9397	1.1420180006e-03	1.1420183847e-03
9398	1.1418925906e-03	1.1418925734e-03
9399	1.1417673316e-03	1.1417669191e-03
9400	1.1416403322e-03	1.1416410011e-03
9401	1.1415159842e-03	1.1415151412e-03
9402	1.1413883209e-03	1.1413891701e-03
9403	1.1412638615e-03	1.1412630913e-03
9404	1.1411364404e-03	1.1411370531e-03
9405	1.1410111580e-03	1.1410107988e-03
9406	1.1408845396e-03	1.1408846360e-03
9407	1.1407580933e-03	1.1407582730e-03
9408	1.1406322791e-03	1.1406319276e-03
9409	1.1405049707e-03	1.1405054843e-03
9410	1.1403795231e-03	1.1403789520e-03
9411	1.1402518214e-03	1.1402524180e-03
9412	1.1401262463e-03	1.1401257269e-03
9413	1.1399986624e-03	1.1399990649e-03
9414	1.1398725087e-03	1.1398722573e-03
9415	1.1397453245e-03	1.1397454319e-03
9416	1.1396184840e-03	1.1396185252e-03
9417	1.1394917080e-03	1.1394915323e-03
9418	1.1393642331e-03	1.1393645226e-03
9419	1.1392377182e-03	1.1392373772e-03
9420	1.1391098590e-03	1.1391102407e-03
9421	1.1389833249e-03	1.1389829696e-03
9422	1.1388553286e-03	1.1388556830e-03
9423	1.1387285732e-03	1.1387283002e-03
9424	1.1386006228e-03	1.1386008563e-03
9425	1.1384734779e-03	1.1384733645e-03
9426	1.1383456835e-03	1.1383457676e-03
9427	1.1382181248e-03	1.1382181540e-03
9428	1.1380904678e-03	1.1380904193e-03
9429	1.1379625241e-03	1.1379626689e-03
9430	1.1378349587e-03	1.1378348072e-03
9431	1.1377067064e-03	1.1377069105e-03
9432	1.1375791234e-03	1.1375789285e-03
9433	1.1374506625e-03	1.1374508828e-03
9434	1.1373229850e-03	1.1373227764e-03
9435	1.1371943801e-03	1.1371945879e-03
9436	1.1370665350e-03	1.1370663493e-03
9437	1.1369378547e-03	1.1369380253e-03
9438	1.1368098005e-03	1.1368096452e-03
9439	1.1366810612e-03	1.1366811939e-03
9440	1.1365527850e-03	1.1365526647e-03
9441	1.1364240005e-03	1.1364240901e-03
9442	1.1362954915e-03	1.1362954077e-03
9443	1.1361666525e-03	1.1361667121e-03
9444	1.1360379308e-03	1.1360378728e-03
9445	1.1359090252e-03	1.1359090580e-03
9446	1.1357800955e-03	1.1357800573e-03
9447	1.1356511134e-03	1.1356511282e-03
9448	1.1355219924e-03	1.1355219547e-03
9449	1.1353929156e-03	1.1353929239e-03
9450	1.1352636096e-03	1.1352635541e-03
9451	1.1351344375e-03	1.1351344459e-03
9452	1.1350049480e-03	1.1350048313e-03
9453	1.1348756728e-03	1.1348756890e-03
9454	1.1347460010e-03	1.1347457280e-03
9455	1.1346166321e-03	1.1346166139e-03
9456	1.1344867644e-03	1.1344860865e-03
9457	1.1343573129e-03	1.1343570550e-03
9458	1.1342272350e-03	1.1342254314e-03
9459	1.1340977233e-03	1.1340963614e-03
9460	1.1339674020e-03	1.1339622545e-03
9461	1.1338378729e-03	1.1338321819e-03
9462	1.1337072618e-03	1.1336918809e-03
9463	1.1335777736e-03	1.1335571481e-03
9464	1.1334467922e-03	1.1334029839e-03
9465	1.1333174484e-03	1.1332580681e-03
9466	1.1331859673e-03	1.1330920571e-03
9467	1.1330569314e-03	1.1329555636e-03
9468	1.1329247427e-03	1.1328249736e-03
9469	1.1327962908e-03	1.1327282278e-03
9470	1.1326630400e-03	1.1326337471e-03
9471	1.1325356408e-03	1.1325247339e-03
9472	1.1324007355e-03	1.1324158229e-03
9473	1.1322752057e-03	1.1322962662e-03
9474	1.1321376235e-03	1.1321999607e-03
9475	1.1320154061e-03	1.1321059710e-03
9476	1.1318733694e-03	1.1320062846e-03
9477	1.1317571285e-03	1.1319046288e-03
9478	1.1316075456e-03	1.1317921035e-03
9479	1.1315024238e-03	1.1316939437e-03
9480	1.1313399695e-03	1.1315951642e-03
9481	1.1312561765e-03	1.1314918265e-03
9482	1.1310724340e-03	1.1313874080e-03
9483	1.1310317505e-03	1.1312740447e-03
9484	1.1308159978e-03	1.1311693733e-03
9485	1.1308679457e-03	1.1310625791e-03
9486	1.1306166837e-03	1.1309511035e-03
9487	1.1308753539e-03	1.1308391800e-03
9488	1.1306209915e-03	1.1307198761e-03
9489	1.1312765739e-03	1.1306057046e-03
9490	1.1310160729e-03	1.1304887451e-03
9491	1.1318590629e-03	1.1303669724e-03
9492	1.1309962268e-03	1.1302448392e-03
9493	1.1308513757e-03	1.1301166082e-03
9494	1.1296442005e-03	1.1299909503e-03
9495	1.1293884672e-03	1.1298622927e-03
9496	1.1297362986e-03	1.1297289724e-03
9497	1.1296346481e-03	1.1295953896e-03
9498	1.1299386899e-03	1.1294563249e-03
9499	1.1290565513e-03	1.1293183006e-03
9500	1.1287961100e-03	1.1291769806e-03
9501	1.1288078326e-03	1.1290317716e-03
9502	1.1287091876e-03	1.1288854783e-03
9503	1.1289495153e-03	1.1287347084e-03
9504	1.1283182681e-03	1.1285832260e-03
9505	1.1281399553e-03	1.1284294715e-03
9506	1.1280992644e-03	1.1282710066e-03
9507	1.1279459641e-03	1.1281127370e-03
9508	1.1280826148e-03	1.1279484226e-03
9509	1.1276113048e-03	1.1277860850e-03
9510	1.1274725475e-03	1.1276182661e-03
9511	1.1274270202e-03	1.1274528488e-03
9512	1.1272410102e-03	1.1272829127e-03
9513	1.1273016206e-03	1.1271217209e-03
9514	1.1269331320e-03	1.1269578805e-03
9515	1.1268086939e-03	1.1268183269e-03
9516	1.1267633438e-03	1.1266782940e-03
9517	1.1265660829e-03	1.1265740936e-03
9518	1.1265721881e-03	1.1264545226e-03
9519	1.1262774307e-03	1.1263412216e-03
9520	1.1261603730e-03	1.1261983007e-03
9521	1.1261031047e-03	1.1260508651e-03
9522	1.1259022311e-03	1.1259182223e-03
9523	1.1258734018e-03	1.1257873204e-03
9524	1.1256311159e-03	1.1256733842e-03
9525	1.1255136949e-03	1.1255392074e-03
9526	1.1254382722e-03	1.1254013640e-03
9527	1.1252465157e-03	1.1252679494e-03
9528	1.1251974698e-03	1.1251354347e-03
9529	1.1249864809e-03	1.1250163016e-03
9530	1.1248662636e-03	1.1248833286e-03
9531	1.1247753874e-03	1.1247492191e-03
9532	1.1245969471e-03	1.1246178044e-03
9533	1.1245309168e-03	1.1244856405e-03
9534	1.1243392824e-03	1.1243627943e-03
9535	1.1242211441e-03	1.1242302281e-03
9536	1.1241164940e-03	1.1240976411e-03
9537	1.1239486771e-03	1.1239674229e-03
9538	1.1238692673e-03	1.1238356217e-03
9539	1.1236917370e-03	1.1237102397e-03
9540	1.1235755365e-03	1.1235778878e-03
9541	1.1234568166e-03	1.1234458344e-03
9542	1.1232997047e-03	1.1233160400e-03
9543	1.1232106377e-03	1.1231844572e-03
9544	1.1230426196e-03	1.1230572211e-03
9545	1.1229278449e-03	1.1229251336e-03
9546	1.1227988003e-03	1.1227934768e-03
9547	1.1226519568e-03	1.1226637171e-03
9548	1.1225519785e-03	1.1225321059e-03
9549	1.1223906091e-03	1.1224035031e-03
9550	1.1222777532e-03	1.1222716598e-03
9551	1.1221410756e-03	1.1221401218e-03
9552	1.1220021503e-03	1.1220099935e-03
9553	1.1218916922e-03	1.1218782321e-03
9554	1.1217377549e-03	1.1217487312e-03
9555	1.1216252526e-03	1.1216169856e-03
9556	1.1214826255e-03	1.1214853507e-03
9557	1.1213506546e-03	1.1213547794e-03
9558	1.1212308931e-03	1.1212228576e-03
9559	1.1210839197e-03	1.1210926701e-03
9560	1.1209691329e-03	1.1209608166e-03
9561	1.1208242859e-03	1.1208290794e-03
9562	1.1206982079e-03	1.1206981149e-03
9563	1.1205695499e-03	1.1205659866e-03
9564	1.1204290730e-03	1.1204352698e-03
9565	1.1203102229e-03	1.1203032435e-03
9566	1.1201661148e-03	1.1201714175e-03
9567	1.1200429040e-03	1.1200399971e-03
9568	1.1199073823e-03	1.1199076412e-03
9569	1.1197734663e-03	1.1197765042e-03
9570	1.1196488564e-03	1.1196442419e-03
9571	1.1195076083e-03	1.1195123164e-03
9572	1.1193846288e-03	1.1193804637e-03
9573	1.1192456808e-03	1.1192479797e-03
9574	1.1191165477e-03	1.1191164346e-03
9575	1.1189854687e-03	1.1189838936e-03
9576	1.1188487721e-03	1.1188518438e-03
9577	1.1187232888e-03	1.1187195750e-03
9578	1.1185840124e-03	1.1185869749e-03
9579	1.1184570971e-03	1.1184549718e-03
9580	1.1183214172e-03	1.1183221967e-03
9581	1.1181892690e-03	1.1181899588e-03
9582	1.1180591044e-03	1.1180572927e-03
9583	1.1179222038e-03	1.1179245650e-03
9584	1.1177946551e-03	1.1177921064e-03
9585	1.1176572306e-03	1.1176591339e-03
9586	1.1175277955e-03	1.1175266021e-03
9587	1.1173933601e-03	1.1173936064e-03
9588	1.1172600917e-03	1.1172607295e-03
9589	1.1171293056e-03	1.1171278557e-03
9590	1.1169930103e-03	1.1169946899e-03
9591	1.1168635736e-03	1.1168618188e-03
9592	1.1167271785e-03	1.1167285523e-03
9593	1.1165963184e-03	1.1165954611e-03
9594	1.1164619378e-03	1.1164622150e-03
9595	1.1163284261e-03	1.1163288480e-03
9596	1.1161965246e-03	1.1161956319e-03
9597	1.1160609163e-03	1.1160621045e-03
9598	1.1159299973e-03	1.1159287649e-03
9599	1.1157940871e-03	1.1157951947e-03
9600	1.1156624251e-03	1.1156616296e-03
9601	1.1155276356e-03	1.1155280654e-03
9602	1.1153942257e-03	1.1153942968e-03
9603	1.1152611040e-03	1.1152606847e-03
9604	1.1151261037e-03	1.1151268120e-03
9605	1.1149938947e-03	1.1149930427e-03
9606	1.1148582562e-03	1.1148591342e-03
9607	1.1147259373e-03	1.1147251684e-03
9608	1.1145906638e-03	1.1145912350e-03
9609	1.1144573634e-03	1.1144571066e-03
9610	1.1143230709e-03	1.1143230902e-03
9611	1.1141886086e-03	1.1141888703e-03
9612	1.1140551388e-03	1.1140547065e-03
9613	1.1139198442e-03	1.1139204345e-03
9614	1.1137867198e-03	1.1137861047e-03
9615	1.1136511989e-03	1.1136517812e-03
9616	1.1135177647e-03	1.1135173119e-03
9617	1.1133825552e-03	1.1133828943e-03
9618	1.1132484634e-03	1.1132483287e-03
9619	1.1131137754e-03	1.1131137784e-03
9620	1.1129789376e-03	1.1129791398e-03
9621	1.1128447252e-03	1.1128444438e-03
9622	1.1127093508e-03	1.1127097328e-03
9623	1.1125752978e-03	1.1125749095e-03
9624	1.1124396891e-03	1.1124401006e-03
9625	1.1123055135e-03	1.1123051760e-03
9626	1.1121699516e-03	1.1121702450e-03
9627	1.1120354022e-03	1.1120352358e-03
9628	1.1119000634e-03	1.1119001707e-03
9629	1.1117650663e-03	1.1117650798e-03
9630	1.1116299543e-03	1.1116298893e-03
9631	1.1114945299e-03	1.1114947023e-03
9632	1.1113595851e-03	1.1113594002e-03
9633	1.1112238523e-03	1.1112241007e-03
9634	1.1110889245e-03	1.1110886995e-03
9635	1.1109530151e-03	1.1109532749e-03
9636	1.1108179849e-03	1.1108177789e-03
9637	1.1106820085e-03	1.1106822295e-03
9638	1.1105467733e-03	1.1105466333e-03
9639	1.1104108146e-03	1.1104109646e-03
9640	1.1102753306e-03	1.1102752582e-03
9641	1.1101394029e-03	1.1101394796e-03
9642	1.1100036527e-03	1.1100036519e-03
9643	1.1098677641e-03	1.1098677683e-03
9644	1.1097317716e-03	1.1097318099e-03
9645	1.1095958882e-03	1.1095958235e-03
9646	1.1094596825e-03	1.1094597329e-03
9647	1.1093237698e-03	1.1093236428e-03
9648	1.1091873715e-03	1.1091874165e-03
9649	1.1090513894e-03	1.1090512198e-03
9650	1.1089148328e-03	1.1089148552e-03
9651	1.1087787600e-03	1.1087785524e-03
9652	1.1086420554e-03	1.1086420423e-03
9653	1.1085058742e-03	1.1085056435e-03
9654	1.1083690365e-03	1.1083689730e-03
9655	1.1082327421e-03	1.1082324957e-03
9656	1.1080957696e-03	1.1080956322e-03
9657	1.1079593682e-03	1.1079591065e-03
9658	1.1078222567e-03	1.1078219823e-03
9659	1.1076857550e-03	1.1076854465e-03
9660	1.1075484912e-03	1.1075479195e-03
9661	1.1074119124e-03	1.1074114014e-03
9662	1.1072744754e-03	1.1072731384e-03
9663	1.1071378407e-03	1.1071365504e-03
9664	1.1070001996e-03	1.1069967008e-03
9665	1.1068635481e-03	1.1068594375e-03
9666	1.1067256528e-03	1.1067156906e-03
9667	1.1065890373e-03	1.1065753389e-03
9668	1.1064508668e-03	1.1064217647e-03
9669	1.1063144409e-03	1.1062718275e-03
9670	1.1061758320e-03	1.1060993492e-03
9671	1.1060396365e-03	1.1059373659e-03
9672	1.1059005098e-03	1.1057631682e-03
9673	1.1057648826e-03	1.1056298566e-03
9674	1.1056249230e-03	1.1055154810e-03
9675	1.1054901757e-03	1.1054275829e-03
9676	1.1053490134e-03	1.1053359458e-03
9677	1.1052157277e-03	1.1052214076e-03
9678	1.1050725431e-03	1.1051106115e-03
9679	1.1049417643e-03	1.1049980541e-03
9680	1.1047954107e-03	1.1049094247e-03
9681	1.1046689321e-03	1.1048221330e-03
9682	1.1045173639e-03	1.1047225929e-03
9683	1.1043986226e-03	1.1046209126e-03
9684	1.1042385518e-03	1.1045118195e-03
9685	1.1041340180e-03	1.1044175643e-03
9686	1.1039604169e-03	1.1043229529e-03
9687	1.1038836209e-03	1.1042203279e-03
9688	1.1036903145e-03	1.1041153766e-03
9689	1.1036712903e-03	1.1040026529e-03
9690	1.1034568667e-03	1.1038984343e-03
9691	1.1035666670e-03	1.1037921148e-03
9692	1.1033565510e-03	1.1036794670e-03
9693	1.1037531375e-03	1.1035648628e-03
9694	1.1036263358e-03	1.1034429032e-03
9695	1.1044782929e-03	1.1033254768e-03
9696	1.1042900689e-03	1.1032049165e-03
9697	1.1049288403e-03	1.1030789970e-03
9698	1.1037219928e-03	1.1029510055e-03
9699	1.1030950647e-03	1.1028163107e-03
9700	1.1020718200e-03	1.1026835339e-03
9701	1.1019902327e-03	1.1025472233e-03
9702	1.1026401985e-03	1.1024060730e-03
9703	1.1024527944e-03	1.1022628440e-03
9704	1.1024549820e-03	1.1021132418e-03
9705	1.1015143514e-03	1.1019641605e-03
9706	1.1012471119e-03	1.1018108371e-03
9707	1.1014609935e-03	1.1016536603e-03
9708	1.1013691874e-03	1.1014935500e-03
9709	1.1014810135e-03	1.1013282004e-03
9710	1.1008066945e-03	1.1011613498e-03
9711	1.1005845348e-03	1.1009913133e-03
9712	1.1006319647e-03	1.1008165232e-03
9713	1.1005031645e-03	1.1006407074e-03
9714	1.1005796378e-03	1.1004579150e-03
9715	1.1000865311e-03	1.1002772764e-03
9716	1.0999148122e-03	1.1000904445e-03
9717	1.0998925050e-03	1.0999084467e-03
9718	1.0997309964e-03	1.0997225099e-03
9719	1.0997639547e-03	1.0995501681e-03
9720	1.0993867615e-03	1.0993805007e-03
9721	1.0992422930e-03	1.0992431858e-03
9722	1.0991818707e-03	1.0991119280e-03
9723	1.0990101627e-03	1.0990132027e-03
9724	1.0990077676e-03	1.0988911808e-03
9725	1.0987039687e-03	1.0987606625e-03
9726	1.0985738210e-03	1.0986043436e-03
9727	1.0984862569e-03	1.0984491233e-03
9728	1.0983133882e-03	1.0983182497e-03
9729	1.0982820059e-03	1.0981889325e-03
9730	1.0980267918e-03	1.0980682640e-03
9731	1.0979065397e-03	1.0979253226e-03
9732	1.0977966517e-03	1.0977787354e-03
9733	1.0976288839e-03	1.0976423420e-03
9734	1.0975769512e-03	1.0975085377e-03
9735	1.0973553891e-03	1.0973846307e-03
9736	1.0972404385e-03	1.0972458230e-03
9737	1.0971113227e-03	1.0971048122e-03
9738	1.0969526541e-03	1.0969688510e-03
9739	1.0968834963e-03	1.0968339281e-03
9740	1.0966846083e-03	1.0967065972e-03
9741	1.0965734767e-03	1.0965693398e-03
9742	1.0964308258e-03	1.0964312155e-03
9743	1.0962818034e-03	1.0962960498e-03
9744	1.0961950634e-03	1.0961607432e-03
9745	1.0960128796e-03	1.0960309697e-03
9746	1.0959052619e-03	1.0958945671e-03
9747	1.0957533905e-03	1.0957578925e-03
9748	1.0956127444e-03	1.0956231275e-03
9749	1.0955094372e-03	1.0954877195e-03
9750	1.0953419150e-03	1.0953563870e-03
9751	1.0952354282e-03	1.0952205615e-03
9752	1.0950781126e-03	1.0950847109e-03
9753	1.0949451788e-03	1.0949501478e-03
9754	1.0948264316e-03	1.0948146847e-03
9755	1.0946705981e-03	1.0946822718e-03
9756	1.0945612301e-03	1.0945467143e-03
9757	1.0944034281e-03	1.0944113225e-03
9758	1.0942775399e-03	1.0942767308e-03
9759	1.0941453343e-03	1.0941411606e-03
9760	1.0939994089e-03	1.0940080444e-03
9761	1.0938840538e-03	1.0938726294e-03
9762	1.0937298525e-03	1.0937375552e-03
9763	1.0936080990e-03	1.0936027851e-03
9764	1.0934661018e-03	1.0934671477e-03
9765	1.0933289761e-03	1.0933335419e-03
9766	1.0932049361e-03	1.0931981284e-03
9767	1.0930565586e-03	1.0930632834e-03
9768	1.0929352867e-03	1.0929282988e-03
9769	1.0927890142e-03	1.0927927034e-03
9770	1.0926586590e-03	1.0926586519e-03
9771	1.0925251082e-03	1.0925231480e-03
9772	1.0923836800e-03	1.0923884507e-03
9773	1.0922589618e-03	1.0922532419e-03
9774	1.0921133672e-03	1.0921177485e-03
9775	1.0919865120e-03	1.0919832421e-03
9776	1.0918462445e-03	1.0918476860e-03
9777	1.0917115755e-03	1.0917130242e-03
9778	1.0915803798e-03	1.0915776267e-03
9779	1.0914387902e-03	1.0914422687e-03
9780	1.0913113381e-03	1.0913073465e-03
9781	1.0911689246e-03	1.0911717747e-03
9782	1.0910385502e-03	1.0910369607e-03
9783	1.0909010281e-03	1.0909014174e-03
9784	1.0907648397e-03	1.0907661391e-03
9785	1.0906331998e-03	1.0906308660e-03
9786	1.0904928147e-03	1.0904952726e-03
9787	1.0903629384e-03	1.0903601954e-03
9788	1.0902225929e-03	1.0902245548e-03
9789	1.0900904142e-03	1.0900892544e-03
9790	1.0899536135e-03	1.0899537183e-03
9791	1.0898173524e-03	1.0898180884e-03
9792	1.0896843931e-03	1.0896827285e-03
9793	1.0895453163e-03	1.0895469772e-03
9794	1.0894136343e-03	1.0894115649e-03
9795	1.0892743876e-03	1.0892758324e-03
9796	1.0891413360e-03	1.0891401679e-03
9797	1.0890042874e-03	1.0890045453e-03
9798	1.0888684980e-03	1.0888686849e-03
9799	1.0887340254e-03	1.0887331084e-03
9800	1.0885960871e-03	1.0885972010e-03
9801	1.0884629423e-03	1.0884614935e-03
9802	1.0883243885e-03	1.0883256287e-03
9803	1.0881908087e-03	1.0881897221e-03
9804	1.0880532874e-03	1.0880539323e-03
9805	1.0879181066e-03	1.0879179023e-03
9806	1.0877822330e-03	1.0877820974e-03
9807	1.0876453845e-03	1.0876460398e-03
9808	1.0875108466e-03	1.0875101123e-03
9809	1.0873730353e-03	1.0873740865e-03
9810	1.0872388244e-03	1.0872380124e-03
9811	1.0871010945e-03	1.0871020228e-03
9812	1.0869663158e-03	1.0869658597e-03
9813	1.0868293808e-03	1.0868298400e-03
9814	1.0866935582e-03	1.0866936472e-03
9815	1.0865576642e-03	1.0865575348e-03
9816	1.0864208655e-03	1.0864213526e-03
9817	1.0862856720e-03	1.0862851353e-03
9818	1.0861483179e-03	1.0861489612e-03
9819	1.0860133215e-03	1.0860126749e-03
9820	1.0858759355e-03	1.0858764696e-03
9821	1.0857406226e-03	1.0857401513e-03
9822	1.0856036213e-03	1.0856038745e-03
9823	1.0854677296e-03	1.0854675511e-03
9824	1.0853312558e-03	1.0853311909e-03
9825	1.0851947397e-03	1.0851948602e-03
9826	1.0850587490e-03	1.0850584334e-03
9827	1.0849217725e-03	1.0849220744e-03
9828	1.0847860331e-03	1.0847856051e-03
9829	1.0846488231e-03	1.0846491902e-03
9830	1.0845131054e-03	1.0845126983e-03
9831	1.0843758899e-03	1.0843762139e-03
9832	1.0842399866e-03	1.0842397024e-03
9833	1.0841029346e-03	1.0841031510e-03
9834	1.0839667489e-03	1.0839666120e-03
9835	1.0838299230e-03	1.0838300077e-03
9836	1.0836934155e-03	1.0836934248e-03
9837	1.0835568232e-03	1.0835567827e-03
9838	1.0834200414e-03	1.0834201439e-03
9839	1.0832836132e-03	1.0832834741e-03
9840	1.0831466071e-03	1.0831467746e-03
9841	1.0830102818e-03	1.0830100810e-03
9842	1.0828731352e-03	1.0828733251e-03
9843	1.0827368310e-03	1.0827366045e-03
9844	1.0825996036e-03	1.0825997985e-03
9845	1.0824632751e-03	1.0824630464e-03
9846	1.0823260109e-03	1.0823261960e-03
9847	1.0821896123e-03	1.0821894090e-03
9848	1.0820523427e-03	1.0820525144e-03
9849	1.0819158689e-03	1.0819156958e-03
9850	1.0817786001e-03	1.0817787499e-03
9851	1.0816420433e-03	1.0816419090e-03
9852	1.0815047806e-03	1.0815048955e-03
9853	1.0813681553e-03	1.0813680505e-03
9854	1.0812308834e-03	1.0812309376e-03
9855	1.0810942026e-03	1.0810941132e-03
9856	1.0809569126e-03	1.0809568397e-03
9857	1.0808201937e-03	1.0808200638e-03
9858	1.0806828599e-03	1.0806824999e-03
9859	1.0805461269e-03	1.0805457788e-03
9860	1.0804087314e-03	1.0804076199e-03
9861	1.0802720073e-03	1.0802708294e-03
9862	1.0801345153e-03	1.0801312750e-03
9863	1.0799978368e-03	1.0799937444e-03
9864	1.0798602100e-03	1.0798505401e-03
9865	1.0797236216e-03	1.0797096557e-03
9866	1.0795858020e-03	1.0795565574e-03
9867	1.0794493792e-03	1.0794045670e-03
9868	1.0793112791e-03	1.0792290476e-03
9869	1.0791751290e-03	1.0790569921e-03
9870	1.0790366129e-03	1.0788656475e-03
9871	1.0789009156e-03	1.0787128832e-03
9872	1.0787617642e-03	1.0785869335e-03
9873	1.0786268163e-03	1.0785102224e-03
9874	1.0784866806e-03	1.0784392935e-03
9875	1.0783529777e-03	1.0783453874e-03
9876	1.0782112593e-03	1.0782430598e-03
9877	1.0780796511e-03	1.0781335857e-03
9878	1.0779353590e-03	1.0780561003e-03
9879	1.0778073724e-03	1.0779872397e-03
9880	1.0776588705e-03	1.0779093454e-03
9881	1.0775373592e-03	1.0778221412e-03
9882	1.0773820215e-03	1.0777232559e-03
9883	1.0772725821e-03	1.0776424442e-03
9884	1.0771065708e-03	1.0775645676e-03
9885	1.0770210097e-03	1.0774797336e-03
9886	1.0768402925e-03	1.0773881457e-03
9887	1.0768056841e-03	1.0772864244e-03
9888	1.0766126973e-03	1.0771948288e-03
9889	1.0766960389e-03	1.0771021002e-03
9890	1.0765253098e-03	1.0770022084e-03
9891	1.0768903623e-03	1.0768975308e-03
9892	1.0768587706e-03	1.0767842620e-03
9893	1.0777669902e-03	1.0766761061e-03
9894	1.0778734928e-03	1.0765645791e-03
9895	1.0788679445e-03	1.0764459258e-03
9896	1.0779085932e-03	1.0763234071e-03
9897	1.0771909494e-03	1.0761933431e-03
9898	1.0754908187e-03	1.0760649703e-03
9899	1.0750797827e-03	1.0759322971e-03
9900	1.0756897959e-03	1.0757927026e-03
9901	1.0759080140e-03	1.0756497227e-03
9902	1.0761467077e-03	1.0754996027e-03
9903	1.0749842189e-03	1.0753492093e-03
9904	1.0744732413e-03	1.0751937403e-03
9905	1.0745426041e-03	1.0750321324e-03
9906	1.0746652106e-03	1.0748666043e-03
9907	1.0749277104e-03	1.0746948370e-03
9908	1.0741522781e-03	1.0745206391e-03
9909	1.0738033416e-03	1.0743421747e-03
9910	1.0737795683e-03	1.0741569170e-03
9911	1.0737700855e-03	1.0739694028e-03
9912	1.0739128955e-03	1.0737741836e-03
9913	1.0733496055e-03	1.0735794262e-03
9914	1.0731157135e-03	1.0733781845e-03
9915	1.0730852239e-03	1.0731787652e-03
9916	1.0729878959e-03	1.0729756300e-03
9917	1.0730384871e-03	1.0727838399e-03
9918	1.0726130673e-03	1.0725964989e-03
9919	1.0724404136e-03	1.0724429117e-03
9920	1.0724021479e-03	1.0723036450e-03
9921	1.0722583593e-03	1.0722101062e-03
9922	1.0722525761e-03	1.0721045828e-03
9923	1.0719216890e-03	1.0719929544e-03
9924	1.0717770978e-03	1.0718387902e-03
9925	1.0717222105e-03	1.0716753684e-03
9926	1.0715576506e-03	1.0715344354e-03
9927	1.0715173957e-03	1.0714065995e-03
9928	1.0712491215e-03	1.0712964952e-03
9929	1.0711170671e-03	1.0711598101e-03
9930	1.0710428292e-03	1.0710125634e-03
9931	1.0708740105e-03	1.0708712410e-03
9932	1.0708139747e-03	1.0707381040e-03
9933	1.0705876073e-03	1.0706204496e-03
9934	1.0704610141e-03	1.0704859992e-03
9935	1.0703671947e-03	1.0703458018e-03
9936	1.0702019060e-03	1.0702087198e-03
9937	1.0701289744e-03	1.0700756324e-03
9938	1.0699293020e-03	1.0699529304e-03
9939	1.0698053512e-03	1.0698185846e-03
9940	1.0696949616e-03	1.0696816656e-03
9941	1.0695369925e-03	1.0695475984e-03
9942	1.0694537205e-03	1.0694149561e-03
9943	1.0692710178e-03	1.0692890084e-03
9944	1.0691498240e-03	1.0691549102e-03
9945	1.0690265564e-03	1.0690198664e-03
9946	1.0688762898e-03	1.0688873975e-03
9947	1.0687831983e-03	1.0687550163e-03
9948	1.0686128868e-03	1.0686270423e-03
9949	1.0684951221e-03	1.0684934986e-03
9950	1.0683619535e-03	1.0683597039e-03
9951	1.0682185500e-03	1.0682279968e-03
9952	1.0681156760e-03	1.0680957387e-03
9953	1.0679550116e-03	1.0679664755e-03
9954	1.0678394708e-03	1.0678334519e-03
9955	1.0676989556e-03	1.0677004170e-03
9956	1.0675620496e-03	1.0675689537e-03
9957	1.0674497625e-03	1.0674367128e-03
9958	1.0672973430e-03	1.0673066617e-03
9959	1.0671824743e-03	1.0671740966e-03
9960	1.0670380069e-03	1.0670415842e-03
9961	1.0669070372e-03	1.0669101734e-03
9962	1.0667853334e-03	1.0667779463e-03
9963	1.0666399760e-03	1.0666474537e-03
9964	1.0665237153e-03	1.0665152112e-03
9965	1.0663784418e-03	1.0663830513e-03
9966	1.0662520874e-03	1.0662516010e-03
9967	1.0661220620e-03	1.0661194050e-03
9968	1.0659832836e-03	1.0659886656e-03
9969	1.0658634591e-03	1.0658565951e-03
9970	1.0657198918e-03	1.0657247043e-03
9971	1.0655962617e-03	1.0655931776e-03
9972	1.0654603743e-03	1.0654610349e-03
9973	1.0653274138e-03	1.0653301158e-03
9974	1.0652022110e-03	1.0651981234e-03
9975	1.0650622637e-03	1.0650664884e-03
9976	1.0649390802e-03	1.0649348940e-03
9977	1.0648005690e-03	1.0648028706e-03
9978	1.0646719377e-03	1.0646717998e-03
9979	1.0645410353e-03	1.0645398626e-03
9980	1.0644056338e-03	1.0644084334e-03
9981	1.0642802300e-03	1.0642767640e-03
9982	1.0641421510e-03	1.0641449061e-03
9983	1.0640157359e-03	1.0640136802e-03
9984	1.0638808913e-03	1.0638818185e-03
9985	1.0637497985e-03	1.0637505122e-03
9986	1.0636204084e-03	1.0636188090e-03
9987	1.0634850174e-03	1.0634871464e-03
9988	1.0633581692e-03	1.0633557780e-03
9989	1.0632221653e-03	1.0632240153e-03
9990	1.0630937516e-03	1.0630927312e-03
9991	1.0629606514e-03	1.0629610393e-03
9992	1.0628287508e-03	1.0628295280e-03
9993	1.0626992659e-03	1.0626980446e-03
9994	1.0625647352e-03	1.0625663785e-03
9995	1.0624365826e-03	1.0624350450e-03
9996	1.0623019934e-03	1.0623033858e-03
9997	1.0621726147e-03	1.0621719522e-03
9998	1.0620401193e-03	1.0620403985e-03
9999	1.0619083106e-03	1.0619088055e-03
10000	1.0617782296e-03	1.0617773895e-03
10001	1.0616446718e-03	1.0616457464e-03
10002	1.0615155804e-03	1.0615143280e-03
10003	1.0613818428e-03	1.0613827292e-03
10004	1.0612520282e-03	1.0612511907e-03
10005	1.0611195413e-03	1.0611196873e-03
10006	1.0609881059e-03	1.0609880545e-03
10007	1.0608572234e-03	1.0608566052e-03
10008	1.0607244378e-03	1.0607249633e-03
10009	1.0605944669e-03	1.0605934603e-03
10010	1.0604612264e-03	1.0604618686e-03
10011	1.0603310811e-03	1.0603302684e-03
10012	1.0601984179e-03	1.0601987428e-03
10013	1.0600673894e-03	1.0600670829e-03
10014	1.0599357537e-03	1.0599355693e-03
10015	1.0598036964e-03	1.0598039087e-03
10016	1.0596729074e-03	1.0596723417e-03
10017	1.0595402189e-03	1.0595407190e-03
10018	1.0594096943e-03	1.0594090815e-03
10019	1.0592770048e-03	1.0592774989e-03
10020	1.0591461998e-03	1.0591458215e-03
10021	1.0590139853e-03	1.0590142422e-03
10022	1.0588825631e-03	1.0588825651e-03
10023	1.0587509903e-03	1.0587509516e-03
10024	1.0586189953e-03	1.0586193010e-03
10025	1.0584879210e-03	1.0584876449e-03
10026	1.0583555918e-03	1.0583560221e-03
10027	1.0582246955e-03	1.0582243449e-03
10028	1.0580923532e-03	1.0580927306e-03
10029	1.0579613123e-03	1.0579610593e-03
10030	1.0578292073e-03	1.0578294304e-03
10031	1.0576978511e-03	1.0576977822e-03
10032	1.0575661051e-03	1.0575661309e-03
10033	1.0574343907e-03	1.0574345077e-03
10034	1.0573029648e-03	1.0573028443e-03
10035	1.0571709928e-03	1.0571712350e-03
10036	1.0570397771e-03	1.0570395751e-03
10037	1.0569076947e-03	1.0569079636e-03
10038	1.0567765378e-03	1.0567763204e-03
10039	1.0566444900e-03	1.0566446994e-03
10040	1.0565132608e-03	1.0565130787e-03
10041	1.0563813395e-03	1.0563814504e-03
10042	1.0562499465e-03	1.0562498481e-03
10043	1.0561181930e-03	1.0561182206e-03
10044	1.0559866502e-03	1.0559866274e-03
10045	1.0558550745e-03	1.0558550098e-03
10046	1.0557233637e-03	1.0557234179e-03
10047	1.0555919150e-03	1.0555918165e-03
10048	1.0554601178e-03	1.0554602221e-03
10049	1.0553287624e-03	1.0553286379e-03
10050	1.0551969027e-03	1.0551970433e-03
10051	1.0550655932e-03	1.0550654746e-03
10052	1.0549337421e-03	1.0549338846e-03
10053	1.0548024417e-03	1.0548023274e-03
10054	1.0546706065e-03	1.0546707470e-03
10055	1.0545392968e-03	1.0545391980e-03
10056	1.0544075127e-03	1.0544076299e-03
10057	1.0542761707e-03	1.0542760879e-03
10058	1.0541444254e-03	1.0541445324e-03
10059	1.0540130630e-03	1.0540129994e-03
10060	1.0538813749e-03	1.0538814537e-03
10061	1.0537499879e-03	1.0537499336e-03
10062	1.0536183402e-03	1.0536183930e-03
10063	1.0534869455e-03	1.0534868928e-03
10064	1.0533553357e-03	1.0533553503e-03
10065	1.0532239287e-03	1.0532238795e-03
10066	1.0530923448e-03	1.0530923240e-03
10067	1.0529609435e-03	1.0529608953e-03
10068	1.0528293734e-03	1.0528293054e-03
10069	1.0526979727e-03	1.0526979355e-03
10070	1.0525664121e-03	1.0525662694e-03
10071	1.0524350343e-03	1.0524349798e-03
10072	1.0523034745e-03	1.0523031413e-03
10073	1.0521721228e-03	1.0521719362e-03
10074	1.0520405577e-03	1.0520396844e-03
10075	1.0519092531e-03	1.0519084607e-03
10076	1.0517776692e-03	1.0517751200e-03
10077	1.0516464301e-03	1.0516432714e-03
10078	1.0515148123e-03	1.0515067750e-03
10079	1.0513836637e-03	1.0513717004e-03
10080	1.0512519694e-03	1.0512255556e-03
10081	1.0511209492e-03	1.0510780923e-03
10082	1.0509891335e-03	1.0509050468e-03
10083	1.0508583131e-03	1.0507260871e-03
10084	1.0507262895e-03	1.0505140094e-03
10085	1.0505957833e-03	1.0503313899e-03
10086	1.0504634157e-03	1.0501817986e-03
10087	1.0503334165e-03	1.0501168113e-03
10088	1.0502004639e-03	1.0500800245e-03
10089	1.0500713078e-03	1.0500209243e-03
10090	1.0499373585e-03	1.0499374434e-03
10091	1.0498096360e-03	1.0498410566e-03
10092	1.0496739750e-03	1.0497910453e-03
10093	1.0495487921e-03	1.0497597171e-03
10094	1.0494102030e-03	1.0497142686e-03
10095	1.0492896731e-03	1.0496516943e-03
10096	1.0491461336e-03	1.0495791290e-03
10097	1.0490345653e-03	1.0495341722e-03
10098	1.0488830536e-03	1.0494928691e-03
10099	1.0487898920e-03	1.0494333495e-03
10100	1.0486273052e-03	1.0493658661e-03
10101	1.0485754355e-03	1.0492945376e-03
10102	1.0484052043e-03	1.0492365293e-03
10103	1.0484560666e-03	1.0491728014e-03
10104	1.0483172598e-03	1.0490910092e-03
10105	1.0486433451e-03	1.0490082467e-03
10106	1.0486973524e-03	1.0489231196e-03
10107	1.0496945918e-03	1.0488395202e-03
10108	1.0501817439e-03	1.0487472279e-03
10109	1.0518016447e-03	1.0486406278e-03
10110	1.0514154087e-03	1.0485353016e-03
10111	1.0508046046e-03	1.0484259614e-03
10112	1.0481230919e-03	1.0483107687e-03
10113	1.0469966486e-03	1.0481878477e-03
10114	1.0475503969e-03	1.0480541620e-03
10115	1.0483235543e-03	1.0479204617e-03
10116	1.0488480753e-03	1.0477807018e-03
10117	1.0472693108e-03	1.0476321727e-03
10118	1.0464090379e-03	1.0474773828e-03
10119	1.0466207277e-03	1.0473140493e-03
10120	1.0470156304e-03	1.0471478086e-03
10121	1.0472479431e-03	1.0469748919e-03
10122	1.0461359968e-03	1.0467920858e-03
10123	1.0457070977e-03	1.0466046070e-03
10124	1.0460340638e-03	1.0464085656e-03
10125	1.0460704708e-03	1.0462088153e-03
10126	1.0459827131e-03	1.0460009862e-03
10127	1.0452530900e-03	1.0457864313e-03
10128	1.0451074126e-03	1.0455658246e-03
10129	1.0454202738e-03	1.0453435458e-03
10130	1.0451830953e-03	1.0451160189e-03
10131	1.0449704527e-03	1.0448974301e-03
10132	1.0445912607e-03	1.0446800325e-03
10133	1.0445396870e-03	1.0444989097e-03
10134	1.0447151944e-03	1.0443423085e-03
10135	1.0443662057e-03	1.0442517917e-03
10136	1.0441673545e-03	1.0441733725e-03
10137	1.0440185124e-03	1.0440977433e-03
10138	1.0439367931e-03	1.0439582640e-03
10139	1.0439739636e-03	1.0437891185e-03
10140	1.0436443499e-03	1.0436393741e-03
10141	1.0434910131e-03	1.0435205567e-03
10142	1.0434395047e-03	1.0434289276e-03
10143	1.0432994668e-03	1.0433024061e-03
10144	1.0432523040e-03	1.0431547877e-03
10145	1.0429933957e-03	1.0430168328e-03
10146	1.0428663248e-03	1.0428969098e-03
10147	1.0428328241e-03	1.0427919338e-03
10148	1.0426576773e-03	1.0426620607e-03
10149	1.0425720164e-03	1.0425228271e-03
10150	1.0423773752e-03	1.0423971743e-03
10151	1.0422544357e-03	1.0422787167e-03
10152	1.0422077014e-03	1.0421636813e-03
10153	1.0420244020e-03	1.0420326747e-03
10154	1.0419233210e-03	1.0419003752e-03
10155	1.0417703538e-03	1.0417817260e-03
10156	1.0416429103e-03	1.0416617372e-03
10157	1.0415778245e-03	1.0415400119e-03
10158	1.0414015453e-03	1.0414115061e-03
10159	1.0412943382e-03	1.0412847383e-03
10160	1.0411631198e-03	1.0411677348e-03
10161	1.0410307836e-03	1.0410454048e-03
10162	1.0409504639e-03	1.0409209062e-03
10163	1.0407861493e-03	1.0407960484e-03
10164	1.0406760814e-03	1.0406723482e-03
10165	1.0405540928e-03	1.0405541908e-03
10166	1.0404194984e-03	1.0404306605e-03
10167	1.0403283931e-03	1.0403060035e-03
10168	1.0401749678e-03	1.0401837875e-03
10169	1.0400626454e-03	1.0400611460e-03
10170	1.0399430064e-03	1.0399413004e-03
10171	1.0398088806e-03	1.0398177554e-03
10172	1.0397105579e-03	1.0396938559e-03
10173	1.0395654455e-03	1.0395729020e-03
10174	1.0394515171e-03	1.0394504999e-03
10175	1.0393315932e-03	1.0393295441e-03
10176	1.0391997100e-03	1.0392065678e-03
10177	1.0390961176e-03	1.0390834599e-03
10178	1.0389565976e-03	1.0389628465e-03
10179	1.0388416827e-03	1.0388405123e-03
10180	1.0387205126e-03	1.0387190276e-03
10181	1.0385913178e-03	1.0385966499e-03
10182	1.0384834862e-03	1.0384741054e-03
10183	1.0383480239e-03	1.0383534264e-03
10184	1.0382329132e-03	1.0382312086e-03
10185	1.0381102896e-03	1.0381095714e-03
10186	1.0379836026e-03	1.0379876441e-03
10187	1.0378721903e-03	1.0378654682e-03
10188	1.0377399516e-03	1.0377446222e-03
10189	1.0376248875e-03	1.0376225902e-03
10190	1.0375008699e-03	1.0375009969e-03
10191	1.0373765427e-03	1.0373793856e-03
10192	1.0372621700e-03	1.0372574861e-03
10193	1.0371326898e-03	1.0371365369e-03
10194	1.0370174740e-03	1.0370147394e-03
10195	1.0368924120e-03	1.0368932691e-03
10196	1.0367702678e-03	1.0367718686e-03
10197	1.0366532640e-03	1.0366501875e-03
10198	1.0365261438e-03	1.0365292117e-03
10199	1.0364104067e-03	1.0364076448e-03
10200	1.0362849472e-03	1.0362863223e-03
10201	1.0361647049e-03	1.0361650900e-03
10202	1.0360453565e-03	1.0360436181e-03
10203	1.0359204051e-03	1.0359226944e-03
10204	1.0358037637e-03	1.0358013404e-03
10205	1.0356785327e-03	1.0356801822e-03
10206	1.0355596108e-03	1.0355591015e-03
10207	1.0354383409e-03	1.0354378286e-03
10208	1.0353154870e-03	1.0353169941e-03
10209	1.0351976250e-03	1.0351958255e-03
10210	1.0350732234e-03	1.0350748476e-03
10211	1.0349549717e-03	1.0349539106e-03
10212	1.0348324960e-03	1.0348328317e-03
10213	1.0347115145e-03	1.0347121031e-03
10214	1.0345921740e-03	1.0345911034e-03
10215	1.0344690106e-03	1.0344703126e-03
10216	1.0343507047e-03	1.0343495079e-03
10217	1.0342278380e-03	1.0342286258e-03
10218	1.0341082196e-03	1.0341080113e-03
10219	1.0339874962e-03	1.0339871831e-03
10220	1.0338658262e-03	1.0338665780e-03
10221	1.0337468659e-03	1.0337459050e-03
10222	1.0336243905e-03	1.0336252311e-03
10223	1.0335054133e-03	1.0335047354e-03
10224	1.0333838177e-03	1.0333840899e-03
10225	1.0332635366e-03	1.0332636568e-03
10226	1.0331435790e-03	1.0331431271e-03
10227	1.0330220521e-03	1.0330226648e-03
10228	1.0329029652e-03	1.0329022916e-03
10229	1.0327812669e-03	1.0327818386e-03
10230	1.0326618741e-03	1.0326615581e-03
10231	1.0325410591e-03	1.0325411842e-03
10232	1.0324206732e-03	1.0324209138e-03
10233	1.0323009617e-03	1.0323006633e-03
10234	1.0321798683e-03	1.0321803972e-03
10235	1.0320606528e-03	1.0320602509e-03
10236	1.0319395922e-03	1.0319400394e-03
10237	1.0318200847e-03	1.0318199367e-03
10238	1.0316997160e-03	1.0316998188e-03
10239	1.0315795525e-03	1.0315797305e-03
10240	1.0314599300e-03	1.0314597128e-03
10241	1.0313393101e-03	1.0313396618e-03
10242	1.0312200448e-03	1.0312197074e-03
10243	1.0310994706e-03	1.0310997269e-03
10244	1.0309800372e-03	1.0309798026e-03
10245	1.0308599155e-03	1.0308599106e-03
10246	1.0307400627e-03	1.0307400157e-03
10247	1.0306204590e-03	1.0306201989e-03
10248	1.0305002561e-03	1.0305003580e-03
10249	1.0303809434e-03	1.0303805890e-03
10250	1.0302607054e-03	1.0302608224e-03
10251	1.0301413636e-03	1.0301410856e-03
10252	1.0300213724e-03	1.0300213976e-03
10253	1.0299018003e-03	1.0299017020e-03
10254	1.0297821861e-03	1.0297820771e-03
10255	1.0296623778e-03	1.0296624402e-03
10256	1.0295430506e-03	1.0295428607e-03
10257	1.0294231519e-03	1.0294232955e-03
10258	1.0293039324e-03	1.0293037547e-03
10259	1.0291841324e-03	1.0291842601e-03
10260	1.0290648459e-03	1.0290647664e-03
10261	1.0289452741e-03	1.0289453323e-03
10262	1.0288258565e-03	1.0288258985e-03
10263	1.0287065378e-03	1.0287065140e-03
10264	1.0285870201e-03	1.0285871488e-03
10265	1.0284678874e-03	1.0284678120e-03
10266	1.0283483706e-03	1.0283485151e-03
10267	1.0282293165e-03	1.0282292315e-03
10268	1.0281098970e-03	1.0281099975e-03
10269	1.0279908343e-03	1.0279907771e-03
10270	1.0278715819e-03	1.0278716010e-03
10271	1.0277524705e-03	1.0277524509e-03
10272	1.0276333913e-03	1.0276333329e-03
10273	1.0275142411e-03	1.0275142549e-03
10274	1.0273953079e-03	1.0273951988e-03
10275	1.0272761648e-03	1.0272761896e-03
10276	1.0271573266e-03	1.0271572011e-03
10277	1.0270382456e-03	1.0270382573e-03
10278	1.0269194565e-03	1.0269193408e-03
10279	1.0268004758e-03	1.0268004611e-03
10280	1.0266816992e-03	1.0266816192e-03
10281	1.0265628392e-03	1.0265628060e-03
10282	1.0264440704e-03	1.0264440387e-03
10283	1.0263253378e-03	1.0263252967e-03
10284	1.0262065897e-03	1.0262066032e-03
10285	1.0260879750e-03	1.0260879371e-03
10286	1.0259692688e-03	1.0259693170e-03
10287	1.0258507524e-03	1.0258507300e-03
10288	1.0257321089e-03	1.0257321845e-03
10289	1.0256136742e-03	1.0256136782e-03
10290	1.0254951181e-03	1.0254952100e-03
10291	1.0253767638e-03	1.0253767844e-03
10292	1.0252583179e-03	1.0252583968e-03
10293	1.0251400332e-03	1.0251400520e-03
10294	1.0250216940e-03	1.0250217481e-03
10295	1.0249034695e-03	1.0249034839e-03
10296	1.0247852319e-03	1.0247852663e-03
10297	1.0246670632e-03	1.0246670837e-03
10298	1.0245489277e-03	1.0245489544e-03
10299	1.0244308294e-03	1.0244308546e-03
10300	1.0243128013e-03	1.0243128159e-03
10301	1.0241947789e-03	1.0241948005e-03
10302	1.0240768552e-03	1.0240768547e-03
10303	1.0239589170e-03	1.0239589238e-03
10304	1.0238410970e-03	1.0238410737e-03
10305	1.0237232436e-03	1.0237232259e-03
10306	1.0236055249e-03	1.0236054762e-03
10307	1.0234877516e-03	1.0234877072e-03
10308	1.0233701275e-03	1.0233700651e-03
10309	1.0232524321e-03	1.0232523652e-03
10310	1.0231349037e-03	1.0231348419e-03
10311	1.0230172853e-03	1.0230171916e-03
10312	1.0228998564e-03	1.0228998023e-03
10313	1.0227823142e-03	1.0227821584e-03
10314	1.0226649928e-03	1.0226649180e-03
10315	1.0225475264e-03	1.0225471817e-03
10316	1.0224303275e-03	1.0224300815e-03
10317	1.0223129353e-03	1.0223120052e-03
10318	1.0221958737e-03	1.0221949086e-03
10319	1.0220785463e-03	1.0220758040e-03
10320	1.0219616452e-03	1.0219580329e-03
10321	1.0218443645e-03	1.0218358176e-03
10322	1.0217276482e-03	1.0217146533e-03
10323	1.0216103778e-03	1.0215828714e-03
10324	1.0214938856e-03	1.0214490281e-03
10325	1.0213765682e-03	1.0212902914e-03
10326	1.0212603673e-03	1.0211232393e-03
10327	1.0211429211e-03	1.0209199188e-03
10328	1.0210271383e-03	1.0207370999e-03
10329	1.0209094275e-03	1.0205806504e-03
10330	1.0207942532e-03	1.0205195798e-03
10331	1.0206760322e-03	1.0205067376e-03
10332	1.0205617960e-03	1.0204895487e-03
10333	1.0204426668e-03	1.0204398210e-03
10334	1.0203299602e-03	1.0203605043e-03
10335	1.0202092379e-03	1.0203221175e-03
10336	1.0200991422e-03	1.0203137860e-03
10337	1.0199757024e-03	1.0203092556e-03
10338	1.0198703090e-03	1.0202819261e-03
10339	1.0197423591e-03	1.0202305979e-03
10340	1.0196458932e-03	1.0202036876e-03
10341	1.0195109238e-03	1.0201892129e-03
10342	1.0194326417e-03	1.0201677813e-03
10343	1.0192887298e-03	1.0201301191e-03
10344	1.0192510552e-03	1.0200781617e-03
10345	1.0191041189e-03	1.0200418669e-03
10346	1.0191670292e-03	1.0200061983e-03
10347	1.0190604115e-03	1.0199565099e-03
10348	1.0193918562e-03	1.0198970120e-03
10349	1.0194932316e-03	1.0198292329e-03
10350	1.0204911621e-03	1.0197684943e-03
10351	1.0210910903e-03	1.0197015861e-03
10352	1.0228723200e-03	1.0196193881e-03
10353	1.0228943145e-03	1.0195319702e-03
10354	1.0226852631e-03	1.0194382145e-03
10355	1.0198255469e-03	1.0193439743e-03
10356	1.0181244126e-03	1.0192411335e-03
10357	1.0180503754e-03	1.0191244948e-03
10358	1.0190403133e-03	1.0190044845e-03
10359	1.0201466287e-03	1.0188776668e-03
10360	1.0188472494e-03	1.0187456087e-03
10361	1.0176865179e-03	1.0186046665e-03
10362	1.0172804547e-03	1.0184520505e-03
10363	1.0178084683e-03	1.0182954370e-03
10364	1.0185137020e-03	1.0181315485e-03
10365	1.0175652930e-03	1.0179594362e-03
10366	1.0168788248e-03	1.0177797125e-03
10367	1.0167945842e-03	1.0175888729e-03
10368	1.0170625039e-03	1.0173942960e-03
10369	1.0173354524e-03	1.0171907819e-03
10370	1.0165585454e-03	1.0169808981e-03
10371	1.0161996880e-03	1.0167626561e-03
10372	1.0163360302e-03	1.0165406088e-03
10373	1.0163659788e-03	1.0163141472e-03
10374	1.0163646525e-03	1.0160951144e-03
10375	1.0158079573e-03	1.0158780493e-03
10376	1.0156485733e-03	1.0156949666e-03
10377	1.0158216375e-03	1.0155380015e-03
10378	1.0156737244e-03	1.0154527725e-03
10379	1.0155587714e-03	1.0153925350e-03
10380	1.0152181993e-03	1.0153510286e-03
10381	1.0151344259e-03	1.0152442756e-03
10382	1.0152470465e-03	1.0150928061e-03
10383	1.0150180494e-03	1.0149420833e-03
10384	1.0148847985e-03	1.0148257154e-03
10385	1.0146930714e-03	1.0147536857e-03
10386	1.0146102982e-03	1.0146568477e-03
10387	1.0146486726e-03	1.0145318392e-03
10388	1.0144134243e-03	1.0143985158e-03
10389	1.0142927004e-03	1.0142846356e-03
10390	1.0141785435e-03	1.0141994747e-03
10391	1.0140745213e-03	1.0140954011e-03
10392	1.0140591183e-03	1.0139751514e-03
10393	1.0138494390e-03	1.0138560186e-03
10394	1.0137401481e-03	1.0137489562e-03
10395	1.0136560176e-03	1.0136562491e-03
10396	1.0135347540e-03	1.0135469198e-03
10397	1.0134871156e-03	1.0134298744e-03
10398	1.0133076665e-03	1.0133205890e-03
10399	1.0132035428e-03	1.0132165412e-03
10400	1.0131263965e-03	1.0131175576e-03
10401	1.0129977186e-03	1.0130067721e-03
10402	1.0129321984e-03	1.0128938433e-03
10403	1.0127767963e-03	1.0127899541e-03
10404	1.0126739457e-03	1.0126858974e-03
10405	1.0125943527e-03	1.0125826363e-03
10406	1.0124652105e-03	1.0124730805e-03
10407	1.0123896351e-03	1.0123637477e-03
10408	1.0122507152e-03	1.0122616999e-03
10409	1.0121479152e-03	1.0121567483e-03
10410	1.0120629074e-03	1.0120514917e-03
10411	1.0119366327e-03	1.0119439601e-03
10412	1.0118549245e-03	1.0118369002e-03
10413	1.0117262915e-03	1.0117347965e-03
10414	1.0116234797e-03	1.0116292762e-03
10415	1.0115328717e-03	1.0115235554e-03
10416	1.0114108634e-03	1.0114177062e-03
10417	1.0113250926e-03	1.0113118690e-03
10418	1.0112026938e-03	1.0112092066e-03
10419	1.0111003529e-03	1.0111036656e-03
10420	1.0110049580e-03	1.0109981613e-03
10421	1.0108873282e-03	1.0108933460e-03
10422	1.0107983116e-03	1.0107881298e-03
10423	1.0106796831e-03	1.0106849516e-03
10424	1.0105782260e-03	1.0105796747e-03
10425	1.0104789321e-03	1.0104745452e-03
10426	1.0103652604e-03	1.0103702654e-03
10427	1.0102733686e-03	1.0102654139e-03
10428	1.0101574103e-03	1.0101619269e-03
10429	1.0100570735e-03	1.0100570161e-03
10430	1.0099546156e-03	1.0099522617e-03
10431	1.0098443140e-03	1.0098482625e-03
10432	1.0097497385e-03	1.0097436951e-03
10433	1.0096361344e-03	1.0096400943e-03
10434	1.0095368430e-03	1.0095355649e-03
10435	1.0094319229e-03	1.0094311622e-03
10436	1.0093245253e-03	1.0093273549e-03
10437	1.0092273790e-03	1.0092230522e-03
10438	1.0091160516e-03	1.0091194718e-03
10439	1.0090173370e-03	1.0090152847e-03
10440	1.0089107010e-03	1.0089111886e-03
10441	1.0088058157e-03	1.0088075404e-03
10442	1.0087061874e-03	1.0087034892e-03
10443	1.0085971450e-03	1.0086000145e-03
10444	1.0084984161e-03	1.0084961247e-03
10445	1.0083910236e-03	1.0083923106e-03
10446	1.0082882589e-03	1.0082888268e-03
10447	1.0081863504e-03	1.0081850256e-03
10448	1.0080795551e-03	1.0080817077e-03
10449	1.0079801592e-03	1.0079780707e-03
10450	1.0078729430e-03	1.0078745207e-03
10451	1.0077716891e-03	1.0077711977e-03
10452	1.0076679418e-03	1.0076676335e-03
10453	1.0075632773e-03	1.0075644831e-03
10454	1.0074626735e-03	1.0074610587e-03
10455	1.0073563678e-03	1.0073577588e-03
10456	1.0072557548e-03	1.0072545841e-03
10457	1.0071508412e-03	1.0071512426e-03
10458	1.0070479358e-03	1.0070482444e-03
10459	1.0069458196e-03	1.0069450048e-03
10460	1.0068408819e-03	1.0068419352e-03
10461	1.0067400800e-03	1.0067388919e-03
10462	1.0066349854e-03	1.0066357627e-03
10463	1.0065333242e-03	1.0065328907e-03
10464	1.0064299389e-03	1.0064298210e-03
10465	1.0063265118e-03	1.0063269466e-03
10466	1.0062248587e-03	1.0062240193e-03
10467	1.0061203834e-03	1.0061210866e-03
10468	1.0060191160e-03	1.0060183136e-03
10469	1.0059150608e-03	1.0059154049e-03
10470	1.0058128458e-03	1.0058126823e-03
10471	1.0057101372e-03	1.0057098689e-03
10472	1.0056067505e-03	1.0056071144e-03
10473	1.0055050995e-03	1.0055044310e-03
10474	1.0054012137e-03	1.0054016817e-03
10475	1.0052996053e-03	1.0052990804e-03
10476	1.0051962258e-03	1.0051963946e-03
10477	1.0050939117e-03	1.0050938027e-03
10478	1.0049914892e-03	1.0049912227e-03
10479	1.0048883901e-03	1.0048886373e-03
10480	1.0047866428e-03	1.0047861534e-03
10481	1.0046832866e-03	1.0046836152e-03
10482	1.0045815405e-03	1.0045811777e-03
10483	1.0044785559e-03	1.0044787225e-03
10484	1.0043763494e-03	1.0043763017e-03
10485	1.0042740463e-03	1.0042739390e-03
10486	1.0041713267e-03	1.0041715544e-03
10487	1.0040695148e-03	1.0040692615e-03
10488	1.0039666146e-03	1.0039669438e-03
10489	1.0038648969e-03	1.0038646897e-03
10490	1.0037622257e-03	1.0037624602e-03
10491	1.0036602542e-03	1.0036602430e-03
10492	1.0035580430e-03	1.0035580974e-03
10493	1.0034557497e-03	1.0034559352e-03
10494	1.0033539483e-03	1.0033538507e-03
10495	1.0032514891e-03	1.0032517643e-03
10496	1.0031498674e-03	1.0031497238e-03
10497	1.0030475061e-03	1.0030477213e-03
10498	1.0029458177e-03	1.0029457284e-03
10499	1.0028437322e-03	1.0028438036e-03
10500	1.0027418580e-03	1.0027418735e-03
10501	1.0026400952e-03	1.0026400096e-03
10502	1.0025380721e-03	1.0025381554e-03
10503	1.0024365145e-03	1.0024363438e-03
10504	1.0023344658e-03	1.0023345699e-03
10505	1.0022329780e-03	1.0022328129e-03
10506	1.0021310522e-03	1.0021311127e-03
10507	1.0020295142e-03	1.0020294199e-03
10508	1.0019277992e-03	1.0019277831e-03
10509	1.0018261787e-03	1.0018261628e-03
10510	1.0017246790e-03	1.0017245837e-03
10511	1.0016230027e-03	1.0016230396e-03
10512	1.0015216568e-03	1.0015215206e-03
10513	1.0014200022e-03	1.0014200493e-03
10514	1.0013187231e-03	1.0013185963e-03
10515	1.0012171501e-03	1.0012171923e-03
10516	1.0011158658e-03	1.0011158116e-03
10517	1.0010144368e-03	1.0010144709e-03
10518	1.0009131530e-03	1.0009131648e-03
10519	1.0008118990e-03	1.0008118880e-03
10520	1.0007106062e-03	1.0007106559e-03
10521	1.0006094818e-03	1.0006094473e-03
10522	1.0005082113e-03	1.0005082866e-03
10523	1.0004071851e-03	1.0004071515e-03
10524	1.0003059686e-03	1.0003060605e-03
10525	1.0002050034e-03	1.0002050022e-03
10526	1.0001038912e-03	1.0001039807e-03
10527	1.0000029760e-03	1.0000030001e-03
10528	9.9990197915e-04	9.9990205052e-04
10529	9.9980109505e-04	9.9980114634e-04
10530	9.9970022730e-04	9.9970027060e-04
10531	9.9959938897e-04	9.9959944077e-04
10532	9.9949863582e-04	9.9949864125e-04
10533	9.9939783931e-04	9.9939788456e-04
10534	9.9929718421e-04	9.9929716236e-04
10535	9.9919644631e-04	9.9919647897e-04
10536	9.9909587016e-04	9.9909583424e-04
10537	9.9899519711e-04	9.9899522517e-04
10538	9.9889469053e-04	9.9889465736e-04
10539	9.9879409805e-04	9.9879412537e-04
10540	9.9869365227e-04	9.9869363404e-04
10541	9.9859314479e-04	9.9859317872e-04
10542	9.9849276362e-04	9.9849276065e-04
10543	9.9839235318e-04	9.9839238238e-04
10544	9.9829203448e-04	9.9829203782e-04
10545	9.9819171174e-04	9.9819173673e-04
10546	9.9809145228e-04	9.9809146466e-04
10547	9.9799121671e-04	9.9799124061e-04
10548	9.9789101717e-04	9.9789104092e-04
10549	9.9779086248e-04	9.9779089292e-04
10550	9.9769072549e-04	9.9769076334e-04
10551	9.9759065323e-04	9.9759069114e-04
10552	9.9749058120e-04	9.9749063001e-04
10553	9.9739058813e-04	9.9739063436e-04
10554	9.9729058394e-04	9.9729063755e-04
10555	9.9719067254e-04	9.9719072082e-04
10556	9.9709073497e-04	9.9709078258e-04
10557	9.9699090041e-04	9.9699094930e-04
10558	9.9689102718e-04	9.9689105840e-04
10559	9.9679127314e-04	9.9679131603e-04
10560	9.9669146425e-04	9.9669145206e-04
10561	9.9659179267e-04	9.9659181079e-04
10562	9.9649204455e-04	9.9649193168e-04
10563	9.9639244309e-04	9.9639240128e-04
10564	9.9629271287e-04	9.9629241506e-04
10565	9.9619318969e-04	9.9619298228e-04
10566	9.9609352672e-04	9.9609266093e-04
10567	9.9599410102e-04	9.9599319321e-04
10568	9.9589443510e-04	9.9589190875e-04
10569	9.9579510709e-04	9.9579177795e-04
10570	9.9569546923e-04	9.9568763904e-04
10571	9.9559627349e-04	9.9558435322e-04
10572	9.9549658488e-04	9.9547145166e-04
10573	9.9539754067e-04	9.9535633581e-04
10574	9.9529778977e-04	9.9521787621e-04
10575	9.9519896793e-04	9.9506912593e-04
10576	9.9509904019e-04	9.9487987164e-04
10577	9.9500052943e-04	9.9469739856e-04
10578	9.9490032616e-04	9.9452526530e-04
10579	9.9480230556e-04	9.9445331849e-04
10580	9.9470158149e-04	9.9445381043e-04
10581	9.9460433941e-04	9.9448149554e-04
10582	9.9450275979e-04	9.9447624554e-04
10583	9.9440683451e-04	9.9442283976e-04
10584	9.9430376752e-04	9.9439595502e-04
10585	9.9421012544e-04	9.9440594709e-04
10586	9.9410458386e-04	9.9444223172e-04
10587	9.9401509797e-04	9.9445737996e-04
10588	9.9390546476e-04	9.9443616843e-04
10589	9.9382391598e-04	9.9443039361e-04
10590	9.9370801579e-04	9.9444206881e-04
10591	9.9364273536e-04	9.9445965686e-04
10592	9.9351898858e-04	9.9445805551e-04
10593	9.9349016682e-04	9.9443294177e-04
10594	9.9336431882e-04	9.9442106689e-04
10595	9.9342605855e-04	9.9441412683e-04
10596	9.9333830766e-04	9.9439852451e-04
10597	9.9364413971e-04	9.9436797485e-04
10598	9.9375453194e-04	9.9432343951e-04
10599	9.9469643108e-04	9.9428710349e-04
10600	9.9535802683e-04	9.9424671898e-04
10601	9.9729633215e-04	9.9419158204e-04
10602	9.9786148596e-04	9.9412675612e-04
10603	9.9839158716e-04	9.9405273599e-04
10604	9.9563437768e-04	9.9397994460e-04
10605	9.9331423600e-04	9.9389842847e-04
10606	9.9220183823e-04	9.9380158619e-04
10607	9.9312627301e-04	9.9369848704e-04
10608	9.9483473523e-04	9.9358714085e-04
10609	9.9410680286e-04	9.9347134299e-04
10610	9.9283441848e-04	9.9334532747e-04
10611	9.9169543532e-04	9.9320568619e-04
10612	9.9211104832e-04	9.9306038574e-04
10613	9.9320468831e-04	9.9290667898e-04
10614	9.9259744671e-04	9.9274458624e-04
10615	9.9179346665e-04	9.9257314278e-04
10616	9.9126516378e-04	9.9238888644e-04
10617	9.9158484099e-04	9.9219959828e-04
10618	9.9215314493e-04	9.9200030542e-04
10619	9.9147578471e-04	9.9179353899e-04
10620	9.9097966905e-04	9.9157689971e-04
10621	9.9090546717e-04	9.9135430605e-04
10622	9.9107079160e-04	9.9112616534e-04
10623	9.9125223575e-04	9.9090271893e-04
10624	9.9065542034e-04	9.9067945299e-04
10625	9.9040698533e-04	9.9048591865e-04
10626	9.9052761292e-04	9.9031766885e-04
10627	9.9050125520e-04	9.9022394433e-04
10628	9.9046976109e-04	9.9017117713e-04
10629	9.9005524914e-04	9.9016260985e-04
10630	9.8994665419e-04	9.9009805149e-04
10631	9.9007908543e-04	9.8997547989e-04
10632	9.8992145948e-04	9.8982340463e-04
10633	9.8981782559e-04	9.8970071408e-04
10634	9.8957392751e-04	9.8963839710e-04
10635	9.8950521453e-04	9.8956982153e-04
10636	9.8957947119e-04	9.8947286367e-04
10637	9.8937534180e-04	9.8934667727e-04
10638	9.8926694893e-04	9.8923476023e-04
10639	9.8913074421e-04	9.8916172174e-04
10640	9.8905222699e-04	9.8908071567e-04
10641	9.8906775185e-04	9.8898157022e-04
10642	9.8887045161e-04	9.8887026585e-04
10643	9.8877234126e-04	9.8877117968e-04
10644	9.8868697255e-04	9.8869455758e-04
10645	9.8858969402e-04	9.8860488484e-04
10646	9.8856579177e-04	9.8850389050e-04
10647	9.8839422554e-04	9.8840376937e-04
10648	9.8830292017e-04	9.8831195979e-04
10649	9.8823518894e-04	9.8823038030e-04
10650	9.8812605105e-04	9.8813610032e-04
10651	9.8807922313e-04	9.8803683573e-04
10652	9.8793256205e-04	9.8794432267e-04
10653	9.8784331476e-04	9.8785468193e-04
10654	9.8777806441e-04	9.8776811360e-04
10655	9.8766507863e-04	9.8767300202e-04
10656	9.8760525028e-04	9.8757687229e-04
10657	9.8747723328e-04	9.8748799709e-04
10658	9.8738814881e-04	9.8739796238e-04
10659	9.8731965246e-04	9.8730819418e-04
10660	9.8720745265e-04	9.8721432876e-04
10661	9.8713980053e-04	9.8712077683e-04
10662	9.8702410051e-04	9.8703275598e-04
10663	9.8693476696e-04	9.8694191063e-04
10664	9.8686137701e-04	9.8685081283e-04
10665	9.8675214095e-04	9.8675856696e-04
10666	9.8667971888e-04	9.8666652460e-04
10667	9.8657168313e-04	9.8657815449e-04
10668	9.8648227124e-04	9.8648690933e-04
10669	9.8640407024e-04	9.8639555954e-04
10670	9.8629853934e-04	9.8630447184e-04
10671	9.8622290712e-04	9.8621315004e-04
10672	9.8611933440e-04	9.8612417967e-04
10673	9.8603012847e-04	9.8603293562e-04
10674	9.8594788113e-04	9.8594174366e-04
10675	9.8584608522e-04	9.8585128303e-04
10676	9.8576795570e-04	9.8576030352e-04
10677	9.8566695695e-04	9.8567086254e-04
10678	9.8557832155e-04	9.8557980609e-04
10679	9.8549285162e-04	9.8548885258e-04
10680	9.8539434047e-04	9.8539866480e-04
10681	9.8531396798e-04	9.8530788137e-04
10682	9.8521473241e-04	9.8521814910e-04
10683	9.8512698356e-04	9.8512732922e-04
10684	9.8503896254e-04	9.8503661080e-04
10685	9.8494316291e-04	9.8494654092e-04
10686	9.8486066773e-04	9.8485591933e-04
10687	9.8476297340e-04	9.8476604490e-04
10688	9.8467608584e-04	9.8467545470e-04
10689	9.8458599118e-04	9.8458494541e-04
10690	9.8449244169e-04	9.8449493613e-04
10691	9.8440797003e-04	9.8440446523e-04
10692	9.8431186059e-04	9.8431455301e-04
10693	9.8422554115e-04	9.8422417081e-04
10694	9.8413391195e-04	9.8413384768e-04
10695	9.8404232010e-04	9.8404389328e-04
10696	9.8395598737e-04	9.8395357328e-04
10697	9.8386146479e-04	9.8386369525e-04
10698	9.8377521833e-04	9.8377349590e-04
10699	9.8368269642e-04	9.8368334241e-04
10700	9.8359278787e-04	9.8359345723e-04
10701	9.8350472292e-04	9.8350329295e-04
10702	9.8341177682e-04	9.8341349686e-04
10703	9.8332513776e-04	9.8332345800e-04
10704	9.8323244046e-04	9.8323346887e-04
10705	9.8314381701e-04	9.8314366962e-04
10706	9.8305425710e-04	9.8305366216e-04
10707	9.8296284590e-04	9.8296397007e-04
10708	9.8287543477e-04	9.8287407438e-04
10709	9.8278317668e-04	9.8278425473e-04
10710	9.8269526934e-04	9.8269455660e-04
10711	9.8260464975e-04	9.8260471179e-04
10712	9.8251463690e-04	9.8251513491e-04
10713	9.8242622011e-04	9.8242537912e-04
10714	9.8233481610e-04	9.8233573648e-04
10715	9.8224700412e-04	9.8224614743e-04
10716	9.8215595746e-04	9.8215647188e-04
10717	9.8206705840e-04	9.8206701179e-04
10718	9.8197768344e-04	9.8197740207e-04
10719	9.8188736849e-04	9.8188793692e-04
10720	9.8179917101e-04	9.8179846564e-04
10721	9.8170836160e-04	9.8170897160e-04
10722	9.8162007426e-04	9.8161963239e-04
10723	9.8153003978e-04	9.8153018452e-04
10724	9.8144074555e-04	9.8144089013e-04
10725	9.8135188816e-04	9.8135155082e-04
10726	9.8126177344e-04	9.8126224751e-04
10727	9.8117352557e-04	9.8117303597e-04
10728	9.8108337790e-04	9.8108376684e-04
10729	9.8099482153e-04	9.8099463504e-04
10730	9.8090540951e-04	9.8090545060e-04
10731	9.8081616098e-04	9.8081634258e-04
10732	9.8072754576e-04	9.8072727386e-04
10733	9.8063781715e-04	9.8063819611e-04
10734	9.8054951295e-04	9.8054922112e-04
10735	9.8045991934e-04	9.8046020729e-04
10736	9.8037135381e-04	9.8037128165e-04
10737	9.8028231026e-04	9.8028236048e-04
10738	9.8019328374e-04	9.8019346520e-04
10739	9.8010481199e-04	9.8010463557e-04
10740	9.8001552097e-04	9.8001579120e-04
10741	9.7992725260e-04	9.7992702957e-04
10742	9.7983808874e-04	9.7983826193e-04
10743	9.7974967934e-04	9.7974954531e-04
10744	9.7966092107e-04	9.7966086834e-04
10745	9.7957221078e-04	9.7957220303e-04
10746	9.7948385645e-04	9.7948360907e-04
10747	9.7939497758e-04	9.7939501422e-04
10748	9.7930681685e-04	9.7930648549e-04
10749	9.7921800321e-04	9.7921797766e-04
10750	9.7912979387e-04	9.7912950536e-04
10751	9.7904125261e-04	9.7904108671e-04
10752	9.7895287018e-04	9.7895268077e-04
10753	9.7886460177e-04	9.7886434429e-04
10754	9.7877606229e-04	9.7877602205e-04
10755	9.7868798060e-04	9.7868775874e-04
10756	9.7859945452e-04	9.7859953268e-04
10757	9.7851141253e-04	9.7851134418e-04
10758	9.7842305103e-04	9.7842321625e-04
10759	9.7833498320e-04	9.7833511133e-04
10760	9.7824689172e-04	9.7824707399e-04
10761	9.7815879335e-04	9.7815906270e-04
10762	9.7807094794e-04	9.7807110858e-04
10763	9.7798289154e-04	9.7798319601e-04
10764	9.7789520733e-04	9.7789532473e-04
10765	9.7780725054e-04	9.7780751101e-04
10766	9.7771961225e-04	9.7771972925e-04
10767	9.7763182438e-04	9.7763201035e-04
10768	9.7754420103e-04	9.7754432592e-04
10769	9.7745660857e-04	9.7745669914e-04
10770	9.7736899484e-04	9.7736911755e-04
10771	9.7728155692e-04	9.7728158349e-04
10772	9.7719398331e-04	9.7719410480e-04
10773	9.7710667058e-04	9.7710666679e-04
10774	9.7701923249e-04	9.7701928799e-04
10775	9.7693202046e-04	9.7693194987e-04
10776	9.7684472613e-04	9.7684466773e-04
10777	9.7675756879e-04	9.7675743209e-04
10778	9.7667041483e-04	9.7667024566e-04
10779	9.7658328017e-04	9.7658311142e-04
10780	9.7649622885e-04	9.7649601978e-04
10781	9.7640912552e-04	9.7640898285e-04
10782	9.7632216824e-04	9.7632198649e-04
10783	9.7623512414e-04	9.7623504275e-04
10784	9.7614824675e-04	9.7614814149e-04
10785	9.7606131090e-04	9.7606128869e-04
10786	9.7597453240e-04	9.7597448346e-04
10787	9.7588773300e-04	9.7588772303e-04
10788	9.7580103910e-04	9.7580101500e-04
10789	9.7571437560e-04	9.7571435082e-04
10790	9.7562776615e-04	9.7562774193e-04
10791	9.7554122660e-04	9.7554117819e-04
10792	9.7545469222e-04	9.7545466954e-04
10793	9.7536826166e-04	9.7536820939e-04
10794	9.7528181282e-04	9.7528180329e-04
10795	9.7519548318e-04	9.7519544988e-04
10796	9.7510913052e-04	9.7510914941e-04
10797	9.7502290735e-04	9.7502290443e-04
10798	9.7493667644e-04	9.7493671215e-04
10799	9.7485056374e-04	9.7485057731e-04
10800	9.7476445714e-04	9.7476449796e-04
10801	9.7467845205e-04	9.7467847744e-04
10802	9.7459247477e-04	9.7459251589e-04
10803	9.7450657649e-04	9.7450661341e-04
10804	9.7442072358e-04	9.7442077351e-04
10805	9.7433493278e-04	9.7433499162e-04
10806	9.7424920807e-04	9.7424927455e-04
10807	9.7416353061e-04	9.7416361376e-04
10808	9.7407793608e-04	9.7407801940e-04
10809	9.7399238247e-04	9.7399247942e-04
10810	9.7390692655e-04	9.7390700719e-04
10811	9.7382150216e-04	9.7382158797e-04
10812	9.7373618015e-04	9.7373623941e-04
10813	9.7365088307e-04	9.7365094262e-04
10814	9.7356569322e-04	9.7356572069e-04
10815	9.7348052073e-04	9.7348054772e-04
10816	9.7339545628e-04	9.7339545625e-04
10817	9.7331040395e-04	9.7331040754e-04
10818	9.7322546448e-04	9.7322544995e-04
10819	9.7314053200e-04	9.7314052291e-04
10820	9.7305571849e-04	9.7305570282e-04
10821	9.7297090765e-04	9.7297089201e-04
10822	9.7288622592e-04	9.7288621468e-04
10823	9.7280153768e-04	9.7280151015e-04
10824	9.7271698677e-04	9.7271698432e-04
10825	9.7263241704e-04	9.7263236758e-04
10826	9.7254800228e-04	9.7254800544e-04
10827	9.7246354669e-04	9.7246343714e-04
10828	9.7237926673e-04	9.7237924980e-04
10829	9.7229491596e-04	9.7229464000e-04
10830	9.7221077832e-04	9.7221061427e-04
10831	9.7212652962e-04	9.7212573708e-04
10832	9.7204255097e-04	9.7204173849e-04
10833	9.7195840312e-04	9.7195597039e-04
10834	9.7187460705e-04	9.7187137030e-04
10835	9.7179054658e-04	9.7178284138e-04
10836	9.7170695806e-04	9.7169517057e-04
10837	9.7162294930e-04	9.7159805316e-04
10838	9.7153959445e-04	9.7149870897e-04
10839	9.7145557940e-04	9.7137616409e-04
10840	9.7137250873e-04	9.7124252464e-04
10841	9.7128839886e-04	9.7106576441e-04
10842	9.7120570902e-04	9.7088933194e-04
10843	9.7112138170e-04	9.7071339669e-04
10844	9.7103925329e-04	9.7063843848e-04
10845	9.7095449624e-04	9.7064923330e-04
10846	9.7087322360e-04	9.7071003390e-04
10847	9.7078767232e-04	9.7074267562e-04
10848	9.7070778256e-04	9.7071724043e-04
10849	9.7062082730e-04	9.7070622331e-04
10850	9.7054328400e-04	9.7073274509e-04
10851	9.7045391710e-04	9.7080075705e-04
10852	9.7038057644e-04	9.7085265715e-04
10853	9.7028722266e-04	9.7086178569e-04
10854	9.7022185038e-04	9.7087787855e-04
10855	9.7012238009e-04	9.7091226027e-04
10856	9.7007324377e-04	9.7096209818e-04
10857	9.6996621986e-04	9.7099325692e-04
10858	9.6995329278e-04	9.7099491338e-04
10859	9.6984460776e-04	9.7100593054e-04
10860	9.6992118731e-04	9.7102389500e-04
10861	9.6985084841e-04	9.7103815828e-04
10862	9.7016811293e-04	9.7103500060e-04
10863	9.7029579554e-04	9.7101319581e-04
10864	9.7124934399e-04	9.7099899253e-04
10865	9.7195722943e-04	9.7098232342e-04
10866	9.7401615382e-04	9.7095226516e-04
10867	9.7486750605e-04	9.7090934384e-04
10868	9.7586615391e-04	9.7085433122e-04
10869	9.7326912659e-04	9.7080124502e-04
10870	9.7066172316e-04	9.7073972614e-04
10871	9.6883375669e-04	9.7066218031e-04
10872	9.6956136455e-04	9.7057582230e-04
10873	9.7158067769e-04	9.7047960142e-04
10874	9.7130900111e-04	9.7037951986e-04
10875	9.7010491552e-04	9.7026845973e-04
10876	9.6849525729e-04	9.7014233272e-04
10877	9.6871607311e-04	9.7000885142e-04
10878	9.6999985023e-04	9.6986588816e-04
10879	9.6969768022e-04	9.6971454895e-04
10880	9.6890928764e-04	9.6955259572e-04
10881	9.6806704412e-04	9.6937632550e-04
10882	9.6834052620e-04	9.6919386189e-04
10883	9.6909388157e-04	9.6900042008e-04
10884	9.6855826837e-04	9.6879896905e-04
10885	9.6800821241e-04	9.6858631413e-04
10886	9.6775303153e-04	9.6836629237e-04
10887	9.6797426131e-04	9.6813981527e-04
10888	9.6830259682e-04	9.6791683983e-04
10889	9.6772752545e-04	9.6769320778e-04
10890	9.6741923939e-04	9.6749785098e-04
10891	9.6747143972e-04	9.6732745908e-04
10892	9.6752910323e-04	9.6723418525e-04
10893	9.6758575454e-04	9.6719027656e-04
10894	9.6713930014e-04	9.6720663054e-04
10895	9.6700318766e-04	9.6717567536e-04
10896	9.6713597557e-04	9.6708196646e-04
10897	9.6704503429e-04	9.6693873848e-04
10898	9.6698354178e-04	9.6681730172e-04
10899	9.6670407007e-04	9.6676386752e-04
10900	9.6663933963e-04	9.6671816355e-04
10901	9.6674051009e-04	9.6664813606e-04
10902	9.6657520898e-04	9.6653600909e-04
10903	9.6648704631e-04	9.6643132300e-04
10904	9.6633109797e-04	9.6636993124e-04
10905	9.6627280226e-04	9.6630970959e-04
10906	9.6631879464e-04	9.6623281724e-04
10907	9.6614180983e-04	9.6613468596e-04
10908	9.6605841362e-04	9.6604640976e-04
10909	9.6596999723e-04	9.6598534242e-04
10910	9.6589688863e-04	9.6591557294e-04
10911	9.6589931745e-04	9.6583323816e-04
10912	9.6574008250e-04	9.6574607628e-04
10913	9.6566387097e-04	9.6566803276e-04
10914	9.6560364755e-04	9.6560417022e-04
10915	9.6551674530e-04	9.6552831331e-04
10916	9.6549185419e-04	9.6544557219e-04
10917	9.6535611614e-04	9.6536698627e-04
10918	9.6528350831e-04	9.6529311629e-04
10919	9.6523138067e-04	9.6522465214e-04
10920	9.6513800132e-04	9.6514656860e-04
10921	9.6509757371e-04	9.6506624335e-04
10922	9.6498191047e-04	9.6499259988e-04
10923	9.6491015999e-04	9.6491928920e-04
10924	9.6485711754e-04	9.6484719756e-04
10925	9.6476257226e-04	9.6476965759e-04
10926	9.6471304425e-04	9.6469203188e-04
10927	9.6461136005e-04	9.6462021075e-04
10928	9.6453918064e-04	9.6454630486e-04
10929	9.6448220088e-04	9.6447237481e-04
10930	9.6438972900e-04	9.6439631083e-04
10931	9.6433494084e-04	9.6432050927e-04
10932	9.6424218798e-04	9.6424880778e-04
10933	9.6416955347e-04	9.6417442930e-04
10934	9.6410837466e-04	9.6409994471e-04
10935	9.6401937396e-04	9.6402518802e-04
10936	9.6396098455e-04	9.6395038576e-04
10937	9.6387338726e-04	9.6387826840e-04
10938	9.6380063126e-04	9.6380381895e-04
10939	9.6373583076e-04	9.6372939469e-04
10940	9.6365037518e-04	9.6365546854e-04
10941	9.6358915297e-04	9.6358116700e-04
10942	9.6350459168e-04	9.6350861172e-04
10943	9.6343234150e-04	9.6343430990e-04
10944	9.6336463404e-04	9.6336011584e-04
10945	9.6328229745e-04	9.6328661682e-04
10946	9.6321876158e-04	9.6321259407e-04
10947	9.6313632041e-04	9.6313975076e-04
10948	9.6306491698e-04	9.6306570749e-04
10949	9.6299471906e-04	9.6299179591e-04
10950	9.6291494298e-04	9.6291852656e-04
10951	9.6284947377e-04	9.6284472410e-04
10952	9.6276874145e-04	9.6277175253e-04
10953	9.6269814070e-04	9.6269798632e-04
10954	9.6262586289e-04	9.6262433383e-04
10955	9.6254834889e-04	9.6255119050e-04
10956	9.6248124204e-04	9.6247758335e-04
10957	9.6240201413e-04	9.6240459614e-04
10958	9.6233198172e-04	9.6233109045e-04
10959	9.6225814948e-04	9.6225767118e-04
10960	9.6218266240e-04	9.6218463375e-04
10961	9.6211396317e-04	9.6211123219e-04
10962	9.6203609286e-04	9.6203831190e-04
10963	9.6196634230e-04	9.6196504146e-04
10964	9.6189155885e-04	9.6189183316e-04
10965	9.6181781192e-04	9.6181890674e-04
10966	9.6174753708e-04	9.6174570594e-04
10967	9.6167103834e-04	9.6167288699e-04
10968	9.6160128746e-04	9.6159981448e-04
10969	9.6152611371e-04	9.6152679860e-04
10970	9.6145371965e-04	9.6145399282e-04
10971	9.6138200579e-04	9.6138098360e-04
10972	9.6130692593e-04	9.6130828821e-04
10973	9.6123681061e-04	9.6123539849e-04
10974	9.6116169984e-04	9.6116258014e-04
10975	9.6109021701e-04	9.6108991041e-04
10976	9.6101738595e-04	9.6101708923e-04
10977	9.6094368077e-04	9.6094453215e-04
10978	9.6087286507e-04	9.6087181455e-04
10979	9.6079823721e-04	9.6079918955e-04
10980	9.6072723602e-04	9.6072665008e-04
10981	9.6065375348e-04	9.6065400553e-04
10982	9.6058122304e-04	9.6058158278e-04
10983	9.6050954606e-04	9.6050902186e-04
10984	9.6043572644e-04	9.6043657528e-04
10985	9.6036474963e-04	9.6036415556e-04
10986	9.6029110073e-04	9.6029168131e-04
10987	9.6021939734e-04	9.6021938029e-04
10988	9.6014697280e-04	9.6014696163e-04
10989	9.6007411848e-04	9.6007466980e-04
10990	9.6000280940e-04	9.6000235747e-04
10991	9.5992947995e-04	9.5993004095e-04
10992	9.5985821154e-04	9.5985783922e-04
10993	9.5978539477e-04	9.5978554935e-04
10994	9.5971341395e-04	9.5971338426e-04
10995	9.5964154892e-04	9.5964117174e-04
10996	9.5956880122e-04	9.5956899683e-04
10997	9.5949746168e-04	9.5949687903e-04
10998	9.5942459240e-04	9.5942471300e-04
10999	9.5935306436e-04	9.5935265178e-04
11000	9.5928067388e-04	9.5928053806e-04
11001	9.5920855714e-04	9.5920848581e-04
11002	9.5913683008e-04	9.5913644664e-04
11003	9.5906429174e-04	9.5906439947e-04
11004	9.5899284581e-04	9.5899242522e-04
11005	9.5892033077e-04	9.5892041217e-04
11006	9.5884871310e-04	9.5884846689e-04
11007	9.5877661030e-04	9.5877651291e-04
11008	9.5870458749e-04	9.5870458181e-04
11009	9.5863291915e-04	9.5863269278e-04
11010	9.5856063993e-04	9.5856078826e-04
11011	9.5848916106e-04	9.5848894559e-04
11012	9.5841693126e-04	9.5841709090e-04
11013	9.5834534057e-04	9.5834527744e-04
11014	9.5827342724e-04	9.5827348559e-04
11015	9.5820160578e-04	9.5820170271e-04
11016	9.5813002087e-04	9.5812997202e-04
11017	9.5805803938e-04	9.5805823832e-04
11018	9.5798663006e-04	9.5798655694e-04
11019	9.5791469622e-04	9.5791488792e-04
11020	9.5784325494e-04	9.5784325070e-04
11021	9.5777152892e-04	9.5777165321e-04
11022	9.5769995898e-04	9.5770006692e-04
11023	9.5762848864e-04	9.5762853418e-04
11024	9.5755681592e-04	9.5755701094e-04
11025	9.5748551721e-04	9.5748553420e-04
11026	9.5741386853e-04	9.5741408174e-04
11027	9.5734262036e-04	9.5734265710e-04
11028	9.5727110657e-04	9.5727127522e-04
11029	9.5719981152e-04	9.5719990807e-04
11030	9.5712849042e-04	9.5712858979e-04
11031	9.5705713985e-04	9.5705728622e-04
11032	9.5698598157e-04	9.5698602371e-04
11033	9.5691462221e-04	9.5691478719e-04
11034	9.5684355827e-04	9.5684357712e-04
11035	9.5677226976e-04	9.5677240415e-04
11036	9.5670122433e-04	9.5670124744e-04
11037	9.5663005764e-04	9.5663013105e-04
11038	9.5655898888e-04	9.5655902970e-04
11039	9.5648794706e-04	9.5648796233e-04
11040	9.5641686190e-04	9.5641691642e-04
11041	9.5634592215e-04	9.5634589441e-04
11042	9.5627484790e-04	9.5627490058e-04
11043	9.5620396916e-04	9.5620392250e-04
11044	9.5613295680e-04	9.5613297460e-04
11045	9.5606210279e-04	9.5606204025e-04
11046	9.5599116900e-04	9.5599113192e-04
11047	9.5592030827e-04	9.5592023971e-04
11048	9.5584945646e-04	9.5584936680e-04
11049	9.5577858529e-04	9.5577851422e-04
11050	9.5570779225e-04	9.5570767507e-04
11051	9.5563692028e-04	9.5563685796e-04
11052	9.5556616866e-04	9.5556605206e-04
11053	9.5549532379e-04	9.5549526648e-04
11054	9.5542459463e-04	9.5542449318e-04
11055	9.5535379721e-04	9.5535373597e-04
11056	9.5528308155e-04	9.5528299404e-04
11057	9.5521234024e-04	9.5521226422e-04
11058	9.5514162729e-04	9.5514155209e-04
11059	9.5507093622e-04	9.5507084986e-04
11060	9.5500022939e-04	9.5500016572e-04
11061	9.5492958011e-04	9.5492949193e-04
11062	9.5485888537e-04	9.5485883496e-04
11063	9.5478826704e-04	9.5478819056e-04
11064	9.5471759693e-04	9.5471756081e-04
11065	9.5464700490e-04	9.5464694625e-04
11066	9.5457636945e-04	9.5457634470e-04
11067	9.5450579801e-04	9.5450576036e-04
11068	9.5443520460e-04	9.5443518836e-04
11069	9.5436465620e-04	9.5436463461e-04
11070	9.5429411185e-04	9.5429409424e-04
11071	9.5422359067e-04	9.5422357227e-04
11072	9.5415309238e-04	9.5415306550e-04
11073	9.5408259336e-04	9.5408257683e-04
11074	9.5401213182e-04	9.5401210564e-04
11075	9.5394165754e-04	9.5394165238e-04
11076	9.5387123400e-04	9.5387121824e-04
11077	9.5380079437e-04	9.5380080225e-04
11078	9.5373041342e-04	9.5373040651e-04
11079	9.5366001705e-04	9.5366003013e-04
11080	9.5358967844e-04	9.5358967459e-04
11081	9.5351932574e-04	9.5351934024e-04
11082	9.5344902647e-04	9.5344902685e-04
11083	9.5337871793e-04	9.5337873681e-04
11084	9.5330845616e-04	9.5330846724e-04
11085	9.5323820216e-04	9.5323822306e-04
11086	9.5316798051e-04	9.5316799856e-04
11087	9.5309777584e-04	9.5309780148e-04
11088	9.5302759633e-04	9.5302762300e-04
11089	9.5295744258e-04	9.5295747412e-04
11090	9.5288730384e-04	9.5288734238e-04
11091	9.5281719903e-04	9.5281724311e-04
11092	9.5274710745e-04	9.5274715859e-04
11093	9.5267705696e-04	9.5267711048e-04
11094	9.5260701478e-04	9.5260707297e-04
11095	9.5253702197e-04	9.5253707811e-04
11096	9.5246703666e-04	9.5246708677e-04
11097	9.5239710456e-04	9.5239714831e-04
11098	9.5232717056e-04	9.5232720068e-04
11099	9.5225729382e-04	9.5225732221e-04
11100	9.5218740812e-04	9.5218741233e-04
11101	9.5211758838e-04	9.5211759917e-04
11102	9.5204774836e-04	9.5204771610e-04
11103	9.5197798371e-04	9.5197797694e-04
11104	9.5190818253e-04	9.5190810027e-04
11105	9.5183847182e-04	9.5183844777e-04
11106	9.5176870643e-04	9.5176853427e-04
11107	9.5169905605e-04	9.5169897874e-04
11108	9.5162932445e-04	9.5162892691e-04
11109	9.5155974321e-04	9.5155944593e-04
11110	9.5149004169e-04	9.5148899361e-04
11111	9.5142054228e-04	9.5141940962e-04
11112	9.5135086060e-04	9.5134781714e-04
11113	9.5128145696e-04	9.5127733097e-04
11114	9.5121177466e-04	9.5120234234e-04
11115	9.5114248759e-04	9.5112786208e-04
11116	9.5107277276e-04	9.5104240339e-04
11117	9.5100363980e-04	9.5095334375e-04
11118	9.5093384476e-04	9.5083732685e-04
11119	9.5086492953e-04	9.5070734034e-04
11120	9.5079497389e-04	9.5053042340e-04
11121	9.5072638113e-04	9.5035878267e-04
11122	9.5065613078e-04	9.5020109534e-04
11123	9.5058804914e-04	9.5016183747e-04
11124	9.5051729122e-04	9.5021326054e-04
11125	9.5045004274e-04	9.5029943215e-04
11126	9.5037839740e-04	9.5034554032e-04
11127	9.5031255220e-04	9.5033400537e-04
11128	9.5023937364e-04	9.5035147954e-04
11129	9.5017597332e-04	9.5041530576e-04
11130	9.5010019313e-04	9.5051114894e-04
11131	9.5004127074e-04	9.5058104300e-04
11132	9.4996123955e-04	9.5060777366e-04
11133	9.4991099050e-04	9.5065157557e-04
11134	9.4982461450e-04	9.5071780913e-04
11135	9.4979243829e-04	9.5079046146e-04
11136	9.4969889275e-04	9.5083896303e-04
11137	9.4970796634e-04	9.5086024014e-04
11138	9.4961628806e-04	9.5089682987e-04
11139	9.4972970571e-04	9.5093993717e-04
11140	9.4969245812e-04	9.5097147751e-04
11141	9.5009093750e-04	9.5098422785e-04
11142	9.5030747049e-04	9.5098168240e-04
11143	9.5145394650e-04	9.5098837082e-04
11144	9.5235729011e-04	9.5098982727e-04
11145	9.5468145622e-04	9.5097260319e-04
11146	9.5551689471e-04	9.5094349678e-04
11147	9.5616722421e-04	9.5090470144e-04
11148	9.5298978808e-04	9.5086629431e-04
11149	9.5014488764e-04	9.5081660192e-04
11150	9.4878636584e-04	9.5074819269e-04
11151	9.4995618451e-04	9.5067232065e-04
11152	9.5204353323e-04	9.5058739271e-04
11153	9.5131589160e-04	9.5049570091e-04
11154	9.4977055946e-04	9.5039108863e-04
11155	9.4843190382e-04	9.5027032079e-04
11156	9.4899365744e-04	9.5014278260e-04
11157	9.5033248001e-04	9.5000538355e-04
11158	9.4969752448e-04	9.4985660574e-04
11159	9.4872546760e-04	9.4969618012e-04
11160	9.4815353814e-04	9.4952094306e-04
11161	9.4861895515e-04	9.4933927127e-04
11162	9.4931022876e-04	9.4914568682e-04
11163	9.4855713707e-04	9.4894185786e-04
11164	9.4797991227e-04	9.4872638364e-04
11165	9.4796913394e-04	9.4850397485e-04
11166	9.4824012777e-04	9.4827496740e-04
11167	9.4844784009e-04	9.4805093262e-04
11168	9.4778761990e-04	9.4782744532e-04
11169	9.4753886267e-04	9.4763878911e-04
11170	9.4775585237e-04	9.4748282512e-04
11171	9.4777490550e-04	9.4741433919e-04
11172	9.4772791687e-04	9.4739843320e-04
11173	9.4730103364e-04	9.4743464131e-04
11174	9.4723576348e-04	9.4740691596e-04
11175	9.4744582076e-04	9.4730735653e-04
11176	9.4729397712e-04	9.4716980257e-04
11177	9.4717591988e-04	9.4706785372e-04
11178	9.4696497141e-04	9.4703771762e-04
11179	9.4694467580e-04	9.4700324755e-04
11180	9.4706547670e-04	9.4693333150e-04
11181	9.4685777320e-04	9.4682728528e-04
11182	9.4675270744e-04	9.4673896532e-04
11183	9.4667134547e-04	9.4669651048e-04
11184	9.4662930385e-04	9.4664599293e-04
11185	9.4666996297e-04	9.4657238801e-04
11186	9.4647901080e-04	9.4648414203e-04
11187	9.4639882587e-04	9.4641182625e-04
11188	9.4637127684e-04	9.4636527413e-04
11189	9.4629808322e-04	9.4630347209e-04
11190	9.4629007593e-04	9.4622739815e-04
11191	9.4613822903e-04	9.4615291084e-04
11192	9.4607140368e-04	9.4608945762e-04
11193	9.4605540313e-04	9.4603649356e-04
11194	9.4596356687e-04	9.4596850261e-04
11195	9.4593154677e-04	9.4589472308e-04
11196	9.4581525954e-04	9.4582952747e-04
11197	9.4575170962e-04	9.4576817401e-04
11198	9.4573081150e-04	9.4570866765e-04
11199	9.4563399560e-04	9.4563953647e-04
11200	9.4559099458e-04	9.4556985488e-04
11201	9.4549880099e-04	9.4550883957e-04
11202	9.4543351926e-04	9.4544638130e-04
11203	9.4540338851e-04	9.4538280890e-04
11204	9.4530909352e-04	9.4531531999e-04
11205	9.4526065130e-04	9.4524880105e-04
11206	9.4518214696e-04	9.4518835868e-04
11207	9.4511461210e-04	9.4512440539e-04
11208	9.4507641315e-04	9.4505925069e-04
11209	9.4498770688e-04	9.4499378936e-04
11210	9.4493598684e-04	9.4492884778e-04
11211	9.4486429926e-04	9.4486749481e-04
11212	9.4479560659e-04	9.4480276957e-04
11213	9.4475111590e-04	9.4473741576e-04
11214	9.4466780130e-04	9.4467329337e-04
11215	9.4461347990e-04	9.4460886489e-04
11216	9.4454475965e-04	9.4454642514e-04
11217	9.4447611737e-04	9.4448153758e-04
11218	9.4442681352e-04	9.4441640821e-04
11219	9.4434783405e-04	9.4435282153e-04
11220	9.4429167994e-04	9.4428839545e-04
11221	9.4422419269e-04	9.4422511167e-04
11222	9.4415631129e-04	9.4416030357e-04
11223	9.4410314840e-04	9.4409539533e-04
11224	9.4402749706e-04	9.4403184690e-04
11225	9.4397006917e-04	9.4396730861e-04
11226	9.4390282441e-04	9.4390350102e-04
11227	9.4383581747e-04	9.4383882521e-04
11228	9.4377952925e-04	9.4377404896e-04
11229	9.4370649047e-04	9.4371031731e-04
11230	9.4364812689e-04	9.4364566797e-04
11231	9.4358072121e-04	9.4358153281e-04
11232	9.4351471923e-04	9.4351691185e-04
11233	9.4345598584e-04	9.4345215839e-04
11234	9.4338502039e-04	9.4338817242e-04
11235	9.4332579275e-04	9.4332344047e-04
11236	9.4325811977e-04	9.4325909068e-04
11237	9.4319309164e-04	9.4319445633e-04
11238	9.4313228213e-04	9.4312967509e-04
11239	9.4306289821e-04	9.4306544847e-04
11240	9.4300280667e-04	9.4300064655e-04
11241	9.4293500562e-04	9.4293612440e-04
11242	9.4287082090e-04	9.4287141569e-04
11243	9.4280821777e-04	9.4280656622e-04
11244	9.4274014990e-04	9.4274211414e-04
11245	9.4267919194e-04	9.4267722450e-04
11246	9.4261142140e-04	9.4261254192e-04
11247	9.4254781463e-04	9.4254772549e-04
11248	9.4248369127e-04	9.4248278594e-04
11249	9.4241676446e-04	9.4241812749e-04
11250	9.4235480536e-04	9.4235313371e-04
11251	9.4228719388e-04	9.4228829791e-04
11252	9.4222385744e-04	9.4222335143e-04
11253	9.4215856816e-04	9.4215829728e-04
11254	9.4209260145e-04	9.4209343833e-04
11255	9.4202953939e-04	9.4202831683e-04
11256	9.4196228544e-04	9.4196332210e-04
11257	9.4189895160e-04	9.4189822295e-04
11258	9.4183286477e-04	9.4183303602e-04
11259	9.4176761959e-04	9.4176798366e-04
11260	9.4170343937e-04	9.4170272073e-04
11261	9.4163668877e-04	9.4163756441e-04
11262	9.4157303771e-04	9.4157229961e-04
11263	9.4150650257e-04	9.4150697123e-04
11264	9.4144172783e-04	9.4144172719e-04
11265	9.4137657798e-04	9.4137630920e-04
11266	9.4131040185e-04	9.4131098327e-04
11267	9.4124617001e-04	9.4124554212e-04
11268	9.4117953436e-04	9.4118006557e-04
11269	9.4111492649e-04	9.4111462706e-04
11270	9.4104901524e-04	9.4104904773e-04
11271	9.4098331248e-04	9.4098354676e-04
11272	9.4091832662e-04	9.4091792581e-04
11273	9.4085184431e-04	9.4085229615e-04
11274	9.4078706146e-04	9.4078666025e-04
11275	9.4072067850e-04	9.4072091812e-04
11276	9.4065527165e-04	9.4065523245e-04
11277	9.4058955780e-04	9.4058942758e-04
11278	9.4052336318e-04	9.4052363257e-04
11279	9.4045812611e-04	9.4045779367e-04
11280	9.4039158259e-04	9.4039188337e-04
11281	9.4032620252e-04	9.4032599860e-04
11282	9.4025991403e-04	9.4026000605e-04
11283	9.4019395769e-04	9.4019403014e-04
11284	9.4012812285e-04	9.4012798453e-04
11285	9.4006164762e-04	9.4006189642e-04
11286	9.3999600596e-04	9.3999579864e-04
11287	9.3992940073e-04	9.3992961261e-04
11288	9.3986351754e-04	9.3986343478e-04
11289	9.3979714052e-04	9.3979717539e-04
11290	9.3973080774e-04	9.3973089157e-04
11291	9.3966470183e-04	9.3966456833e-04
11292	9.3959801745e-04	9.3959817893e-04
11293	9.3953195087e-04	9.3953177933e-04
11294	9.3946520025e-04	9.3946529968e-04
11295	9.3939889370e-04	9.3939880088e-04
11296	9.3933228431e-04	9.3933224333e-04
11297	9.3926563051e-04	9.3926563680e-04
11298	9.3919916846e-04	9.3919899988e-04
11299	9.3913225615e-04	9.3913229295e-04
11300	9.3906577130e-04	9.3906556359e-04
11301	9.3899879027e-04	9.3899876840e-04
11302	9.3893210437e-04	9.3893193528e-04
11303	9.3886518418e-04	9.3886505667e-04
11304	9.3879822159e-04	9.3879812039e-04
11305	9.3873136456e-04	9.3873115386e-04
11306	9.3866418455e-04	9.3866412280e-04
11307	9.3859728314e-04	9.3859705946e-04
11308	9.3853000572e-04	9.3852994202e-04
11309	9.3846294542e-04	9.3846277895e-04
11310	9.3839567327e-04	9.3839557745e-04
11311	9.3832840270e-04	9.3832831934e-04
11312	9.3826115024e-04	9.3826103075e-04
11313	9.3819369533e-04	9.3819368627e-04
11314	9.3812640805e-04	9.3812630700e-04
11315	9.3805884297e-04	9.3805888277e-04
11316	9.3799145361e-04	9.3799141434e-04
11317	9.3792386540e-04	9.3792391284e-04
11318	9.3785633432e-04	9.3785636139e-04
11319	9.3778875450e-04	9.3778878158e-04
11320	9.3772108610e-04	9.3772115485e-04
11321	9.3765349516e-04	9.3765349634e-04
11322	9.3758571647e-04	9.3758579993e-04
11323	9.3751806000e-04	9.3751806547e-04
11324	9.3745022171e-04	9.3745030209e-04
11325	9.3738246462e-04	9.3738249734e-04
11326	9.3731460141e-04	9.3731466729e-04
11327	9.3724673225e-04	9.3724679836e-04
11328	9.3717885811e-04	9.3717890236e-04
11329	9.3711089241e-04	9.3711097378e-04
11330	9.3704298862e-04	9.3704301400e-04
11331	9.3697495298e-04	9.3697502792e-04
11332	9.3690699305e-04	9.3690700820e-04
11333	9.3683890943e-04	9.3683896502e-04
11334	9.3677086540e-04	9.3677088905e-04
11335	9.3670274974e-04	9.3670278880e-04
11336	9.3663462006e-04	9.3663465936e-04
11337	9.3656647780e-04	9.3656650291e-04
11338	9.3649827019e-04	9.3649832100e-04
11339	9.3643009297e-04	9.3643010980e-04
11340	9.3636182301e-04	9.3636187500e-04
11341	9.3629359401e-04	9.3629361045e-04
11342	9.3622527357e-04	9.3622532196e-04
11343	9.3615698076e-04	9.3615700554e-04
11344	9.3608862181e-04	9.3608866353e-04
11345	9.3602025910e-04	9.3602029613e-04
11346	9.3595186412e-04	9.3595190154e-04
11347	9.3588343409e-04	9.3588348336e-04
11348	9.3581500074e-04	9.3581503703e-04
11349	9.3574650870e-04	9.3574656708e-04
11350	9.3567803198e-04	9.3567806924e-04
11351	9.3560948765e-04	9.3560954642e-04
11352	9.3554096006e-04	9.3554099655e-04
11353	9.3547236877e-04	9.3547241979e-04
11354	9.3540378521e-04	9.3540381711e-04
11355	9.3533515017e-04	9.3533518600e-04
11356	9.3526650435e-04	9.3526652946e-04
11357	9.3519782297e-04	9.3519784387e-04
11358	9.3512911362e-04	9.3512913261e-04
11359	9.3506038357e-04	9.3506039219e-04
11360	9.3499161047e-04	9.3499162493e-04
11361	9.3492282781e-04	9.3492282877e-04
11362	9.3485399488e-04	9.3485400433e-04
11363	9.3478515782e-04	9.3478515117e-04
11364	9.3471626675e-04	9.3471626848e-04
11365	9.3464737109e-04	9.3464735705e-04
11366	9.3457842258e-04	9.3457841538e-04
11367	9.3450946411e-04	9.3450944449e-04
11368	9.3444045693e-04	9.3444044309e-04
11369	9.3437143309e-04	9.3437141167e-04
11370	9.3430236632e-04	9.3430234979e-04
11371	9.3423327500e-04	9.3423325678e-04
11372	9.3416414671e-04	9.3416413345e-04
11373	9.3409498688e-04	9.3409497784e-04
11374	9.3402579507e-04	9.3402579179e-04
11375	9.3395656525e-04	9.3395657235e-04
11376	9.3388731129e-04	9.3388732236e-04
11377	9.3381801728e-04	9.3381803804e-04
11378	9.3374870254e-04	9.3374872294e-04
11379	9.3367934414e-04	9.3367937271e-04
11380	9.3360996898e-04	9.3360999136e-04
11381	9.3354054533e-04	9.3354057351e-04
11382	9.3347110317e-04	9.3347112418e-04
11383	9.3340160994e-04	9.3340163676e-04
11384	9.3333209991e-04	9.3333211801e-04
11385	9.3326253583e-04	9.3326255909e-04
11386	9.3319295602e-04	9.3319297011e-04
11387	9.3312332363e-04	9.3312333829e-04
11388	9.3305367872e-04	9.3305367891e-04
11389	9.3298397765e-04	9.3298397230e-04
11390	9.3291426402e-04	9.3291424256e-04
11391	9.3284449054e-04	9.3284445866e-04
11392	9.3277470488e-04	9.3277465905e-04
11393	9.3270485209e-04	9.3270479415e-04
11394	9.3263498979e-04	9.3263492650e-04
11395	9.3256505456e-04	9.3256497540e-04
11396	9.3249511489e-04	9.3249504353e-04
11397	9.3242509318e-04	9.3242499772e-04
11398	9.3235507691e-04	9.3235500866e-04
11399	9.3228497132e-04	9.3228485255e-04
11400	9.3221488146e-04	9.3221481668e-04
11401	9.3214468485e-04	9.3214451872e-04
11402	9.3207452394e-04	9.3207444840e-04
11403	9.3200423313e-04	9.3200393987e-04
11404	9.3193400110e-04	9.3193383581e-04
11405	9.3186361408e-04	9.3186295035e-04
11406	9.3179333626e-04	9.3179273908e-04
11407	9.3172285314e-04	9.3172102967e-04
11408	9.3165253872e-04	9.3165031743e-04
11409	9.3158194528e-04	9.3157647158e-04
11410	9.3151161459e-04	9.3150363945e-04
11411	9.3144087558e-04	9.3142358044e-04
11412	9.3137054635e-04	9.3134270594e-04
11413	9.3129962502e-04	9.3124396343e-04
11414	9.3122935628e-04	9.3113677881e-04
11415	9.3115819146e-04	9.3098936318e-04
11416	9.3108807162e-04	9.3082613927e-04
11417	9.3101656658e-04	9.3062367338e-04
11418	9.3094674333e-04	9.3047675196e-04
11419	9.3087471539e-04	9.3040826170e-04
11420	9.3080543561e-04	9.3046786594e-04
11421	9.3073258314e-04	9.3056381808e-04
11422	9.3066428170e-04	9.3061327500e-04
11423	9.3059008485e-04	9.3062122226e-04
11424	9.3052356424e-04	9.3062311396e-04
11425	9.3044716835e-04	9.3069706496e-04
11426	9.3038394114e-04	9.3080033330e-04
11427	9.3030395723e-04	9.3087577865e-04
11428	9.3024703253e-04	9.3091992887e-04
11429	9.3016144300e-04	9.3095525465e-04
11430	9.3011723550e-04	9.3103106300e-04
11431	9.3002402655e-04	9.3111248152e-04
11432	9.3000755026e-04	9.3116367206e-04
11433	9.2990878966e-04	9.3119793916e-04
11434	9.2995886248e-04	9.3122968208e-04
11435	9.2987828078e-04	9.3127974401e-04
11436	9.3010382352e-04	9.3131981858e-04
11437	9.3014933445e-04	9.3133143705e-04
11438	9.3085562334e-04	9.3133715062e-04
11439	9.3136536662e-04	9.3134093286e-04
11440	9.3317823602e-04	9.3134549606e-04
11441	9.3445055119e-04	9.3133433250e-04
11442	9.3685023794e-04	9.3130079003e-04
11443	9.3616261709e-04	9.3126557122e-04
11444	9.3442266787e-04	9.3122463346e-04
11445	9.3041122321e-04	9.3117348832e-04
11446	9.2897794290e-04	9.3110741164e-04
11447	9.3035927590e-04	9.3102451735e-04
11448	9.3185586332e-04	9.3093877281e-04
11449	9.3233562343e-04	9.3084312235e-04
11450	9.2997172531e-04	9.3073277846e-04
11451	9.2870434051e-04	9.3060980905e-04
11452	9.2932180675e-04	9.3047332519e-04
11453	9.3021233858e-04	9.3033022984e-04
11454	9.3045284622e-04	9.3017545640e-04
11455	9.2889245980e-04	9.3000452088e-04
11456	9.2831333813e-04	9.2982364231e-04
11457	9.2896912544e-04	9.2962938328e-04
11458	9.2927616342e-04	9.2942740785e-04
11459	9.2911493381e-04	9.2921203670e-04
11460	9.2814224738e-04	9.2898549194e-04
11461	9.2803557647e-04	9.2874918074e-04
11462	9.2861293449e-04	9.2851057586e-04
11463	9.2847808116e-04	9.2826689432e-04
11464	9.2817343820e-04	9.2803907427e-04
11465	9.2771291248e-04	9.2782371108e-04
11466	9.2778582996e-04	9.2767073062e-04
11467	9.2813880780e-04	9.2757207715e-04
11468	9.2779930411e-04	9.2757356015e-04
11469	9.2755184914e-04	9.2759107807e-04
11470	9.2743028531e-04	9.2758701558e-04
11471	9.2747672946e-04	9.2748214773e-04
11472	9.2761298682e-04	9.2733577278e-04
11473	9.2727069916e-04	9.2723124081e-04
11474	9.2712594602e-04	9.2718154461e-04
11475	9.2715224512e-04	9.2716212224e-04
11476	9.2710884070e-04	9.2708680431e-04
11477	9.2711724294e-04	9.2697683907e-04
11478	9.2686199556e-04	9.2688627929e-04
11479	9.2678159469e-04	9.2682882339e-04
11480	9.2683434079e-04	9.2678818904e-04
11481	9.2672513865e-04	9.2670969643e-04
11482	9.2668093543e-04	9.2661571682e-04
11483	9.2651609757e-04	9.2654316537e-04
11484	9.2645471702e-04	9.2648577068e-04
11485	9.2648566777e-04	9.2642982018e-04
11486	9.2635190905e-04	9.2634976175e-04
11487	9.2629362273e-04	9.2626779983e-04
11488	9.2618941250e-04	9.2620574958e-04
11489	9.2612415199e-04	9.2614499272e-04
11490	9.2612677534e-04	9.2607900575e-04
11491	9.2599643605e-04	9.2600225557e-04
11492	9.2593666023e-04	9.2592927930e-04
11493	9.2586426794e-04	9.2586989352e-04
11494	9.2579049888e-04	9.2580466144e-04
11495	9.2577146210e-04	9.2573444142e-04
11496	9.2565477407e-04	9.2566291817e-04
11497	9.2559445115e-04	9.2559485759e-04
11498	9.2553485527e-04	9.2553380985e-04
11499	9.2545535925e-04	9.2546585371e-04
11500	9.2542235006e-04	9.2539534160e-04
11501	9.2531967416e-04	9.2532786408e-04
11502	9.2525829550e-04	9.2526141213e-04
11503	9.2520242022e-04	9.2519782968e-04
11504	9.2512136190e-04	9.2512927726e-04
11505	9.2507941044e-04	9.2505997091e-04
11506	9.2498758294e-04	9.2499454131e-04
11507	9.2492488374e-04	9.2492818768e-04
11508	9.2486865348e-04	9.2486283763e-04
11509	9.2478836581e-04	9.2479486668e-04
11510	9.2474039393e-04	9.2472679361e-04
11511	9.2465611753e-04	9.2466195580e-04
11512	9.2459250433e-04	9.2459536572e-04
11513	9.2453461875e-04	9.2452917721e-04
11514	9.2445637012e-04	9.2446201720e-04
11515	9.2440440832e-04	9.2439475081e-04
11516	9.2432520861e-04	9.2432982826e-04
11517	9.2426114939e-04	9.2426315115e-04
11518	9.2420123974e-04	9.2419675483e-04
11519	9.2412541309e-04	9.2413027192e-04
11520	9.2407055260e-04	9.2406351993e-04
11521	9.2399460011e-04	9.2399840513e-04
11522	9.2393055247e-04	9.2393187636e-04
11523	9.2386885121e-04	9.2386559711e-04
11524	9.2379546964e-04	9.2379958314e-04
11525	9.2373847666e-04	9.2373318855e-04
11526	9.2366480641e-04	9.2366795560e-04
11527	9.2360112404e-04	9.2360169355e-04
11528	9.2353786423e-04	9.2353565321e-04
11529	9.2346663470e-04	9.2346997083e-04
11530	9.2340796780e-04	9.2340390056e-04
11531	9.2333600770e-04	9.2333867937e-04
11532	9.2327279349e-04	9.2327274536e-04
11533	9.2320827775e-04	9.2320699868e-04
11534	9.2313899281e-04	9.2314158932e-04
11535	9.2307899037e-04	9.2307583944e-04
11536	9.2300843377e-04	9.2301072285e-04
11537	9.2294567332e-04	9.2294512336e-04
11538	9.2288024320e-04	9.2287968026e-04
11539	9.2281267856e-04	9.2281452006e-04
11540	9.2275149709e-04	9.2274908993e-04
11541	9.2268219594e-04	9.2268414597e-04
11542	9.2261979405e-04	9.2261887977e-04
11543	9.2255376581e-04	9.2255374541e-04
11544	9.2248766447e-04	9.2248883405e-04
11545	9.2242542091e-04	9.2242372240e-04
11546	9.2235733509e-04	9.2235899071e-04
11547	9.2229510946e-04	9.2229403977e-04
11548	9.2222879432e-04	9.2222920339e-04
11549	9.2216393232e-04	9.2216453982e-04
11550	9.2210078024e-04	9.2209973562e-04
11551	9.2203388979e-04	9.2203523552e-04
11552	9.2197162256e-04	9.2197058306e-04
11553	9.2190535333e-04	9.2190603813e-04
11554	9.2184149857e-04	9.2184162377e-04
11555	9.2177761812e-04	9.2177711301e-04
11556	9.2171189178e-04	9.2171285088e-04
11557	9.2164939678e-04	9.2164847755e-04
11558	9.2158347726e-04	9.2158421129e-04
11559	9.2152032192e-04	9.2152003839e-04
11560	9.2145592500e-04	9.2145580495e-04
11561	9.2139125695e-04	9.2139177886e-04
11562	9.2132837037e-04	9.2132766631e-04
11563	9.2126301413e-04	9.2126366545e-04
11564	9.2120022510e-04	9.2119972437e-04
11565	9.2113559869e-04	9.2113575501e-04
11566	9.2107183109e-04	9.2107195610e-04
11567	9.2100851204e-04	9.2100808746e-04
11568	9.2094386941e-04	9.2094433689e-04
11569	9.2088115513e-04	9.2088061523e-04
11570	9.2081660606e-04	9.2081689609e-04
11571	9.2075348341e-04	9.2075331051e-04
11572	9.2068981333e-04	9.2068967276e-04
11573	9.2062592481e-04	9.2062615607e-04
11574	9.2056306345e-04	9.2056264319e-04
11575	9.2049885781e-04	9.2049916288e-04
11576	9.2043609601e-04	9.2043577827e-04
11577	9.2037229175e-04	9.2037236359e-04
11578	9.2030907207e-04	9.2030906388e-04
11579	9.2024597842e-04	9.2024575379e-04
11580	9.2018230165e-04	9.2018250284e-04
11581	9.2011963470e-04	9.2011931299e-04
11582	9.2005595227e-04	9.2005612120e-04
11583	9.1999319750e-04	9.1999302955e-04
11584	9.1992994669e-04	9.1992992781e-04
11585	9.1986684270e-04	9.1986690183e-04
11586	9.1980409503e-04	9.1980390984e-04
11587	9.1974076492e-04	9.1974094343e-04
11588	9.1967823804e-04	9.1967805487e-04
11589	9.1961502845e-04	9.1961516733e-04
11590	9.1955239931e-04	9.1955235876e-04
11591	9.1948956938e-04	9.1948956961e-04
11592	9.1942672307e-04	9.1942682744e-04
11593	9.1936424966e-04	9.1936414059e-04
11594	9.1930131655e-04	9.1930147107e-04
11595	9.1923897889e-04	9.1923887287e-04
11596	9.1917619035e-04	9.1917629070e-04
11597	9.1911378339e-04	9.1911376565e-04
11598	9.1905128951e-04	9.1905127859e-04
11599	9.1898876070e-04	9.1898882418e-04
11600	9.1892653386e-04	9.1892642844e-04
11601	9.1886398904e-04	9.1886405370e-04
11602	9.1880188475e-04	9.1880173884e-04
11603	9.1873947362e-04	9.1873945446e-04
11604	9.1867734780e-04	9.1867721566e-04
11605	9.1861515856e-04	9.1861502556e-04
11606	9.1855296796e-04	9.1855286725e-04
11607	9.1849098196e-04	9.1849076784e-04
11608	9.1842879123e-04	9.1842869925e-04
11609	9.1836692137e-04	9.1836668539e-04
11610	9.1830483497e-04	9.1830471390e-04
11611	9.1824299059e-04	9.1824278645e-04
11612	9.1818107950e-04	9.1818091472e-04
11613	9.1811922452e-04	9.1811908089e-04
11614	9.1805748828e-04	9.1805730814e-04
11615	9.1799564979e-04	9.1799557734e-04
11616	9.1793403659e-04	9.1793390375e-04
11617	9.1787228451e-04	9.1787228342e-04
11618	9.1781075506e-04	9.1781071369e-04
11619	9.1774916133e-04	9.1774920727e-04
11620	9.1768768046e-04	9.1768774916e-04
11621	9.1762626760e-04	9.1762635772e-04
11622	9.1756486373e-04	9.1756501917e-04
11623	9.1750362437e-04	9.1750374443e-04
11624	9.1744232770e-04	9.1744253126e-04
11625	9.1738123080e-04	9.1738137761e-04
11626	9.1732008993e-04	9.1732029302e-04
11627	9.1725909768e-04	9.1725926680e-04
11628	9.1719812058e-04	9.1719831239e-04
11629	9.1713722242e-04	9.1713741939e-04
11630	9.1707641889e-04	9.1707659619e-04
11631	9.1701562675e-04	9.1701583967e-04
11632	9.1695498412e-04	9.1695514913e-04
11633	9.1689433220e-04	9.1689452935e-04
11634	9.1683383561e-04	9.1683397350e-04
11635	9.1677333918e-04	9.1677348991e-04
11636	9.1671296792e-04	9.1671307069e-04
11637	9.1665263613e-04	9.1665272180e-04
11638	9.1659237489e-04	9.1659243962e-04
11639	9.1653219380e-04	9.1653222447e-04
11640	9.1647204428e-04	9.1647207764e-04
11641	9.1641200582e-04	9.1641199489e-04
11642	9.1635197628e-04	9.1635198047e-04
11643	9.1629206628e-04	9.1629202862e-04
11644	9.1623217031e-04	9.1623214320e-04
11645	9.1617237715e-04	9.1617232056e-04
11646	9.1611261415e-04	9.1611256129e-04
11647	9.1605292899e-04	9.1605286527e-04
11648	9.1599329998e-04	9.1599323025e-04
11649	9.1593372153e-04	9.1593365889e-04
11650	9.1587421767e-04	9.1587414708e-04
11651	9.1581474676e-04	9.1581469825e-04
11652	9.1575536202e-04	9.1575530890e-04
11653	9.1569600399e-04	9.1569598077e-04
11654	9.1563673614e-04	9.1563671205e-04
11655	9.1557749969e-04	9.1557750228e-04
11656	9.1551834684e-04	9.1551835204e-04
11657	9.1545924058e-04	9.1545925890e-04
11658	9.1540020902e-04	9.1540022514e-04
11659	9.1534122629e-04	9.1534124788e-04
11660	9.1528230134e-04	9.1528232974e-04
11661	9.1522344574e-04	9.1522346824e-04
11662	9.1516463857e-04	9.1516466515e-04
11663	9.1510590064e-04	9.1510591923e-04
11664	9.1504720797e-04	9.1504723071e-04
11665	9.1498859445e-04	9.1498859946e-04
11666	9.1493001533e-04	9.1493002460e-04
11667	9.1487150821e-04	9.1487150698e-04
11668	9.1481304390e-04	9.1481304516e-04
11669	9.1475465218e-04	9.1475464029e-04
11670	9.1469630297e-04	9.1469629126e-04
11671	9.1463802103e-04	9.1463799876e-04
11672	9.1457978958e-04	9.1457976212e-04
11673	9.1452161578e-04	9.1452158108e-04
11674	9.1446349102e-04	9.1446345581e-04
11675	9.1440542020e-04	9.1440538527e-04
11676	9.1434740475e-04	9.1434737010e-04
11677	9.1428943656e-04	9.1428940849e-04
11678	9.1423152736e-04	9.1423150171e-04
11679	9.1417366764e-04	9.1417364761e-04
11680	9.1411587121e-04	9.1411584780e-04
11681	9.1405812181e-04	9.1405810016e-04
11682	9.1400043712e-04	9.1400040666e-04
11683	9.1394279847e-04	9.1394276528e-04
11684	9.1388522190e-04	9.1388517833e-04
11685	9.1382768744e-04	9.1382764334e-04
11686	9.1377021606e-04	9.1377016293e-04
11687	9.1371278700e-04	9.1371273423e-04
11688	9.1365542053e-04	9.1365536097e-04
11689	9.1359809746e-04	9.1359803892e-04
11690	9.1354084079e-04	9.1354077377e-04
11691	9.1348362783e-04	9.1348355933e-04
11692	9.1342648108e-04	9.1342640426e-04
11693	9.1336937665e-04	9.1336929847e-04
11694	9.1331233766e-04	9.1331225580e-04
11695	9.1325533655e-04	9.1325526002e-04
11696	9.1319839960e-04	9.1319833295e-04
11697	9.1314150286e-04	9.1314144802e-04
11698	9.1308467898e-04	9.1308464042e-04
11699	9.1302789317e-04	9.1302786640e-04
11700	9.1297118182e-04	9.1297118313e-04
11701	9.1291451224e-04	9.1291451800e-04
11702	9.1285792786e-04	9.1285796565e-04
11703	9.1280137861e-04	9.1280140396e-04
11704	9.1274492258e-04	9.1274499181e-04
11705	9.1268849780e-04	9.1268852113e-04
11706	9.1263217429e-04	9.1263226272e-04
11707	9.1257586588e-04	9.1257585616e-04
11708	9.1251967485e-04	9.1251976888e-04
11709	9.1246348394e-04	9.1246336533e-04
11710	9.1240743316e-04	9.1240746048e-04
11711	9.1235135712e-04	9.1235091041e-04
11712	9.1229546045e-04	9.1229514301e-04
11713	9.1223949773e-04	9.1223804591e-04
11714	9.1218376563e-04	9.1218210734e-04
11715	9.1212790163e-04	9.1212328880e-04
11716	9.1207235035e-04	9.1206581244e-04
11717	9.1201655835e-04	9.1200159068e-04
11718	9.1196120749e-04	9.1193732192e-04
11719	9.1190544809e-04	9.1185608416e-04
11720	9.1185034292e-04	9.1176765921e-04
11721	9.1179455615e-04	9.1163870075e-04
11722	9.1173977479e-04	9.1149094853e-04
11723	9.1168386231e-04	9.1129100114e-04
11724	9.1162953764e-04	9.1113139441e-04
11725	9.1157332407e-04	9.1103917025e-04
11726	9.1151968639e-04	9.1109944018e-04
11727	9.1146287887e-04	9.1122461372e-04
11728	9.1141034421e-04	9.1131711620e-04
11729	9.1135243695e-04	9.1135492983e-04
11730	9.1130177104e-04	9.1136956115e-04
11731	9.1124190316e-04	9.1146177453e-04
11732	9.1119454915e-04	9.1159671812e-04
11733	9.1113128463e-04	9.1171061660e-04
11734	9.1109010737e-04	9.1178571715e-04
11735	9.1102124098e-04	9.1184479437e-04
11736	9.1099230670e-04	9.1195017464e-04
11737	9.1091520459e-04	9.1206583419e-04
11738	9.1091255287e-04	9.1214950181e-04
11739	9.1082734807e-04	9.1221271623e-04
11740	9.1088694217e-04	9.1227298770e-04
11741	9.1081165721e-04	9.1235500985e-04
11742	9.1103451374e-04	9.1242597626e-04
11743	9.1106272559e-04	9.1246473353e-04
11744	9.1174009411e-04	9.1249833869e-04
11745	9.1219866821e-04	9.1253130083e-04
11746	9.1400570127e-04	9.1256391740e-04
11747	9.1536975741e-04	9.1257818052e-04
11748	9.1825277463e-04	9.1256841215e-04
11749	9.1823127406e-04	9.1255908103e-04
11750	9.1713387477e-04	9.1254374293e-04
11751	9.1255615307e-04	9.1251440819e-04
11752	9.1026538859e-04	9.1246898503e-04
11753	9.1115136033e-04	9.1240707283e-04
11754	9.1305831266e-04	9.1234284196e-04
11755	9.1418162073e-04	9.1226682675e-04
11756	9.1174122033e-04	9.1217244034e-04
11757	9.1007599163e-04	9.1206592501e-04
11758	9.1045345340e-04	9.1194644093e-04
11759	9.1158521388e-04	9.1181870799e-04
11760	9.1210314752e-04	9.1167723850e-04
11761	9.1038460183e-04	9.1151730134e-04
11762	9.0965082139e-04	9.1134816894e-04
11763	9.1035588484e-04	9.1116543391e-04
11764	9.1078494060e-04	9.1097204540e-04
11765	9.1065018226e-04	9.1076379397e-04
11766	9.0955995859e-04	9.1054284185e-04
11767	9.0947504547e-04	9.1031173091e-04
11768	9.1017560132e-04	9.1007666338e-04
11769	9.1001639098e-04	9.0983216490e-04
11770	9.0965741777e-04	9.0960083099e-04
11771	9.0921726038e-04	9.0937812088e-04
11772	9.0936731827e-04	9.0921500952e-04
11773	9.0977284389e-04	9.0910612847e-04
11774	9.0935117573e-04	9.0910887919e-04
11775	9.0908964617e-04	9.0914997404e-04
11776	9.0907887119e-04	9.0919468718e-04
11777	9.0915644594e-04	9.0912794917e-04
11778	9.0927048901e-04	9.0899680533e-04
11779	9.0888880653e-04	9.0889021608e-04
11780	9.0878322994e-04	9.0884914044e-04
11781	9.0892014496e-04	9.0885850794e-04
11782	9.0885047074e-04	9.0881171233e-04
11783	9.0881979829e-04	9.0871988972e-04
11784	9.0859584695e-04	9.0863896381e-04
11785	9.0856407083e-04	9.0859786794e-04
11786	9.0868187627e-04	9.0858255943e-04
11787	9.0853067417e-04	9.0852496440e-04
11788	9.0846819298e-04	9.0844746556e-04
11789	9.0837613063e-04	9.0839184428e-04
11790	9.0834267461e-04	9.0835514325e-04
11791	9.0839964005e-04	9.0832107297e-04
11792	9.0824347850e-04	9.0825872592e-04
11793	9.0818891616e-04	9.0819489901e-04
11794	9.0816370979e-04	9.0815407110e-04
11795	9.0810545038e-04	9.0811399209e-04
11796	9.0811657479e-04	9.0806693028e-04
11797	9.0799142804e-04	9.0800868466e-04
11798	9.0794462786e-04	9.0795641397e-04
11799	9.0793997693e-04	9.0791892660e-04
11800	9.0786417190e-04	9.0787300405e-04
11801	9.0784989563e-04	9.0782117404e-04
11802	9.0775842729e-04	9.0777040759e-04
11803	9.0771199760e-04	9.0772409447e-04
11804	9.0770633805e-04	9.0768364794e-04
11805	9.0762555332e-04	9.0763464430e-04
11806	9.0759914945e-04	9.0758369891e-04
11807	9.0753229287e-04	9.0753836992e-04
11808	9.0748275076e-04	9.0749330915e-04
11809	9.0746958625e-04	9.0744925308e-04
11810	9.0739244031e-04	9.0740054953e-04
11811	9.0735988532e-04	9.0735208684e-04
11812	9.0730708830e-04	9.0730883651e-04
11813	9.0725438317e-04	9.0726325834e-04
11814	9.0723381269e-04	9.0721730471e-04
11815	9.0716337958e-04	9.0717030837e-04
11816	9.0712697017e-04	9.0712365509e-04
11817	9.0708107839e-04	9.0708040206e-04
11818	9.0702721309e-04	9.0703439880e-04
11819	9.0700087993e-04	9.0698805225e-04
11820	9.0693685000e-04	9.0694255790e-04
11821	9.0689778214e-04	9.0689676417e-04
11822	9.0685479558e-04	9.0685291515e-04
11823	9.0680116257e-04	9.0680702066e-04
11824	9.0677044005e-04	9.0676097660e-04
11825	9.0671162073e-04	9.0671637000e-04
11826	9.0667102656e-04	9.0667096454e-04
11827	9.0662891138e-04	9.0662665831e-04
11828	9.0657641015e-04	9.0658117592e-04
11829	9.0654260495e-04	9.0653558503e-04
11830	9.0648766672e-04	9.0649137356e-04
11831	9.0644609558e-04	9.0644619544e-04
11832	9.0640381802e-04	9.0640169543e-04
11833	9.0635285262e-04	9.0635667646e-04
11834	9.0631677686e-04	9.0631149852e-04
11835	9.0626451506e-04	9.0626744114e-04
11836	9.0622251374e-04	9.0622249919e-04
11837	9.0617980416e-04	9.0617802186e-04
11838	9.0613038712e-04	9.0613340071e-04
11839	9.0609254272e-04	9.0608856014e-04
11840	9.0604219945e-04	9.0604458066e-04
11841	9.0600011412e-04	9.0599989520e-04
11842	9.0595682385e-04	9.0595554390e-04
11843	9.0590883017e-04	9.0591122526e-04
11844	9.0586968984e-04	9.0586667411e-04
11845	9.0582079285e-04	9.0582277644e-04
11846	9.0577876296e-04	9.0577835169e-04
11847	9.0573495275e-04	9.0573417115e-04
11848	9.0568828583e-04	9.0569008861e-04
11849	9.0564810683e-04	9.0564579149e-04
11850	9.0560030580e-04	9.0560198529e-04
11851	9.0555839774e-04	9.0555780087e-04
11852	9.0551418554e-04	9.0551380263e-04
11853	9.0546864441e-04	9.0546991365e-04
11854	9.0542758811e-04	9.0542584713e-04
11855	9.0538073832e-04	9.0538215389e-04
11856	9.0533893873e-04	9.0533819676e-04
11857	9.0529442799e-04	9.0529438324e-04
11858	9.0524985361e-04	9.0525066566e-04
11859	9.0520808033e-04	9.0520681307e-04
11860	9.0516207791e-04	9.0516324669e-04
11861	9.0512028961e-04	9.0511949518e-04
11862	9.0507564102e-04	9.0507585859e-04
11863	9.0503188729e-04	9.0503230113e-04
11864	9.0498949397e-04	9.0498864620e-04
11865	9.0494427806e-04	9.0494521090e-04
11866	9.0490242182e-04	9.0490164483e-04
11867	9.0485779486e-04	9.0485817614e-04
11868	9.0481467343e-04	9.0481476803e-04
11869	9.0477177450e-04	9.0477129193e-04
11870	9.0472731316e-04	9.0472798863e-04
11871	9.0468528343e-04	9.0468459147e-04
11872	9.0464082133e-04	9.0464128024e-04
11873	9.0459815911e-04	9.0459801273e-04
11874	9.0455489397e-04	9.0455470241e-04
11875	9.0451111187e-04	9.0451153044e-04
11876	9.0446882549e-04	9.0446828774e-04
11877	9.0442467586e-04	9.0442512578e-04
11878	9.0438228929e-04	9.0438199276e-04
11879	9.0433881193e-04	9.0433883702e-04
11880	9.0429562207e-04	9.0429579158e-04
11881	9.0425304843e-04	9.0425269128e-04
11882	9.0420929953e-04	9.0420966977e-04
11883	9.0416700131e-04	9.0416666178e-04
11884	9.0412348233e-04	9.0412364922e-04
11885	9.0408073780e-04	9.0408072343e-04
11886	9.0403791616e-04	9.0403775562e-04
11887	9.0399463057e-04	9.0399486463e-04
11888	9.0395227820e-04	9.0395197393e-04
11889	9.0390889105e-04	9.0390909695e-04
11890	9.0386644855e-04	9.0386628412e-04
11891	9.0382347105e-04	9.0382344280e-04
11892	9.0378060912e-04	9.0378067496e-04
11893	9.0373811574e-04	9.0373789874e-04
11894	9.0369499163e-04	9.0369515266e-04
11895	9.0365266787e-04	9.0365244962e-04
11896	9.0360967114e-04	9.0360973504e-04
11897	9.0356715654e-04	9.0356708642e-04
11898	9.0352453467e-04	9.0352442683e-04
11899	9.0348173898e-04	9.0348180990e-04
11900	9.0343940145e-04	9.0343921814e-04
11901	9.0339652720e-04	9.0339663235e-04
11902	9.0335421558e-04	9.0335410000e-04
11903	9.0331152584e-04	9.0331156107e-04
11904	9.0326904487e-04	9.0326907044e-04
11905	9.0322664503e-04	9.0322659261e-04
11906	9.0318401503e-04	9.0318413655e-04
11907	9.0314178973e-04	9.0314171976e-04
11908	9.0309917986e-04	9.0309930581e-04
11909	9.0305694736e-04	9.0305693846e-04
11910	9.0301451845e-04	9.0301457896e-04
11911	9.0297217352e-04	9.0297225151e-04
11912	9.0292995937e-04	9.0292995118e-04
11913	9.0288754776e-04	9.0288766516e-04
11914	9.0284545019e-04	9.0284541919e-04
11915	9.0280309062e-04	9.0280318255e-04
11916	9.0276098875e-04	9.0276098242e-04
11917	9.0271877855e-04	9.0271880168e-04
11918	9.0267660974e-04	9.0267664413e-04
11919	9.0263455386e-04	9.0263451838e-04
11920	9.0259235297e-04	9.0259240669e-04
11921	9.0255038019e-04	9.0255033025e-04
11922	9.0250822543e-04	9.0250826975e-04
11923	9.0246625775e-04	9.0246623760e-04
11924	9.0242421655e-04	9.0242423015e-04
11925	9.0238221695e-04	9.0238224162e-04
11926	9.0234029673e-04	9.0234028373e-04
11927	9.0229828938e-04	9.0229834093e-04
11928	9.0225644725e-04	9.0225642730e-04
11929	9.0221448168e-04	9.0221453216e-04
11930	9.0217266438e-04	9.0217265925e-04
11931	9.0213078496e-04	9.0213081085e-04
11932	9.0208896016e-04	9.0208897862e-04
11933	9.0204717507e-04	9.0204717336e-04
11934	9.0200535036e-04	9.0200538313e-04
11935	9.0196363572e-04	9.0196361707e-04
11936	9.0192183885e-04	9.0192186919e-04
11937	9.0188015979e-04	9.0188013955e-04
11938	9.0183842279e-04	9.0183843200e-04
11939	9.0179675331e-04	9.0179673867e-04
11940	9.0175508902e-04	9.0175506839e-04
11941	9.0171342579e-04	9.0171341216e-04
11942	9.0167182510e-04	9.0167177666e-04
11943	9.0163017917e-04	9.0163015797e-04
11944	9.0158862016e-04	9.0158855598e-04
11945	9.0154701165e-04	9.0154697373e-04
11946	9.0150547338e-04	9.0150540547e-04
11947	9.0146391591e-04	9.0146385770e-04
11948	9.0142239029e-04	9.0142232379e-04
11949	9.0138088676e-04	9.0138080901e-04
11950	9.0133937481e-04	9.0133931017e-04
11951	9.0129791684e-04	9.0129782816e-04
11952	9.0125642978e-04	9.0125636462e-04
11953	9.0121500409e-04	9.0121491648e-04
11954	9.0117355269e-04	9.0117348812e-04
11955	9.0113214993e-04	9.0113207539e-04
11956	9.0109074188e-04	9.0109068241e-04
11957	9.0104935718e-04	9.0104930682e-04
11958	9.0100799335e-04	9.0100795022e-04
11959	9.0096662951e-04	9.0096661329e-04
11960	9.0092530670e-04	9.0092529491e-04
11961	9.0088397864e-04	9.0088399774e-04
11962	9.0084270496e-04	9.0084271943e-04
11963	9.0080142281e-04	9.0080146293e-04
11964	9.0076019039e-04	9.0076022649e-04
11965	9.0071896124e-04	9.0071901168e-04
11966	9.0067776495e-04	9.0067781857e-04
11967	9.0063658615e-04	9.0063664686e-04
11968	9.0059542946e-04	9.0059549816e-04
11969	9.0055430512e-04	9.0055437096e-04
11970	9.0051319054e-04	9.0051326745e-04
11971	9.0047211949e-04	9.0047218600e-04
11972	9.0043105522e-04	9.0043112825e-04
11973	9.0039003349e-04	9.0039009351e-04
11974	9.0034901862e-04	9.0034908208e-04
11975	9.0030804325e-04	9.0030809446e-04
11976	9.0026707954e-04	9.0026712975e-04
11977	9.0022614660e-04	9.0022618926e-04
11978	9.0018523524e-04	9.0018527140e-04
11979	9.0014434828e-04	9.0014437767e-04
11980	9.0010348898e-04	9.0010350656e-04
11981	9.0006264561e-04	9.0006265906e-04
11982	9.0002183463e-04	9.0002183423e-04
11983	8.9998103238e-04	8.9998103227e-04
11984	8.9994026114e-04	8.9994025287e-04
11985	8.9989949848e-04	8.9989949539e-04
11986	8.9985876860e-04	8.9985876006e-04
11987	8.9981804821e-04	8.9981804597e-04
11988	8.9977735783e-04	8.9977735363e-04
11989	8.9973668218e-04	8.9973668205e-04
11990	8.9969603209e-04	8.9969603158e-04
11991	8.9965539846e-04	8.9965540154e-04
11992	8.9961478747e-04	8.9961479174e-04
11993	8.9957419685e-04	8.9957420192e-04
11994	8.9953362336e-04	8.9953363150e-04
11995	8.9949307260e-04	8.9949308067e-04
11996	8.9945253774e-04	8.9945254843e-04
11997	8.9941202558e-04	8.9941203536e-04
11998	8.9937152582e-04	8.9937154033e-04
11999	8.9933105234e-04	8.9933106398e-04
12000	8.9929059072e-04	8.9929060514e-04
12001	8.9925015403e-04	8.9925016447e-04
12002	8.9920972975e-04	8.9920974082e-04
12003	8.9916933135e-04	8.9916933481e-04
12004	8.9912894314e-04	8.9912894538e-04
12005	8.9908857875e-04	8.9908857320e-04
12006	8.9904822478e-04	8.9904821711e-04
12007	8.9900789223e-04	8.9900787795e-04
12008	8.9896756804e-04	8.9896755427e-04
12009	8.9892726508e-04	8.9892724726e-04
12010	8.9888697105e-04	8.9888695481e-04
12011	8.9884669679e-04	8.9884667894e-04
12012	8.9880643176e-04	8.9880641650e-04
12013	8.9876618747e-04	8.9876617095e-04
12014	8.9872595160e-04	8.9872593733e-04
12015	8.9868573566e-04	8.9868572137e-04
12016	8.9864552806e-04	8.9864551531e-04
12017	8.9860534046e-04	8.9860532844e-04
12018	8.9856515928e-04	8.9856514851e-04
12019	8.9852499923e-04	8.9852499068e-04
12020	8.9848484493e-04	8.9848483528e-04
12021	8.9844471265e-04	8.9844470701e-04
12022	8.9840458401e-04	8.9840457388e-04
12023	8.9836447982e-04	8.9836447662e-04
12024	8.9832437590e-04	8.9832436222e-04
12025	8.9828429867e-04	8.9828429882e-04
12026	8.9824421765e-04	8.9824419732e-04
12027	8.9820416759e-04	8.9820417317e-04
12028	8.9816410702e-04	8.9816407403e-04
12029	8.9812408425e-04	8.9812409842e-04
12030	8.9808404379e-04	8.9808398125e-04
12031	8.9804405115e-04	8.9804406810e-04
12032	8.9800402784e-04	8.9800388965e-04
12033	8.9796406834e-04	8.9796405408e-04
12034	8.9792405859e-04	8.9792371400e-04
12035	8.9788413465e-04	8.9788394703e-04
12036	8.9784413110e-04	8.9784318690e-04
12037	8.9780425039e-04	8.9780334035e-04
12038	8.9776424279e-04	8.9776142043e-04
12039	8.9772441699e-04	8.9772074057e-04
12040	8.9768439238e-04	8.9767535131e-04
12041	8.9764464281e-04	8.9763071064e-04
12042	8.9760457449e-04	8.9757431748e-04
12043	8.9756493358e-04	8.9751422196e-04
12044	8.9752477743e-04	8.9742379084e-04
12045	8.9748529903e-04	8.9731575584e-04
12046	8.9744498022e-04	8.9714739118e-04
12047	8.9740576188e-04	8.9697199332e-04
12048	8.9736515373e-04	8.9679505090e-04
12049	8.9732636578e-04	8.9675875327e-04
12050	8.9728525047e-04	8.9685024595e-04
12051	8.9724719893e-04	8.9700936580e-04
12052	8.9720519476e-04	8.9712225774e-04
12053	8.9716843819e-04	8.9715493586e-04
12054	8.9712488232e-04	8.9721816680e-04
12055	8.9709047122e-04	8.9734484743e-04
12056	8.9704422980e-04	8.9751582840e-04
12057	8.9701422564e-04	8.9765105257e-04
12058	8.9696345391e-04	8.9773077914e-04
12059	8.9694213568e-04	8.9783781428e-04
12060	8.9688424415e-04	8.9797714543e-04
12061	8.9688124426e-04	8.9811650129e-04
12062	8.9681435356e-04	8.9822137479e-04
12063	8.9685365444e-04	8.9829849580e-04
12064	8.9678498459e-04	8.9840213364e-04
12065	8.9693290788e-04	8.9851100693e-04
12066	8.9691455149e-04	8.9859385756e-04
12067	8.9736787695e-04	8.9865610805e-04
12068	8.9761945430e-04	8.9870939814e-04
12069	8.9892511700e-04	8.9877370650e-04
12070	9.0002417685e-04	8.9882411381e-04
12071	9.0294410155e-04	8.9884531784e-04
12072	9.0444973557e-04	8.9885986701e-04
12073	9.0601603290e-04	8.9886879167e-04
12074	9.0251054188e-04	8.9887024716e-04
12075	8.9868355787e-04	8.9885293679e-04
12076	8.9627365038e-04	8.9881373683e-04
12077	8.9762389830e-04	8.9877163618e-04
12078	9.0053943878e-04	8.9871892800e-04
12079	8.9990025595e-04	8.9864859320e-04
12080	8.9786406848e-04	8.9856267178e-04
12081	8.9609877015e-04	8.9846106479e-04
12082	8.9696442581e-04	8.9835223485e-04
12083	8.9875936180e-04	8.9822896402e-04
12084	8.9781980015e-04	8.9808562880e-04
12085	8.9648177124e-04	8.9793091466e-04
12086	8.9606882012e-04	8.9776153470e-04
12087	8.9686846118e-04	8.9758093536e-04
12088	8.9758861524e-04	8.9738396300e-04
12089	8.9642059580e-04	8.9717128546e-04
12090	8.9580121735e-04	8.9694693686e-04
12091	8.9622849238e-04	8.9671433364e-04
12092	8.9654888220e-04	8.9646831685e-04
12093	8.9650207897e-04	8.9622500749e-04
12094	8.9569630197e-04	8.9597898680e-04
12095	8.9565798289e-04	8.9577073351e-04
12096	8.9619381686e-04	8.9559900012e-04
12097	8.9600073372e-04	8.9552877835e-04
12098	8.9573197908e-04	8.9553521188e-04
12099	8.9547823789e-04	8.9562914342e-04
12100	8.9560302796e-04	8.9565983770e-04
12101	8.9587555866e-04	8.9559671048e-04
12102	8.9550110875e-04	8.9546301839e-04
12103	8.9533657876e-04	8.9536958115e-04
12104	8.9541304869e-04	8.9537370572e-04
12105	8.9542819771e-04	8.9537909934e-04
12106	8.9546645689e-04	8.9533749339e-04
12107	8.9518726435e-04	8.9524533338e-04
12108	8.9514402705e-04	8.9518007436e-04
12109	8.9528665662e-04	8.9517581205e-04
12110	8.9517323589e-04	8.9515534807e-04
12111	8.9512453250e-04	8.9510131894e-04
12112	8.9500508823e-04	8.9503523128e-04
12113	8.9499077816e-04	8.9499580897e-04
12114	8.9507851396e-04	8.9498451639e-04
12115	8.9492605988e-04	8.9494484395e-04
12116	8.9487676522e-04	8.9488880857e-04
12117	8.9485768143e-04	8.9484602584e-04
12118	8.9481672003e-04	8.9481689791e-04
12119	8.9484480247e-04	8.9479113370e-04
12120	8.9472013079e-04	8.9474404296e-04
12121	8.9468272837e-04	8.9469675252e-04
12122	8.9469675147e-04	8.9466707764e-04
12123	8.9462927896e-04	8.9463556293e-04
12124	8.9462392429e-04	8.9459858839e-04
12125	8.9454122561e-04	8.9455509444e-04
12126	8.9450522108e-04	8.9451671188e-04
12127	8.9451836629e-04	8.9448855084e-04
12128	8.9444187053e-04	8.9445202820e-04
12129	8.9442193456e-04	8.9441183446e-04
12130	8.9437136543e-04	8.9437478417e-04
12131	8.9433040465e-04	8.9434007797e-04
12132	8.9433215896e-04	8.9430829301e-04
12133	8.9426018450e-04	8.9426997117e-04
12134	8.9423407702e-04	8.9423125650e-04
12135	8.9420071510e-04	8.9419790283e-04
12136	8.9415414674e-04	8.9416309131e-04
12137	8.9414541374e-04	8.9412809523e-04
12138	8.9408336740e-04	8.9409081602e-04
12139	8.9405324324e-04	8.9405412534e-04
12140	8.9402667137e-04	8.9402127203e-04
12141	8.9397789594e-04	8.9398553351e-04
12142	8.9396153209e-04	8.9394927477e-04
12143	8.9390838700e-04	8.9391359331e-04
12144	8.9387517338e-04	8.9387784445e-04
12145	8.9385031295e-04	8.9384409494e-04
12146	8.9380177181e-04	8.9380802531e-04
12147	8.9378001585e-04	8.9377170610e-04
12148	8.9373367149e-04	8.9373694802e-04
12149	8.9369850884e-04	8.9370136869e-04
12150	8.9367278468e-04	8.9366669720e-04
12151	8.9362578566e-04	8.9363079325e-04
12152	8.9360040139e-04	8.9359470393e-04
12153	8.9355832580e-04	8.9356015086e-04
12154	8.9352180110e-04	8.9352447660e-04
12155	8.9349454052e-04	8.9348921111e-04
12156	8.9344965584e-04	8.9345358755e-04
12157	8.9342160156e-04	8.9341767996e-04
12158	8.9338193547e-04	8.9338295483e-04
12159	8.9334494109e-04	8.9334719407e-04
12160	8.9331600978e-04	8.9331163841e-04
12161	8.9327290880e-04	8.9327619931e-04
12162	8.9324297654e-04	8.9324034548e-04
12163	8.9320469675e-04	8.9320533735e-04
12164	8.9316764958e-04	8.9316955076e-04
12165	8.9313717642e-04	8.9313385815e-04
12166	8.9309573181e-04	8.9309846174e-04
12167	8.9306455008e-04	8.9306260924e-04
12168	8.9302688750e-04	8.9302735755e-04
12169	8.9299006899e-04	8.9299156986e-04
12170	8.9295834408e-04	8.9295580209e-04
12171	8.9291815335e-04	8.9292036553e-04
12172	8.9288599846e-04	8.9288449718e-04
12173	8.9284863848e-04	8.9284905598e-04
12174	8.9281220560e-04	8.9281327059e-04
12175	8.9277936769e-04	8.9277746754e-04
12176	8.9274016854e-04	8.9274195893e-04
12177	8.9270736178e-04	8.9270607936e-04
12178	8.9267009787e-04	8.9267051155e-04
12179	8.9263400599e-04	8.9263472524e-04
12180	8.9260026139e-04	8.9259889633e-04
12181	8.9256187979e-04	8.9256330710e-04
12182	8.9252851005e-04	8.9252742281e-04
12183	8.9249126701e-04	8.9249176481e-04
12184	8.9245553758e-04	8.9245596268e-04
12185	8.9242103347e-04	8.9242011400e-04
12186	8.9238330041e-04	8.9238444991e-04
12187	8.9234947991e-04	8.9234855435e-04
12188	8.9231229563e-04	8.9231282330e-04
12189	8.9227684248e-04	8.9227699483e-04
12190	8.9224170032e-04	8.9224112223e-04
12191	8.9220454154e-04	8.9220538537e-04
12192	8.9217028221e-04	8.9216947359e-04
12193	8.9213314979e-04	8.9213368410e-04
12194	8.9209788645e-04	8.9209782224e-04
12195	8.9206223138e-04	8.9206192277e-04
12196	8.9202553779e-04	8.9202612256e-04
12197	8.9199084148e-04	8.9199018870e-04
12198	8.9195384350e-04	8.9195434458e-04
12199	8.9191867104e-04	8.9191844356e-04
12200	8.9188260426e-04	8.9188251359e-04
12201	8.9184630197e-04	8.9184665315e-04
12202	8.9181117400e-04	8.9181068891e-04
12203	8.9177433879e-04	8.9177479370e-04
12204	8.9173913669e-04	8.9173884903e-04
12205	8.9170279802e-04	8.9170288181e-04
12206	8.9166680293e-04	8.9166696177e-04
12207	8.9163126331e-04	8.9163095973e-04
12208	8.9159465481e-04	8.9159501137e-04
12209	8.9155933658e-04	8.9155901622e-04
12210	8.9152284533e-04	8.9152300697e-04
12211	8.9148704770e-04	8.9148702702e-04
12212	8.9145114415e-04	8.9145098083e-04
12213	8.9141475903e-04	8.9141497854e-04
12214	8.9137921592e-04	8.9137893071e-04
12215	8.9134268724e-04	8.9134287725e-04
12216	8.9130696971e-04	8.9130683754e-04
12217	8.9127077521e-04	8.9127074618e-04
12218	8.9123459441e-04	8.9123469050e-04
12219	8.9119878929e-04	8.9119858918e-04
12220	8.9116232103e-04	8.9116249085e-04
12221	8.9112656343e-04	8.9112639239e-04
12222	8.9109019130e-04	8.9109025583e-04
12223	8.9105415400e-04	8.9105414594e-04
12224	8.9101807807e-04	8.9101799273e-04
12225	8.9098172350e-04	8.9098184941e-04
12226	8.9094582860e-04	8.9094569339e-04
12227	8.9090938749e-04	8.9090951296e-04
12228	8.9087340303e-04	8.9087334838e-04
12229	8.9083712171e-04	8.9083714519e-04
12230	8.9080089531e-04	8.9080095461e-04
12231	8.9076481407e-04	8.9076474251e-04
12232	8.9072840671e-04	8.9072851841e-04
12233	8.9069237806e-04	8.9069229831e-04
12234	8.9065597322e-04	8.9065604815e-04
12235	8.9061981966e-04	8.9061980928e-04
12236	8.9058355076e-04	8.9058354498e-04
12237	8.9054721799e-04	8.9054727771e-04
12238	8.9051106446e-04	8.9051100392e-04
12239	8.9047463510e-04	8.9047470973e-04
12240	8.9043847805e-04	8.9043842104e-04
12241	8.9040207676e-04	8.9040210792e-04
12242	8.9036580658e-04	8.9036579605e-04
12243	8.9032949920e-04	8.9032947019e-04
12244	8.9029310048e-04	8.9029313242e-04
12245	8.9025685254e-04	8.9025679298e-04
12246	8.9022039410e-04	8.9022043346e-04
12247	8.9018412185e-04	8.9018407469e-04
12248	8.9014768605e-04	8.9014769884e-04
12249	8.9011132497e-04	8.9011131653e-04
12250	8.9007494931e-04	8.9007492613e-04
12251	8.9003849651e-04	8.9003852079e-04
12252	8.9000215324e-04	8.9000211315e-04
12253	8.8996565691e-04	8.8996568857e-04
12254	8.8992928970e-04	8.8992925979e-04
12255	8.8989280360e-04	8.8989281907e-04
12256	8.8985637101e-04	8.8985636804e-04
12257	8.8981992030e-04	8.8981991115e-04
12258	8.8978341922e-04	8.8978343969e-04
12259	8.8974698779e-04	8.8974696427e-04
12260	8.8971044852e-04	8.8971047519e-04
12261	8.8967400020e-04	8.8967397906e-04
12262	8.8963745810e-04	8.8963747379e-04
12263	8.8960096297e-04	8.8960095709e-04
12264	8.8956443650e-04	8.8956443495e-04
12265	8.8952788682e-04	8.8952789952e-04
12266	8.8949137129e-04	8.8949135886e-04
12267	8.8945478275e-04	8.8945480667e-04
12268	8.8941825728e-04	8.8941824639e-04
12269	8.8938165475e-04	8.8938167803e-04
12270	8.8934509862e-04	8.8934509849e-04
12271	8.8930849984e-04	8.8930851311e-04
12272	8.8927190314e-04	8.8927191555e-04
12273	8.8923530994e-04	8.8923531183e-04
12274	8.8919867691e-04	8.8919869736e-04
12275	8.8916207833e-04	8.8916207449e-04
12276	8.8912542185e-04	8.8912544332e-04
12277	8.8908880345e-04	8.8908880149e-04
12278	8.8905213727e-04	8.8905215287e-04
12279	8.8901548893e-04	8.8901549283e-04
12280	8.8897881994e-04	8.8897882577e-04
12281	8.8894213926e-04	8.8894214812e-04
12282	8.8890546512e-04	8.8890546194e-04
12283	8.8886875622e-04	8.8886876676e-04
12284	8.8883206889e-04	8.8883206143e-04
12285	8.8879533946e-04	8.8879534817e-04
12286	8.8875863037e-04	8.8875862406e-04
12287	8.8872188748e-04	8.8872189201e-04
12288	8.8868515139e-04	8.8868514943e-04
12289	8.8864839837e-04	8.8864839802e-04
12290	8.8861163442e-04	8.8861163691e-04
12291	8.8857487011e-04	8.8857486580e-04
12292	8.8853808071e-04	8.8853808568e-04
12293	8.8850130073e-04	8.8850129481e-04
12294	8.8846448989e-04	8.8846449502e-04
12295	8.8842768937e-04	8.8842768444e-04
12296	8.8839086088e-04	8.8839086442e-04
12297	8.8835403636e-04	8.8835403409e-04
12298	8.8831719241e-04	8.8831719355e-04
12299	8.8828034249e-04	8.8828034323e-04
12300	8.8824348315e-04	8.8824348206e-04
12301	8.8820660843e-04	8.8820661132e-04
12302	8.8816973220e-04	8.8816972947e-04
12303	8.8813283435e-04	8.8813283783e-04
12304	8.8809593875e-04	8.8809593525e-04
12305	8.8805901968e-04	8.8805902237e-04
12306	8.8802210231e-04	8.8802209891e-04
12307	8.8798516347e-04	8.8798516462e-04
12308	8.8794822274e-04	8.8794822003e-04
12309	8.8791126496e-04	8.8791126422e-04
12310	8.8787430015e-04	8.8787429816e-04
12311	8.8783732319e-04	8.8783732072e-04
12312	8.8780033383e-04	8.8780033284e-04
12313	8.8776333677e-04	8.8776333364e-04
12314	8.8772632357e-04	8.8772632365e-04
12315	8.8768930555e-04	8.8768930249e-04
12316	8.8765226940e-04	8.8765227024e-04
12317	8.8761522971e-04	8.8761522700e-04
12318	8.8757817134e-04	8.8757817243e-04
12319	8.8754110903e-04	8.8754110691e-04
12320	8.8750402887e-04	8.8750402994e-04
12321	8.8746694316e-04	8.8746694185e-04
12322	8.8742984107e-04	8.8742984225e-04
12323	8.8739273145e-04	8.8739273129e-04
12324	8.8735560741e-04	8.8735560885e-04
12325	8.8731847369e-04	8.8731847475e-04
12326	8.8728132757e-04	8.8728132927e-04
12327	8.8724416987e-04	8.8724417187e-04
12328	8.8720700132e-04	8.8720700315e-04
12329	8.8716981958e-04	8.8716982230e-04
12330	8.8713262828e-04	8.8713263014e-04
12331	8.8709542252e-04	8.8709542568e-04
12332	8.8705820805e-04	8.8705820996e-04
12333	8.8702097832e-04	8.8702098174e-04
12334	8.8698374045e-04	8.8698374226e-04
12335	8.8694648675e-04	8.8694649008e-04
12336	8.8690922532e-04	8.8690922664e-04
12337	8.8687194767e-04	8.8687195015e-04
12338	8.8683466247e-04	8.8683466262e-04
12339	8.8679736072e-04	8.8679736155e-04
12340	8.8676005152e-04	8.8676004987e-04
12341	8.8672272444e-04	8.8672272391e-04
12342	8.8668538900e-04	8.8668538810e-04
12343	8.8664803535e-04	8.8664803677e-04
12344	8.8661067417e-04	8.8661067689e-04
12345	8.8657329438e-04	8.8657329948e-04
12346	8.8653590862e-04	8.8653591568e-04
12347	8.8649850393e-04	8.8649851117e-04
12348	8.8646109404e-04	8.8646110400e-04
12349	8.8642366374e-04	8.8642367092e-04
12350	8.8638622959e-04	8.8638624148e-04
12351	8.8634877237e-04	8.8634877741e-04
12352	8.8631131309e-04	8.8631132771e-04
12353	8.8627382814e-04	8.8627382845e-04
12354	8.8623634450e-04	8.8623636212e-04
12355	8.8619883114e-04	8.8619882028e-04
12356	8.8616132275e-04	8.8616134377e-04
12357	8.8612377656e-04	8.8612374565e-04
12358	8.8608624597e-04	8.8608626970e-04
12359	8.8604866637e-04	8.8604858793e-04
12360	8.8601111442e-04	8.8601112754e-04
12361	8.8597350042e-04	8.8597330248e-04
12362	8.8593593095e-04	8.8593586826e-04
12363	8.8589827467e-04	8.8589775518e-04
12364	8.8586069146e-04	8.8586030522e-04
12365	8.8582298561e-04	8.8582151263e-04
12366	8.8578539437e-04	8.8578374472e-04
12367	8.8574762635e-04	8.8574310177e-04
12368	8.8571004320e-04	8.8570363350e-04
12369	8.8567219475e-04	8.8565736879e-04
12370	8.8563464366e-04	8.8561070302e-04
12371	8.8559668505e-04	8.8554646909e-04
12372	8.8555920476e-04	8.8547357319e-04
12373	8.8552108072e-04	8.8535657624e-04
12374	8.8548373964e-04	8.8521473538e-04
12375	8.8544536076e-04	8.8500964046e-04
12376	8.8540827861e-04	8.8483973863e-04
12377	8.8536949257e-04	8.8474275976e-04
12378	8.8533288417e-04	8.8482648206e-04
12379	8.8529342336e-04	8.8499478956e-04
12380	8.8525767346e-04	8.8512813066e-04
12381	8.8521706968e-04	8.8519395671e-04
12382	8.8518288658e-04	8.8523446169e-04
12383	8.8514032428e-04	8.8536804453e-04
12384	8.8510906668e-04	8.8555151192e-04
12385	8.8506316823e-04	8.8570405779e-04
12386	8.8503755656e-04	8.8581137077e-04
12387	8.8498617323e-04	8.8590887678e-04
12388	8.8497205944e-04	8.8606226655e-04
12389	8.8491256834e-04	8.8622149084e-04
12390	8.8492371585e-04	8.8633634173e-04
12391	8.8485624288e-04	8.8643365104e-04
12392	8.8492861808e-04	8.8653711505e-04
12393	8.8487180596e-04	8.8666059071e-04
12394	8.8510922761e-04	8.8676352498e-04
12395	8.8516301366e-04	8.8682891856e-04
12396	8.8587713081e-04	8.8689711474e-04
12397	8.8640954865e-04	8.8696782423e-04
12398	8.8838080078e-04	8.8702796356e-04
12399	8.9003242515e-04	8.8706455475e-04
12400	8.9344565805e-04	8.8707950281e-04
12401	8.9383530346e-04	8.8709884405e-04
12402	8.9282150835e-04	8.8710829209e-04
12403	8.8747854659e-04	8.8709400886e-04
12404	8.8456730933e-04	8.8706470283e-04
12405	8.8551935954e-04	8.8702239748e-04
12406	8.8789771237e-04	8.8697464319e-04
12407	8.8918517356e-04	8.8690974351e-04
12408	8.8627301716e-04	8.8682174939e-04
12409	8.8434155657e-04	8.8672430443e-04
12410	8.8503151651e-04	8.8661432984e-04
12411	8.8640889190e-04	8.8648945105e-04
12412	8.8674338472e-04	8.8634776472e-04
12413	8.8466961974e-04	8.8618655431e-04
12414	8.8402763354e-04	8.8601647230e-04
12415	8.8513916119e-04	8.8583069002e-04
12416	8.8548223447e-04	8.8562790256e-04
12417	8.8500496117e-04	8.8540945975e-04
12418	8.8390225519e-04	8.8517793972e-04
12419	8.8409059772e-04	8.8493387605e-04
12420	8.8496326070e-04	8.8468307298e-04
12421	8.8450877804e-04	8.8441873746e-04
12422	8.8396754229e-04	8.8416794338e-04
12423	8.8380632688e-04	8.8392695865e-04
12424	8.8410336348e-04	8.8374703083e-04
12425	8.8439803333e-04	8.8362936056e-04
12426	8.8377902429e-04	8.8364020980e-04
12427	8.8356955114e-04	8.8370757368e-04
12428	8.8383968204e-04	8.8378818727e-04
12429	8.8384870477e-04	8.8373762926e-04
12430	8.8378493142e-04	8.8360567443e-04
12431	8.8343266161e-04	8.8349939220e-04
12432	8.8344497154e-04	8.8347356597e-04
12433	8.8369736574e-04	8.8350595702e-04
12434	8.8348730804e-04	8.8346849302e-04
12435	8.8336586841e-04	8.8337841179e-04
12436	8.8329747161e-04	8.8330828821e-04
12437	8.8331544534e-04	8.8328623510e-04
12438	8.8341703082e-04	8.8328631963e-04
12439	8.8318828387e-04	8.8323243239e-04
12440	8.8312318683e-04	8.8316093682e-04
12441	8.8318123481e-04	8.8312391154e-04
12442	8.8312276042e-04	8.8310407623e-04
12443	8.8312510177e-04	8.8307716421e-04
12444	8.8298174880e-04	8.8301982846e-04
12445	8.8295119851e-04	8.8296907922e-04
12446	8.8301542373e-04	8.8294745865e-04
12447	8.8291061654e-04	8.8291779132e-04
12448	8.8288216565e-04	8.8287514812e-04
12449	8.8281989635e-04	8.8282826854e-04
12450	8.8278484162e-04	8.8279230847e-04
12451	8.8281795345e-04	8.8276849456e-04
12452	8.8271270149e-04	8.8272941504e-04
12453	8.8268017665e-04	8.8268529128e-04
12454	8.8266093411e-04	8.8265004322e-04
12455	8.8261031849e-04	8.8261779060e-04
12456	8.8261553065e-04	8.8258601110e-04
12457	8.8253192284e-04	8.8254527459e-04
12458	8.8249896875e-04	8.8250587902e-04
12459	8.8249269315e-04	8.8247537522e-04
12460	8.8243195020e-04	8.8244106064e-04
12461	8.8242072124e-04	8.8240449158e-04
12462	8.8235993660e-04	8.8236687608e-04
12463	8.8232361172e-04	8.8233111397e-04
12464	8.8231634080e-04	8.8229982085e-04
12465	8.8225493242e-04	8.8226354204e-04
12466	8.8223469882e-04	8.8222623008e-04
12467	8.8218944329e-04	8.8219166081e-04
12468	8.8214954985e-04	8.8215685338e-04
12469	8.8213723245e-04	8.8212332590e-04
12470	8.8207971579e-04	8.8208690734e-04
12471	8.8205410134e-04	8.8205044824e-04
12472	8.8201760442e-04	8.8201701381e-04
12473	8.8197531113e-04	8.8198190538e-04
12474	8.8195775571e-04	8.8194693880e-04
12475	8.8190579557e-04	8.8191130706e-04
12476	8.8187673390e-04	8.8187559448e-04
12477	8.8184399065e-04	8.8184199390e-04
12478	8.8180098920e-04	8.8180656596e-04
12479	8.8177930275e-04	8.8177106158e-04
12480	8.8173203670e-04	8.8173611901e-04
12481	8.8170058906e-04	8.8170069616e-04
12482	8.8166918696e-04	8.8166651592e-04
12483	8.8162661825e-04	8.8163103360e-04
12484	8.8160162295e-04	8.8159545668e-04
12485	8.8155790387e-04	8.8156081527e-04
12486	8.8152497071e-04	8.8152540962e-04
12487	8.8149341026e-04	8.8149071553e-04
12488	8.8145175018e-04	8.8145532375e-04
12489	8.8142435025e-04	8.8141976759e-04
12490	8.8138296421e-04	8.8138510213e-04
12491	8.8134910558e-04	8.8134964294e-04
12492	8.8131697124e-04	8.8131460657e-04
12493	8.8127642559e-04	8.8127929361e-04
12494	8.8124712000e-04	8.8124374424e-04
12495	8.8120723757e-04	8.8120891692e-04
12496	8.8117296090e-04	8.8117339875e-04
12497	8.8114000155e-04	8.8113813764e-04
12498	8.8110048074e-04	8.8110283546e-04
12499	8.8106979923e-04	8.8106725337e-04
12500	8.8103085212e-04	8.8103221781e-04
12501	8.8099634992e-04	8.8099664777e-04
12502	8.8096259793e-04	8.8096123659e-04
12503	8.8092400847e-04	8.8092588174e-04
12504	8.8089220338e-04	8.8089024756e-04
12505	8.8085385397e-04	8.8085502129e-04
12506	8.8081932881e-04	8.8081939944e-04
12507	8.8078482507e-04	8.8078387159e-04
12508	8.8074698939e-04	8.8074843125e-04
12509	8.8071430488e-04	8.8071274180e-04
12510	8.8067635406e-04	8.8067734986e-04
12511	8.8064179267e-04	8.8064167204e-04
12512	8.8060663420e-04	8.8060604877e-04
12513	8.8056944750e-04	8.8057050489e-04
12514	8.8053598476e-04	8.8053475139e-04
12515	8.8049833501e-04	8.8049921505e-04
12516	8.8046376326e-04	8.8046347007e-04
12517	8.8042804288e-04	8.8042775349e-04
12518	8.8039136099e-04	8.8039209956e-04
12519	8.8035721922e-04	8.8035627754e-04
12520	8.8031983735e-04	8.8032061039e-04
12521	8.8028517560e-04	8.8028478764e-04
12522	8.8024902003e-04	8.8024897968e-04
12523	8.8021276927e-04	8.8021321409e-04
12524	8.8017800458e-04	8.8017731492e-04
12525	8.8014089043e-04	8.8014152767e-04
12526	8.8010608974e-04	8.8010562065e-04
12527	8.8006961337e-04	8.8006971955e-04
12528	8.8003366256e-04	8.8003384390e-04
12529	8.7999832889e-04	8.7999786312e-04
12530	8.7996147502e-04	8.7996196262e-04
12531	8.7992642268e-04	8.7992596569e-04
12532	8.7988974367e-04	8.7988997293e-04
12533	8.7985398998e-04	8.7985399136e-04
12534	8.7981815852e-04	8.7981792606e-04
12535	8.7978156869e-04	8.7978192031e-04
12536	8.7974621879e-04	8.7974583318e-04
12537	8.7970947357e-04	8.7970975044e-04
12538	8.7967379581e-04	8.7967366632e-04
12539	8.7963757121e-04	8.7963751641e-04
12540	8.7960121545e-04	8.7960141001e-04
12541	8.7956550421e-04	8.7956523158e-04
12542	8.7952879104e-04	8.7952906142e-04
12543	8.7949306623e-04	8.7949287813e-04
12544	8.7945656376e-04	8.7945664451e-04
12545	8.7942038238e-04	8.7942044161e-04
12546	8.7938431959e-04	8.7938417445e-04
12547	8.7934771501e-04	8.7934791928e-04
12548	8.7931182864e-04	8.7931164027e-04
12549	8.7927518139e-04	8.7927532672e-04
12550	8.7923907850e-04	8.7923903083e-04
12551	8.7920270212e-04	8.7920267907e-04
12552	8.7916622816e-04	8.7916634198e-04
12553	8.7913010621e-04	8.7912997248e-04
12554	8.7909343114e-04	8.7909358254e-04
12555	8.7905729672e-04	8.7905719647e-04
12556	8.7902070425e-04	8.7902076473e-04
12557	8.7898432639e-04	8.7898434527e-04
12558	8.7894794031e-04	8.7894788819e-04
12559	8.7891131205e-04	8.7891142190e-04
12560	8.7887503524e-04	8.7887494586e-04
12561	8.7883832793e-04	8.7883843598e-04
12562	8.7880196618e-04	8.7880193237e-04
12563	8.7876535984e-04	8.7876539158e-04
12564	8.7872880029e-04	8.7872884801e-04
12565	8.7869232905e-04	8.7869228445e-04
12566	8.7865561367e-04	8.7865569833e-04
12567	8.7861917365e-04	8.7861910916e-04
12568	8.7858242671e-04	8.7858248723e-04
12569	8.7854588646e-04	8.7854586325e-04
12570	8.7850921015e-04	8.7850921337e-04
12571	8.7847251500e-04	8.7847254898e-04
12572	8.7843591366e-04	8.7843587262e-04
12573	8.7839911153e-04	8.7839916998e-04
12574	8.7836250658e-04	8.7836246170e-04
12575	8.7832568563e-04	8.7832572633e-04
12576	8.7828899456e-04	8.7828898018e-04
12577	8.7825221462e-04	8.7825221525e-04
12578	8.7821540606e-04	8.7821542981e-04
12579	8.7817866350e-04	8.7817863356e-04
12580	8.7814177089e-04	8.7814181187e-04
12581	8.7810501361e-04	8.7810497979e-04
12582	8.7806809777e-04	8.7806812537e-04
12583	8.7803127234e-04	8.7803125453e-04
12584	8.7799437190e-04	8.7799436779e-04
12585	8.7795745506e-04	8.7795745850e-04
12586	8.7792056842e-04	8.7792053688e-04
12587	8.7788357682e-04	8.7788359148e-04
12588	8.7784667128e-04	8.7784663164e-04
12589	8.7780964293e-04	8.7780965167e-04
12590	8.7777268191e-04	8.7777265231e-04
12591	8.7773564591e-04	8.7773563741e-04
12592	8.7769861177e-04	8.7769859984e-04
12593	8.7766157447e-04	8.7766154843e-04
12594	8.7762447314e-04	8.7762447487e-04
12595	8.7758741857e-04	8.7758738531e-04
12596	8.7755027179e-04	8.7755027692e-04
12597	8.7751317586e-04	8.7751314884e-04
12598	8.7747600562e-04	8.7747600504e-04
12599	8.7743885258e-04	8.7743883943e-04
12600	8.7740166895e-04	8.7740165885e-04
12601	8.7736445648e-04	8.7736445712e-04
12602	8.7732725566e-04	8.7732723884e-04
12603	8.7728999348e-04	8.7729000195e-04
12604	8.7725276221e-04	8.7725274603e-04
12605	8.7721546436e-04	8.7721547381e-04
12606	8.7717818892e-04	8.7717818112e-04
12607	8.7714086532e-04	8.7714087279e-04
12608	8.7710353860e-04	8.7710354440e-04
12609	8.7706619256e-04	8.7706619949e-04
12610	8.7702881555e-04	8.7702883614e-04
12611	8.7699144323e-04	8.7699145471e-04
12612	8.7695402366e-04	8.7695405670e-04
12613	8.7691662334e-04	8.7691663988e-04
12614	8.7687917688e-04	8.7687920739e-04
12615	8.7684174085e-04	8.7684175625e-04
12616	8.7680426963e-04	8.7680428890e-04
12617	8.7676679032e-04	8.7676680331e-04
12618	8.7672928774e-04	8.7672930003e-04
12619	8.7669176075e-04	8.7669177909e-04
12620	8.7665422644e-04	8.7665423917e-04
12621	8.7661665563e-04	8.7661668189e-04
12622	8.7657908805e-04	8.7657910531e-04
12623	8.7654148377e-04	8.7654151114e-04
12624	8.7650388152e-04	8.7650389792e-04
12625	8.7646624560e-04	8.7646626628e-04
12626	8.7642860462e-04	8.7642861586e-04
12627	8.7639093527e-04	8.7639094606e-04
12628	8.7635325025e-04	8.7635325782e-04
12629	8.7631554777e-04	8.7631554961e-04
12630	8.7627782135e-04	8.7627782293e-04
12631	8.7624008476e-04	8.7624007618e-04
12632	8.7620232000e-04	8.7620231048e-04
12633	8.7616454866e-04	8.7616452485e-04
12634	8.7612674608e-04	8.7612671961e-04
12635	8.7608893727e-04	8.7608889458e-04
12636	8.7605109780e-04	8.7605104922e-04
12637	8.7601323914e-04	8.7601318413e-04
12638	8.7597534854e-04	8.7597529826e-04
12639	8.7593743298e-04	8.7593739268e-04
12640	8.7589949161e-04	8.7589946647e-04
12641	8.7586152717e-04	8.7586152046e-04
12642	8.7582355199e-04	8.7582355402e-04
12643	8.7578555295e-04	8.7578556751e-04
12644	8.7574754605e-04	8.7574756062e-04
12645	8.7570951471e-04	8.7570953319e-04
12646	8.7567147126e-04	8.7567148534e-04
12647	8.7563339643e-04	8.7563341658e-04
12648	8.7559530877e-04	8.7559532730e-04
12649	8.7555719121e-04	8.7555721710e-04
12650	8.7551906192e-04	8.7551908644e-04
12651	8.7548091004e-04	8.7548093506e-04
12652	8.7544274315e-04	8.7544276292e-04
12653	8.7540455060e-04	8.7540456987e-04
12654	8.7536634298e-04	8.7536635550e-04
12655	8.7532810969e-04	8.7532812014e-04
12656	8.7528985732e-04	8.7528986317e-04
12657	8.7525158272e-04	8.7525158543e-04
12658	8.7521328743e-04	8.7521328610e-04
12659	8.7517496947e-04	8.7517496637e-04
12660	8.7513663218e-04	8.7513662506e-04
12661	8.7509827431e-04	8.7509826366e-04
12662	8.7505989388e-04	8.7505988048e-04
12663	8.7502149361e-04	8.7502147713e-04
12664	8.7498306945e-04	8.7498305114e-04
12665	8.7494462381e-04	8.7494460480e-04
12666	8.7490615422e-04	8.7490613477e-04
12667	8.7486766474e-04	8.7486764463e-04
12668	8.7482914908e-04	8.7482912960e-04
12669	8.7479061444e-04	8.7479059558e-04
12670	8.7475205423e-04	8.7475203506e-04
12671	8.7471347535e-04	8.7471345775e-04
12672	8.7467487033e-04	8.7467485135e-04
12673	8.7463624810e-04	8.7463623167e-04
12674	8.7459759603e-04	8.7459757816e-04
12675	8.7455892418e-04	8.7455891746e-04
12676	8.7452022045e-04	8.7452021487e-04
12677	8.7448150667e-04	8.7448151585e-04
12678	8.7444276497e-04	8.7444276088e-04
12679	8.7440401609e-04	8.7440402812e-04
12680	8.7436523578e-04	8.7436521396e-04
12681	8.7432644919e-04	8.7432645508e-04
12682	8.7428762089e-04	8.7428756810e-04
12683	8.7424879057e-04	8.7424879505e-04
12684	8.7420990964e-04	8.7420980606e-04
12685	8.7417103534e-04	8.7417103457e-04
12686	8.7413210159e-04	8.7413187582e-04
12687	8.7409319303e-04	8.7409311259e-04
12688	8.7405420777e-04	8.7405361001e-04
12689	8.7401527184e-04	8.7401478278e-04
12690	8.7397622832e-04	8.7397443499e-04
12691	8.7393726809e-04	8.7393508603e-04
12692	8.7389815604e-04	8.7389229543e-04
12693	8.7385919258e-04	8.7385033092e-04
12694	8.7381999935e-04	8.7379964996e-04
12695	8.7378105397e-04	8.7374660175e-04
12696	8.7374175046e-04	8.7366952715e-04
12697	8.7370285744e-04	8.7357633815e-04
12698	8.7366338966e-04	8.7342301382e-04
12699	8.7362461582e-04	8.7323713912e-04
12700	8.7358489655e-04	8.7299544664e-04
12701	8.7354635912e-04	8.7284860265e-04
12702	8.7350623791e-04	8.7284708003e-04
12703	8.7346815230e-04	8.7301994880e-04
12704	8.7342735722e-04	8.7320416134e-04
12705	8.7339011864e-04	8.7328618708e-04
12706	8.7334816352e-04	8.7334023596e-04
12707	8.7331251718e-04	8.7344862694e-04
12708	8.7326854861e-04	8.7365656463e-04
12709	8.7323596736e-04	8.7385148707e-04
12710	8.7318853190e-04	8.7396790743e-04
12711	8.7316207396e-04	8.7408932446e-04
12712	8.7310894378e-04	8.7425406726e-04
12713	8.7309547015e-04	8.7444217319e-04
12714	8.7303432192e-04	8.7458889459e-04
12715	8.7305089487e-04	8.7469225671e-04
12716	8.7298455117e-04	8.7482601975e-04
12717	8.7307882700e-04	8.7497334536e-04
12718	8.7304049914e-04	8.7509164462e-04
12719	8.7335926353e-04	8.7518140363e-04
12720	8.7351291194e-04	8.7526239468e-04
12721	8.7451547503e-04	8.7535868228e-04
12722	8.7543202974e-04	8.7543668144e-04
12723	8.7818543861e-04	8.7547816314e-04
12724	8.8046205839e-04	8.7551509491e-04
12725	8.8404788037e-04	8.7554848785e-04
12726	8.8266621286e-04	8.7556800756e-04
12727	8.7901274843e-04	8.7556348891e-04
12728	8.7342913583e-04	8.7553701367e-04
12729	8.7275639033e-04	8.7550936516e-04
12730	8.7620582688e-04	8.7546698898e-04
12731	8.7759350014e-04	8.7539865058e-04
12732	8.7615581405e-04	8.7531524824e-04
12733	8.7268531089e-04	8.7521769622e-04
12734	8.7269324216e-04	8.7510793211e-04
12735	8.7516612404e-04	8.7497838583e-04
12736	8.7502398132e-04	8.7482538232e-04
12737	8.7339632410e-04	8.7466210230e-04
12738	8.7216300682e-04	8.7448247830e-04
12739	8.7310087899e-04	8.7428349828e-04
12740	8.7431596463e-04	8.7406610617e-04
12741	8.7301431442e-04	8.7383165020e-04
12742	8.7206237287e-04	8.7358308078e-04
12743	8.7251018522e-04	8.7332060825e-04
12744	8.7304035221e-04	8.7303764753e-04
12745	8.7294142982e-04	8.7275191624e-04
12746	8.7191690863e-04	8.7245777799e-04
12747	8.7193804150e-04	8.7218428259e-04
12748	8.7265541923e-04	8.7193426322e-04
12749	8.7232801038e-04	8.7177160386e-04
12750	8.7189529040e-04	8.7170282239e-04
12751	8.7176185866e-04	8.7178275929e-04
12752	8.7198943759e-04	8.7187269072e-04
12753	8.7219116664e-04	8.7189553229e-04
12754	8.7166135677e-04	8.7176766853e-04
12755	8.7152932825e-04	8.7161856721e-04
12756	8.7180205614e-04	8.7157676961e-04
12757	8.7172447239e-04	8.7159516590e-04
12758	8.7160812834e-04	8.7159421138e-04
12759	8.7139045372e-04	8.7149912858e-04
12760	8.7143006509e-04	8.7140343978e-04
12761	8.7160644980e-04	8.7138738466e-04
12762	8.7135494900e-04	8.7138018733e-04
12763	8.7125386957e-04	8.7133575563e-04
12764	8.7129645962e-04	8.7125668514e-04
12765	8.7126721175e-04	8.7120625413e-04
12766	8.7127734838e-04	8.7120011878e-04
12767	8.7109669825e-04	8.7116336214e-04
12768	8.7106609531e-04	8.7110147666e-04
12769	8.7115227145e-04	8.7105385861e-04
12770	8.7103425400e-04	8.7102564291e-04
12771	8.7099021640e-04	8.7100100719e-04
12772	8.7093380986e-04	8.7094888812e-04
12773	8.7090200101e-04	8.7089812706e-04
12774	8.7093739851e-04	8.7087145842e-04
12775	8.7081427839e-04	8.7083903155e-04
12776	8.7077443704e-04	8.7079681544e-04
12777	8.7077966494e-04	8.7075154041e-04
12778	8.7071697638e-04	8.7071463593e-04
12779	8.7070942068e-04	8.7068698472e-04
12780	8.7062790851e-04	8.7064585577e-04
12781	8.7059131385e-04	8.7060203776e-04
12782	8.7060224311e-04	8.7056759496e-04
12783	8.7052413015e-04	8.7053308681e-04
12784	8.7049888895e-04	8.7049734074e-04
12785	8.7045593827e-04	8.7045617660e-04
12786	8.7041153050e-04	8.7041740803e-04
12787	8.7040912135e-04	8.7038561179e-04
12788	8.7033735864e-04	8.7034816500e-04
12789	8.7030551565e-04	8.7030901125e-04
12790	8.7028154579e-04	8.7027203824e-04
12791	8.7022928185e-04	8.7023575752e-04
12792	8.7021396174e-04	8.7020132523e-04
12793	8.7015622887e-04	8.7016276353e-04
12794	8.7012004075e-04	8.7012437569e-04
12795	8.7010087080e-04	8.7008966009e-04
12796	8.7004599890e-04	8.7005298692e-04
12797	8.7002226560e-04	8.7001619363e-04
12798	8.6997698150e-04	8.6997873630e-04
12799	8.6993686424e-04	8.6994153131e-04
12800	8.6991602758e-04	8.6990653726e-04
12801	8.6986337277e-04	8.6986922902e-04
12802	8.6983426715e-04	8.6983175217e-04
12803	8.6979651730e-04	8.6979544967e-04
12804	8.6975398392e-04	8.6975855750e-04
12805	8.6972988996e-04	8.6972251897e-04
12806	8.6968112368e-04	8.6968524355e-04
12807	8.6964847977e-04	8.6964789536e-04
12808	8.6961435060e-04	8.6961193077e-04
12809	8.6957079594e-04	8.6957489462e-04
12810	8.6954352092e-04	8.6953810958e-04
12811	8.6949857472e-04	8.6950116887e-04
12812	8.6946350792e-04	8.6946396643e-04
12813	8.6943052325e-04	8.6942775499e-04
12814	8.6938720491e-04	8.6939060374e-04
12815	8.6935732093e-04	8.6935348395e-04
12816	8.6931514489e-04	8.6931675890e-04
12817	8.6927860228e-04	8.6927956504e-04
12818	8.6924559104e-04	8.6924296465e-04
12819	8.6920302235e-04	8.6920579461e-04
12820	8.6917119581e-04	8.6916853801e-04
12821	8.6913088198e-04	8.6913181592e-04
12822	8.6909346247e-04	8.6909455087e-04
12823	8.6905987663e-04	8.6905762001e-04
12824	8.6901824208e-04	8.6902046194e-04
12825	8.6898494942e-04	8.6898312242e-04
12826	8.6894570742e-04	8.6894626419e-04
12827	8.6890793624e-04	8.6890892266e-04
12828	8.6887363229e-04	8.6887175735e-04
12829	8.6883281275e-04	8.6883457380e-04
12830	8.6879847350e-04	8.6879715724e-04
12831	8.6875978889e-04	8.6876012111e-04
12832	8.6872188056e-04	8.6872271146e-04
12833	8.6868686824e-04	8.6868538268e-04
12834	8.6864674209e-04	8.6864813468e-04
12835	8.6861162271e-04	8.6861063949e-04
12836	8.6857318413e-04	8.6857342683e-04
12837	8.6853531645e-04	8.6853595073e-04
12838	8.6849963821e-04	8.6849849546e-04
12839	8.6846003267e-04	8.6846114894e-04
12840	8.6842435402e-04	8.6842357478e-04
12841	8.6838597284e-04	8.6838620321e-04
12842	8.6834818086e-04	8.6834864988e-04
12843	8.6831193130e-04	8.6831108405e-04
12844	8.6827273006e-04	8.6827362164e-04
12845	8.6823660595e-04	8.6823596436e-04
12846	8.6819820988e-04	8.6819845026e-04
12847	8.6816051733e-04	8.6816081172e-04
12848	8.6812374736e-04	8.6812314296e-04
12849	8.6808485364e-04	8.6808555768e-04
12850	8.6804836611e-04	8.6804781392e-04
12851	8.6800990784e-04	8.6801016825e-04
12852	8.6797229498e-04	8.6797243381e-04
12853	8.6793508550e-04	8.6793466417e-04
12854	8.6789642791e-04	8.6789695605e-04
12855	8.6785960160e-04	8.6785912116e-04
12856	8.6782108423e-04	8.6782135211e-04
12857	8.6778350373e-04	8.6778351603e-04
12858	8.6774589628e-04	8.6774564358e-04
12859	8.6770743053e-04	8.6770781278e-04
12860	8.6767028142e-04	8.6766988120e-04
12861	8.6763171740e-04	8.6763199183e-04
12862	8.6759412705e-04	8.6759404845e-04
12863	8.6755618405e-04	8.6755607111e-04
12864	8.6751786122e-04	8.6751811895e-04
12865	8.6748039502e-04	8.6748008507e-04
12866	8.6744182177e-04	8.6744207751e-04
12867	8.6740416452e-04	8.6740402293e-04
12868	8.6736594701e-04	8.6736593695e-04
12869	8.6732772777e-04	8.6732786376e-04
12870	8.6728994043e-04	8.6728972267e-04
12871	8.6725137673e-04	8.6725159719e-04
12872	8.6721359453e-04	8.6721342857e-04
12873	8.6717516634e-04	8.6717523226e-04
12874	8.6713699984e-04	8.6713703847e-04
12875	8.6709891524e-04	8.6709878665e-04
12876	8.6706038461e-04	8.6706054363e-04
12877	8.6702242090e-04	8.6702225841e-04
12878	8.6698384903e-04	8.6698394983e-04
12879	8.6694567237e-04	8.6694563557e-04
12880	8.6690731451e-04	8.6690727116e-04
12881	8.6686881513e-04	8.6686891063e-04
12882	8.6683063119e-04	8.6683050797e-04
12883	8.6679197744e-04	8.6679208651e-04
12884	8.6675372779e-04	8.6675365127e-04
12885	8.6671515483e-04	8.6671517334e-04
12886	8.6667666665e-04	8.6667669461e-04
12887	8.6663824446e-04	8.6663817367e-04
12888	8.6659955175e-04	8.6659963817e-04
12889	8.6656116227e-04	8.6656108127e-04
12890	8.6652243028e-04	8.6652248895e-04
12891	8.6648391036e-04	8.6648389033e-04
12892	8.6644526665e-04	8.6644525114e-04
12893	8.6640655450e-04	8.6640660007e-04
12894	8.6636798122e-04	8.6636792144e-04
12895	8.6632915190e-04	8.6632921462e-04
12896	8.6629053901e-04	8.6629049478e-04
12897	8.6625170864e-04	8.6625173772e-04
12898	8.6621296179e-04	8.6621296887e-04
12899	8.6617418902e-04	8.6617416855e-04
12900	8.6613530207e-04	8.6613534583e-04
12901	8.6609654691e-04	8.6609650370e-04
12902	8.6605758989e-04	8.6605762930e-04
12903	8.6601876886e-04	8.6601874071e-04
12904	8.6597981338e-04	8.6597981977e-04
12905	8.6594087592e-04	8.6594087970e-04
12906	8.6590194179e-04	8.6590191494e-04
12907	8.6586289706e-04	8.6586292270e-04
12908	8.6582394867e-04	8.6582391239e-04
12909	8.6578484798e-04	8.6578487117e-04
12910	8.6574583053e-04	8.6574581153e-04
12911	8.6570672135e-04	8.6570672444e-04
12912	8.6566760719e-04	8.6566761347e-04
12913	8.6562849754e-04	8.6562848063e-04
12914	8.6558929843e-04	8.6558931931e-04
12915	8.6555016158e-04	8.6555013839e-04
12916	8.6551091011e-04	8.6551092909e-04
12917	8.6547171032e-04	8.6547169782e-04
12918	8.6543243622e-04	8.6543244190e-04
12919	8.6539315432e-04	8.6539315995e-04
12920	8.6535386470e-04	8.6535385651e-04
12921	8.6531450827e-04	8.6531452516e-04
12922	8.6527518667e-04	8.6527517233e-04
12923	8.6523577722e-04	8.6523579297e-04
12924	8.6519640026e-04	8.6519638956e-04
12925	8.6515695644e-04	8.6515696254e-04
12926	8.6511750915e-04	8.6511750889e-04
12927	8.6507803798e-04	8.6507803335e-04
12928	8.6503852119e-04	8.6503853071e-04
12929	8.6499901553e-04	8.6499900544e-04
12930	8.6495944232e-04	8.6495945464e-04
12931	8.6491988773e-04	8.6491987907e-04
12932	8.6488027166e-04	8.6488027997e-04
12933	8.6484065666e-04	8.6484065434e-04
12934	8.6480100452e-04	8.6480100603e-04
12935	8.6476132553e-04	8.6476133099e-04
12936	8.6472163620e-04	8.6472163247e-04
12937	8.6468189807e-04	8.6468190843e-04
12938	8.6464216411e-04	8.6464215933e-04
12939	8.6460237575e-04	8.6460238610e-04
12940	8.6456258863e-04	8.6456258659e-04
12941	8.6452275675e-04	8.6452276352e-04
12942	8.6448291152e-04	8.6448291398e-04
12943	8.6444303843e-04	8.6444304035e-04
12944	8.6440313473e-04	8.6440314093e-04
12945	8.6436321844e-04	8.6436321633e-04
12946	8.6432325969e-04	8.6432326684e-04
12947	8.6428329523e-04	8.6428329129e-04
12948	8.6424328624e-04	8.6424329138e-04
12949	8.6420326880e-04	8.6420326526e-04
12950	8.6416321296e-04	8.6416321452e-04
12951	8.6412313950e-04	8.6412313795e-04
12952	8.6408303699e-04	8.6408303599e-04
12953	8.6404290646e-04	8.6404290865e-04
12954	8.6400275659e-04	8.6400275522e-04
12955	8.6396257101e-04	8.6396257663e-04
12956	8.6392237169e-04	8.6392237163e-04
12957	8.6388213408e-04	8.6388214135e-04
12958	8.6384188263e-04	8.6384188475e-04
12959	8.6380159478e-04	8.6380160236e-04
12960	8.6376128929e-04	8.6376129389e-04
12961	8.6372095186e-04	8.6372095894e-04
12962	8.6368059106e-04	8.6368059807e-04
12963	8.6364020410e-04	8.6364021032e-04
12964	8.6359978826e-04	8.6359979667e-04
12965	8.6355935104e-04	8.6355935605e-04
12966	8.6351888137e-04	8.6351888934e-04
12967	8.6347839254e-04	8.6347839571e-04
12968	8.6343786971e-04	8.6343787556e-04
12969	8.6339732789e-04	8.6339732854e-04
12970	8.6335675272e-04	8.6335675450e-04
12971	8.6331615705e-04	8.6331615352e-04
12972	8.6327552911e-04	8.6327552514e-04
12973	8.6323487549e-04	8.6323486965e-04
12974	8.6319419143e-04	8.6319418656e-04
12975	8.6315348083e-04	8.6315347612e-04
12976	8.6311274047e-04	8.6311273803e-04
12977	8.6307197438e-04	8.6307197226e-04
12978	8.6303118086e-04	8.6303117880e-04
12979	8.6299035832e-04	8.6299035727e-04
12980	8.6294951063e-04	8.6294950798e-04
12981	8.6290863206e-04	8.6290863028e-04
12982	8.6286772744e-04	8.6286772468e-04
12983	8.6282679080e-04	8.6282679045e-04
12984	8.6278583079e-04	8.6278582817e-04
12985	8.6274483766e-04	8.6274483712e-04
12986	8.6270382411e-04	8.6270381788e-04
12987	8.6266277610e-04	8.6266276973e-04
12988	8.6262170497e-04	8.6262169321e-04
12989	8.6258059823e-04	8.6258058759e-04
12990	8.6253946692e-04	8.6253945348e-04
12991	8.6249829900e-04	8.6249829001e-04
12992	8.6245710769e-04	8.6245709802e-04
12993	8.6241588110e-04	8.6241587636e-04
12994	8.6237463116e-04	8.6237462638e-04
12995	8.6233334807e-04	8.6233334634e-04
12996	8.6229204192e-04	8.6229203847e-04
12997	8.6225070211e-04	8.6225069995e-04
12998	8.6220933915e-04	8.6220933433e-04
12999	8.6216794154e-04	8.6216793705e-04
13000	8.6212651964e-04	8.6212651377e-04
13001	8.6208506311e-04	8.6208505727e-04
13002	8.6204358242e-04	8.6204357666e-04
13003	8.6200206620e-04	8.6200206028e-04
13004	8.6196052734e-04	8.6196052294e-04
13005	8.6191895226e-04	8.6191894551e-04
13006	8.6187735581e-04	8.6187735256e-04
13007	8.6183572214e-04	8.6183571229e-04
13008	8.6179406831e-04	8.6179406596e-04
13009	8.6175237409e-04	8.6175235969e-04
13010	8.6171066235e-04	8.6171066387e-04
13011	8.6166890663e-04	8.6166888559e-04
13012	8.6162713767e-04	8.6162714680e-04
13013	8.6158532067e-04	8.6158528443e-04
13014	8.6154349686e-04	8.6154351276e-04
13015	8.6150161800e-04	8.6150154036e-04
13016	8.6145974314e-04	8.6145974861e-04
13017	8.6141780221e-04	8.6141760609e-04
13018	8.6137587847e-04	8.6137579774e-04
13019	8.6133387059e-04	8.6133333076e-04
13020	8.6129190066e-04	8.6129143671e-04
13021	8.6124981827e-04	8.6124819982e-04
13022	8.6120780920e-04	8.6120580157e-04
13023	8.6116564435e-04	8.6116036900e-04
13024	8.6112360811e-04	8.6111556985e-04
13025	8.6108134498e-04	8.6106304600e-04
13026	8.6103930103e-04	8.6100813790e-04
13027	8.6099691271e-04	8.6093159545e-04
13028	8.6095489643e-04	8.6083936674e-04
13029	8.6091234358e-04	8.6069027889e-04
13030	8.6087041813e-04	8.6050357642e-04
13031	8.6082762337e-04	8.6024869181e-04
13032	8.6078589178e-04	8.6006295064e-04
13033	8.6074271661e-04	8.6001156163e-04
13034	8.6070136397e-04	8.6016691796e-04
13035	8.6065756985e-04	8.6037132568e-04
13036	8.6061694377e-04	8.6048281248e-04
13037	8.6057211008e-04	8.6053742182e-04
13038	8.6053286895e-04	8.6062651476e-04
13039	8.6048625679e-04	8.6083348589e-04
13040	8.6044968788e-04	8.6105059814e-04
13041	8.6040004839e-04	8.6118826872e-04
13042	8.6036882464e-04	8.6130938192e-04
13043	8.6031426914e-04	8.6147014636e-04
13044	8.6029440226e-04	8.6167274683e-04
13045	8.6023306432e-04	8.6183889035e-04
13046	8.6023957350e-04	8.6195070461e-04
13047	8.6017442196e-04	8.6208515082e-04
13048	8.6024954962e-04	8.6224021093e-04
13049	8.6021129947e-04	8.6237485271e-04
13050	8.6048651149e-04	8.6247394237e-04
13051	8.6062620249e-04	8.6255700033e-04
13052	8.6152259825e-04	8.6265897476e-04
13053	8.6238582847e-04	8.6274705679e-04
13054	8.6496998892e-04	8.6279676078e-04
13055	8.6735775232e-04	8.6283581435e-04
13056	8.7135587925e-04	8.6287126834e-04
13057	8.7097622994e-04	8.6289703385e-04
13058	8.6797977738e-04	8.6289680783e-04
13059	8.6155452610e-04	8.6287070863e-04
13060	8.5964909410e-04	8.6284269401e-04
13061	8.6266919359e-04	8.6280120362e-04
13062	8.6497378161e-04	8.6273378835e-04
13063	8.6431106949e-04	8.6264789656e-04
13064	8.6034194699e-04	8.6254627013e-04
13065	8.5955829929e-04	8.6243351981e-04
13066	8.6197556033e-04	8.6230009697e-04
13067	8.6254308527e-04	8.6214132777e-04
13068	8.6110513231e-04	8.6197055163e-04
13069	8.5926694331e-04	8.6178308688e-04
13070	8.5997815640e-04	8.6157616932e-04
13071	8.6151700838e-04	8.6134895577e-04
13072	8.6048913605e-04	8.6110284764e-04
13073	8.5931157763e-04	8.6084225616e-04
13074	8.5942592457e-04	8.6056643268e-04
13075	8.6013902108e-04	8.6026906437e-04
13076	8.6027289546e-04	8.5996584713e-04
13077	8.5912176312e-04	8.5965249738e-04
13078	8.5895949244e-04	8.5935559970e-04
13079	8.5968985392e-04	8.5907815826e-04
13080	8.5953863657e-04	8.5888000011e-04
13081	8.5909314776e-04	8.5877589307e-04
13082	8.5878461185e-04	8.5883114774e-04
13083	8.5903060410e-04	8.5892875749e-04
13084	8.5932961443e-04	8.5898592761e-04
13085	8.5879891862e-04	8.5887491053e-04
13086	8.5859138254e-04	8.5870819834e-04
13087	8.5881813416e-04	8.5863295921e-04
13088	8.5881579699e-04	8.5864316995e-04
13089	8.5872203605e-04	8.5865983840e-04
13090	8.5843276923e-04	8.5857179737e-04
13091	8.5845882583e-04	8.5846055110e-04
13092	8.5865909070e-04	8.5842523753e-04
13093	8.5842844601e-04	8.5841961855e-04
13094	8.5830488487e-04	8.5838496588e-04
13095	8.5830577166e-04	8.5829936119e-04
13096	8.5830064317e-04	8.5823500402e-04
13097	8.5832748247e-04	8.5822380563e-04
13098	8.5812500793e-04	8.5819123239e-04
13099	8.5808073172e-04	8.5812835336e-04
13100	8.5816061930e-04	8.5806972516e-04
13101	8.5805915515e-04	8.5803536743e-04
13102	8.5801191230e-04	8.5801201077e-04
13103	8.5792970336e-04	8.5795842498e-04
13104	8.5790145256e-04	8.5790101016e-04
13105	8.5794047269e-04	8.5786768303e-04
13106	8.5781467768e-04	8.5783404931e-04
13107	8.5776819008e-04	8.5779095794e-04
13108	8.5775968927e-04	8.5773986323e-04
13109	8.5770343810e-04	8.5769754436e-04
13110	8.5769620045e-04	8.5766744643e-04
13111	8.5760371411e-04	8.5762431641e-04
13112	8.5756402754e-04	8.5757653805e-04
13113	8.5756947468e-04	8.5753669958e-04
13114	8.5749356183e-04	8.5749910135e-04
13115	8.5746550028e-04	8.5746123768e-04
13116	8.5741155917e-04	8.5741608822e-04
13117	8.5736743275e-04	8.5737295699e-04
13118	8.5736210270e-04	8.5733753833e-04
13119	8.5728715168e-04	8.5729732963e-04
13120	8.5725244179e-04	8.5725495209e-04
13121	8.5722046377e-04	8.5721359479e-04
13122	8.5716831860e-04	8.5717369155e-04
13123	8.5715035629e-04	8.5713628077e-04
13124	8.5708714883e-04	8.5709430754e-04
13125	8.5704853742e-04	8.5705218759e-04
13126	8.5702357460e-04	8.5701361717e-04
13127	8.5696765257e-04	8.5697370708e-04
13128	8.5694094615e-04	8.5693373563e-04
13129	8.5688956521e-04	8.5689247196e-04
13130	8.5684760525e-04	8.5685162014e-04
13131	8.5682214945e-04	8.5681319210e-04
13132	8.5676694931e-04	8.5677251860e-04
13133	8.5673501414e-04	8.5673159000e-04
13134	8.5669153289e-04	8.5669153557e-04
13135	8.5664703332e-04	8.5665115812e-04
13136	8.5661895519e-04	8.5661176729e-04
13137	8.5656674525e-04	8.5657094667e-04
13138	8.5653130242e-04	8.5653004379e-04
13139	8.5649199909e-04	8.5649046799e-04
13140	8.5644624618e-04	8.5644998120e-04
13141	8.5641525088e-04	8.5640978039e-04
13142	8.5636637523e-04	8.5636921283e-04
13143	8.5632855235e-04	8.5632847070e-04
13144	8.5629079292e-04	8.5628874757e-04
13145	8.5624490950e-04	8.5624809064e-04
13146	8.5621151090e-04	8.5620748746e-04
13147	8.5616526459e-04	8.5616714908e-04
13148	8.5612595334e-04	8.5612642973e-04
13149	8.5608847269e-04	8.5608634376e-04
13150	8.5604300708e-04	8.5604562651e-04
13151	8.5600773299e-04	8.5600485251e-04
13152	8.5596331265e-04	8.5596454793e-04
13153	8.5592307012e-04	8.5592376020e-04
13154	8.5588527975e-04	8.5588333544e-04
13155	8.5584053856e-04	8.5584260136e-04
13156	8.5580382137e-04	8.5580173177e-04
13157	8.5576051019e-04	8.5576131361e-04
13158	8.5571978082e-04	8.5572043198e-04
13159	8.5568138700e-04	8.5567975715e-04
13160	8.5563733748e-04	8.5563899202e-04
13161	8.5559958359e-04	8.5559803738e-04
13162	8.5555688414e-04	8.5555745174e-04
13163	8.5551593712e-04	8.5551648825e-04
13164	8.5547693238e-04	8.5547563449e-04
13165	8.5543346429e-04	8.5543480654e-04
13166	8.5539491865e-04	8.5539377066e-04
13167	8.5535255060e-04	8.5535301366e-04
13168	8.5531153602e-04	8.5531197774e-04
13169	8.5527194169e-04	8.5527099167e-04
13170	8.5522897373e-04	8.5523007293e-04
13171	8.5518983075e-04	8.5518895755e-04
13172	8.5514761428e-04	8.5514804681e-04
13173	8.5510663877e-04	8.5510693749e-04
13174	8.5506651738e-04	8.5506584353e-04
13175	8.5502394236e-04	8.5502482258e-04
13176	8.5498433493e-04	8.5498362974e-04
13177	8.5494217393e-04	8.5494258374e-04
13178	8.5490124641e-04	8.5490139807e-04
13179	8.5486067475e-04	8.5486020764e-04
13180	8.5481841879e-04	8.5481908051e-04
13181	8.5477840925e-04	8.5477781315e-04
13182	8.5473626921e-04	8.5473664848e-04
13183	8.5469536184e-04	8.5469538333e-04
13184	8.5465437649e-04	8.5465410375e-04
13185	8.5461237618e-04	8.5461287100e-04
13186	8.5457200572e-04	8.5457152621e-04
13187	8.5452989154e-04	8.5453025267e-04
13188	8.5448899522e-04	8.5448890371e-04
13189	8.5444767575e-04	8.5444753618e-04
13190	8.5440588236e-04	8.5440620054e-04
13191	8.5436517067e-04	8.5436477504e-04
13192	8.5432308784e-04	8.5432339730e-04
13193	8.5428213289e-04	8.5428195990e-04
13194	8.5424052930e-04	8.5424050222e-04
13195	8.5419888000e-04	8.5419906313e-04
13196	8.5415782392e-04	8.5415755110e-04
13197	8.5411579121e-04	8.5411607047e-04
13198	8.5407472673e-04	8.5407453918e-04
13199	8.5403291415e-04	8.5403298866e-04
13200	8.5399137180e-04	8.5399144602e-04
13201	8.5395000459e-04	8.5394984251e-04
13202	8.5390804222e-04	8.5390825967e-04
13203	8.5386681358e-04	8.5386663067e-04
13204	8.5382485865e-04	8.5382498470e-04
13205	8.5378335186e-04	8.5378333796e-04
13206	8.5374170652e-04	8.5374163976e-04
13207	8.5369982083e-04	8.5369995479e-04
13208	8.5365838568e-04	8.5365822565e-04
13209	8.5361636126e-04	8.5361648266e-04
13210	8.5357482119e-04	8.5357473022e-04
13211	8.5353294312e-04	8.5353293438e-04
13212	8.5349110752e-04	8.5349114571e-04
13213	8.5344943146e-04	8.5344931415e-04
13214	8.5340737809e-04	8.5340747297e-04
13215	8.5336572625e-04	8.5336561472e-04
13216	8.5332367766e-04	8.5332372137e-04
13217	8.5328184858e-04	8.5328182914e-04
13218	8.5323994209e-04	8.5323989602e-04
13219	8.5319789429e-04	8.5319795613e-04
13220	8.5315607730e-04	8.5315599217e-04
13221	8.5311393080e-04	8.5311400094e-04
13222	8.5307205058e-04	8.5307200333e-04
13223	8.5302995067e-04	8.5302996823e-04
13224	8.5298790540e-04	8.5298792655e-04
13225	8.5294589592e-04	8.5294585552e-04
13226	8.5290370570e-04	8.5290376376e-04
13227	8.5286171384e-04	8.5286165750e-04
13228	8.5281948001e-04	8.5281951877e-04
13229	8.5277740107e-04	8.5277737114e-04
13230	8.5273520809e-04	8.5273519248e-04
13231	8.5269299589e-04	8.5269299792e-04
13232	8.5265084636e-04	8.5265078315e-04
13233	8.5260853533e-04	8.5260854242e-04
13234	8.5256636714e-04	8.5256628967e-04
13235	8.5252402888e-04	8.5252400829e-04
13236	8.5248177706e-04	8.5248171390e-04
13237	8.5243945903e-04	8.5243939695e-04
13238	8.5239710251e-04	8.5239706026e-04
13239	8.5235479783e-04	8.5235470860e-04
13240	8.5231236575e-04	8.5231233243e-04
13241	8.5227003042e-04	8.5226994366e-04
13242	8.5222757117e-04	8.5222753201e-04
13243	8.5218516350e-04	8.5218510460e-04
13244	8.5214270569e-04	8.5214266008e-04
13245	8.5210021386e-04	8.5210019564e-04
13246	8.5205775164e-04	8.5205771858e-04
13247	8.5201519525e-04	8.5201522097e-04
13248	8.5197270752e-04	8.5197271097e-04
13249	8.5193013477e-04	8.5193018393e-04
13250	8.5188760621e-04	8.5188764183e-04
13251	8.5184503788e-04	8.5184508715e-04
13252	8.5180246098e-04	8.5180251534e-04
13253	8.5175989382e-04	8.5175993307e-04
13254	8.5171727251e-04	8.5171733453e-04
13255	8.5167469470e-04	8.5167472471e-04
13256	8.5163204796e-04	8.5163210186e-04
13257	8.5158944030e-04	8.5158946581e-04
13258	8.5154678868e-04	8.5154681990e-04
13259	8.5150413904e-04	8.5150415993e-04
13260	8.5146148159e-04	8.5146149127e-04
13261	8.5141878903e-04	8.5141880971e-04
13262	8.5137611260e-04	8.5137611860e-04
13263	8.5133338749e-04	8.5133341710e-04
13264	8.5129069024e-04	8.5129070469e-04
13265	8.5124795247e-04	8.5124798410e-04
13266	8.5120523340e-04	8.5120525210e-04
13267	8.5116249435e-04	8.5116251260e-04
13268	8.5111974727e-04	8.5111976244e-04
13269	8.5107700261e-04	8.5107700399e-04
13270	8.5103422849e-04	8.5103423622e-04
13271	8.5099146738e-04	8.5099145877e-04
13272	8.5094866943e-04	8.5094867294e-04
13273	8.5090588227e-04	8.5090587640e-04
13274	8.5086306355e-04	8.5086307161e-04
13275	8.5082024908e-04	8.5082025642e-04
13276	8.5077741707e-04	8.5077743260e-04
13277	8.5073457803e-04	8.5073459929e-04
13278	8.5069173829e-04	8.5069175674e-04
13279	8.5064887914e-04	8.5064890550e-04
13280	8.5060602770e-04	8.5060604450e-04
13281	8.5056315121e-04	8.5056317523e-04
13282	8.5052028138e-04	8.5052029620e-04
13283	8.5047738856e-04	8.5047740878e-04
13284	8.5043449887e-04	8.5043451218e-04
13285	8.5039159323e-04	8.5039160670e-04
13286	8.5034868489e-04	8.5034869259e-04
13287	8.5030576852e-04	8.5030576904e-04
13288	8.5026283939e-04	8.5026283692e-04
13289	8.5021990716e-04	8.5021989502e-04
13290	8.5017695495e-04	8.5017694444e-04
13291	8.5013400150e-04	8.5013398426e-04
13292	8.5009102732e-04	8.5009101526e-04
13293	8.5004805227e-04	8.5004803720e-04
13294	8.5000505867e-04	8.5000505006e-04
13295	8.4996206314e-04	8.4996205428e-04
13296	8.4991905274e-04	8.4991904922e-04
13297	8.4987603756e-04	8.4987603564e-04
13298	8.4983301194e-04	8.4983301263e-04
13299	8.4978997643e-04	8.4978998083e-04
13300	8.4974693439e-04	8.4974693932e-04
13301	8.4970387957e-04	8.4970388870e-04
13302	8.4966082023e-04	8.4966082819e-04
13303	8.4961774722e-04	8.4961775836e-04
13304	8.4957467087e-04	8.4957467862e-04
13305	8.4953157981e-04	8.4953158954e-04
13306	8.4948848605e-04	8.4948849061e-04
13307	8.4944537765e-04	8.4944538249e-04
13308	8.4940226529e-04	8.4940226445e-04
13309	8.4935913959e-04	8.4935913756e-04
13310	8.4931600784e-04	8.4931600056e-04
13311	8.4927286389e-04	8.4927285520e-04
13312	8.4922971242e-04	8.4922969949e-04
13313	8.4918654925e-04	8.4918653597e-04
13314	8.4914337727e-04	8.4914336175e-04
13315	8.4910019524e-04	8.4910018035e-04
13316	8.4905700283e-04	8.4905698763e-04
13317	8.4901380204e-04	8.4901378848e-04
13318	8.4897058990e-04	8.4897057713e-04
13319	8.4892736976e-04	8.4892736037e-04
13320	8.4888413779e-04	8.4888413011e-04
13321	8.4884089815e-04	8.4884089597e-04
13322	8.4879764580e-04	8.4879764636e-04
13323	8.4875438655e-04	8.4875439538e-04
13324	8.4871111501e-04	8.4871112586e-04
13325	8.4866784213e-04	8.4866785895e-04
13326	8.4862455026e-04	8.4862456849e-04
13327	8.4858126720e-04	8.4858128708e-04
13328	8.4853795508e-04	8.4853797390e-04
13329	8.4849466259e-04	8.4849468025e-04
13330	8.4845133152e-04	8.4845134111e-04
13331	8.4840802594e-04	8.4840803876e-04
13332	8.4836467372e-04	8.4836466767e-04
13333	8.4832135401e-04	8.4832136217e-04
13334	8.4827797544e-04	8.4827794775e-04
13335	8.4823464337e-04	8.4823464717e-04
13336	8.4819123704e-04	8.4819116632e-04
13337	8.4814789641e-04	8.4814787984e-04
13338	8.4810446297e-04	8.4810428192e-04
13339	8.4806111796e-04	8.4806100960e-04
13340	8.4801765095e-04	8.4801717281e-04
13341	8.4797430780e-04	8.4797386072e-04
13342	8.4793079686e-04	8.4792946212e-04
13343	8.4788746393e-04	8.4788582862e-04
13344	8.4784389809e-04	8.4783993061e-04
13345	8.4780059129e-04	8.4779482635e-04
13346	8.4775695268e-04	8.4774451454e-04
13347	8.4771369699e-04	8.4769366532e-04
13348	8.4766995325e-04	8.4762966278e-04
13349	8.4762678875e-04	8.4755861490e-04
13350	8.4758288874e-04	8.4745395084e-04
13351	8.4753987991e-04	8.4732574283e-04
13352	8.4749574054e-04	8.4713522287e-04
13353	8.4745299738e-04	8.4693919529e-04
13354	8.4740848124e-04	8.4675632987e-04
13355	8.4736619509e-04	8.4673000599e-04
13356	8.4732107225e-04	8.4684580273e-04
13357	8.4727957647e-04	8.4703181659e-04
13358	8.4723346120e-04	8.4716719518e-04
13359	8.4719335468e-04	8.4721615803e-04
13360	8.4714560675e-04	8.4728809758e-04
13361	8.4710801142e-04	8.4742774550e-04
13362	8.4705760686e-04	8.4762491532e-04
13363	8.4702473522e-04	8.4779092712e-04
13364	8.4697019837e-04	8.4789300497e-04
13365	8.4694672757e-04	8.4800699882e-04
13366	8.4688658336e-04	8.4815580998e-04
13367	8.4688333234e-04	8.4832150590e-04
13368	8.4681897168e-04	8.4845317605e-04
13369	8.4686367416e-04	8.4854338310e-04
13370	8.4681179363e-04	8.4864886957e-04
13371	8.4698256625e-04	8.4876724543e-04
13372	8.4702182902e-04	8.4887366586e-04
13373	8.4754930565e-04	8.4895014864e-04
13374	8.4796308210e-04	8.4900303021e-04
13375	8.4946142831e-04	8.4906681473e-04
13376	8.5089077744e-04	8.4912563732e-04
13377	8.5405716903e-04	8.4915961700e-04
13378	8.5572204926e-04	8.4917283693e-04
13379	8.5697689947e-04	8.4917185595e-04
13380	8.5304001996e-04	8.4917121071e-04
13381	8.4874277952e-04	8.4915524750e-04
13382	8.4620127427e-04	8.4911295291e-04
13383	8.4765499493e-04	8.4905699080e-04
13384	8.5076386845e-04	8.4898855909e-04
13385	8.5040985051e-04	8.4891065048e-04
13386	8.4827228951e-04	8.4881378473e-04
13387	8.4604383726e-04	8.4869385953e-04
13388	8.4667029462e-04	8.4856243951e-04
13389	8.4866610820e-04	8.4841726368e-04
13390	8.4823306744e-04	8.4825613295e-04
13391	8.4683536508e-04	8.4807707153e-04
13392	8.4580858599e-04	8.4787723428e-04
13393	8.4647924265e-04	8.4766673175e-04
13394	8.4757765784e-04	8.4743976213e-04
13395	8.4677699548e-04	8.4719748112e-04
13396	8.4589238684e-04	8.4693819745e-04
13397	8.4575510998e-04	8.4666772746e-04
13398	8.4627117543e-04	8.4638812068e-04
13399	8.4666355491e-04	8.4611239808e-04
13400	8.4584545117e-04	8.4583849600e-04
13401	8.4545043856e-04	8.4560688854e-04
13402	8.4572583610e-04	8.4542342290e-04
13403	8.4591238591e-04	8.4535667618e-04
13404	8.4589874865e-04	8.4537606551e-04
13405	8.4533821398e-04	8.4547889158e-04
13406	8.4525446752e-04	8.4550925103e-04
13407	8.4557135835e-04	8.4543297206e-04
13408	8.4549104891e-04	8.4528450449e-04
13409	8.4534894236e-04	8.4517769516e-04
13410	8.4507700865e-04	8.4517410637e-04
13411	8.4510201462e-04	8.4518287265e-04
13412	8.4530582821e-04	8.4514394903e-04
13413	8.4511126713e-04	8.4504371490e-04
13414	8.4498635419e-04	8.4496152373e-04
13415	8.4490075610e-04	8.4494489670e-04
13416	8.4491434524e-04	8.4492918143e-04
13417	8.4500526010e-04	8.4488020798e-04
13418	8.4480850704e-04	8.4480297629e-04
13419	8.4472947820e-04	8.4474660782e-04
13420	8.4472645025e-04	8.4472851824e-04
13421	8.4469659978e-04	8.4469542643e-04
13422	8.4471959077e-04	8.4463954342e-04
13423	8.4456687113e-04	8.4458069906e-04
13424	8.4451567340e-04	8.4453948071e-04
13425	8.4453266446e-04	8.4451468387e-04
13426	8.4447251180e-04	8.4447079135e-04
13427	8.4446316285e-04	8.4441636903e-04
13428	8.4435557745e-04	8.4437144941e-04
13429	8.4431478762e-04	8.4433502498e-04
13430	8.4432555806e-04	8.4430159313e-04
13431	8.4425372535e-04	8.4425444166e-04
13432	8.4423173581e-04	8.4420544636e-04
13433	8.4415467725e-04	8.4416764626e-04
13434	8.4411475840e-04	8.4413028795e-04
13435	8.4411440705e-04	8.4409087577e-04
13436	8.4404210864e-04	8.4404520754e-04
13437	8.4401542359e-04	8.4400110734e-04
13438	8.4395638940e-04	8.4396503486e-04
13439	8.4391399183e-04	8.4392550036e-04
13440	8.4390393629e-04	8.4388367747e-04
13441	8.4383659994e-04	8.4384075752e-04
13442	8.4380710874e-04	8.4379932903e-04
13443	8.4375754720e-04	8.4376248567e-04
13444	8.4371343722e-04	8.4372161528e-04
13445	8.4369540299e-04	8.4367950720e-04
13446	8.4363404246e-04	8.4363867659e-04
13447	8.4360275104e-04	8.4359818375e-04
13448	8.4355726438e-04	8.4356005564e-04
13449	8.4351296338e-04	8.4351887266e-04
13450	8.4348912635e-04	8.4347722028e-04
13451	8.4343260999e-04	8.4343742048e-04
13452	8.4340021654e-04	8.4339708982e-04
13453	8.4335630639e-04	8.4335797920e-04
13454	8.4331245002e-04	8.4331696646e-04
13455	8.4328462620e-04	8.4327583357e-04
13456	8.4323195917e-04	8.4323633882e-04
13457	8.4319857452e-04	8.4319595202e-04
13458	8.4315527681e-04	8.4315628467e-04
13459	8.4311222269e-04	8.4311552947e-04
13460	8.4308114010e-04	8.4307473145e-04
13461	8.4303156735e-04	8.4303519791e-04
13462	8.4299727058e-04	8.4299473913e-04
13463	8.4295392940e-04	8.4295478175e-04
13464	8.4291197034e-04	8.4291423463e-04
13465	8.4287811760e-04	8.4287360933e-04
13466	8.4283088024e-04	8.4283391666e-04
13467	8.4279595789e-04	8.4279343913e-04
13468	8.4275237441e-04	8.4275333040e-04
13469	8.4271148134e-04	8.4271290478e-04
13470	8.4267542435e-04	8.4267237158e-04
13471	8.4262993642e-04	8.4263249939e-04
13472	8.4259439515e-04	8.4259202133e-04
13473	8.4255075450e-04	8.4255182432e-04
13474	8.4251072803e-04	8.4251143651e-04
13475	8.4247286453e-04	8.4247094002e-04
13476	8.4242886399e-04	8.4243091025e-04
13477	8.4239250239e-04	8.4239042168e-04
13478	8.4234898892e-04	8.4235015660e-04
13479	8.4230966374e-04	8.4230976018e-04
13480	8.4227026123e-04	8.4226926141e-04
13481	8.4222758689e-04	8.4222910290e-04
13482	8.4219030765e-04	8.4218860051e-04
13483	8.4214706739e-04	8.4214827727e-04
13484	8.4210824880e-04	8.4210785666e-04
13485	8.4206766646e-04	8.4206734616e-04
13486	8.4202610432e-04	8.4202708323e-04
13487	8.4198786945e-04	8.4198656295e-04
13488	8.4194508051e-04	8.4194618928e-04
13489	8.4190643188e-04	8.4190572910e-04
13490	8.4186507278e-04	8.4186520018e-04
13491	8.4182438202e-04	8.4182484741e-04
13492	8.4178514746e-04	8.4178429599e-04
13493	8.4174298918e-04	8.4174387606e-04
13494	8.4170416695e-04	8.4170336734e-04
13495	8.4166241638e-04	8.4166281505e-04
13496	8.4162236382e-04	8.4162238460e-04
13497	8.4158218434e-04	8.4158179520e-04
13498	8.4154072698e-04	8.4154132833e-04
13499	8.4150147095e-04	8.4150076790e-04
13500	8.4145967989e-04	8.4146019079e-04
13501	8.4141998077e-04	8.4141968827e-04
13502	8.4137907998e-04	8.4137906214e-04
13503	8.4133825651e-04	8.4133854496e-04
13504	8.4129839771e-04	8.4129793022e-04
13505	8.4125685112e-04	8.4125732665e-04
13506	8.4121715804e-04	8.4121675133e-04
13507	8.4117585927e-04	8.4117608915e-04
13508	8.4113549700e-04	8.4113551532e-04
13509	8.4109500519e-04	8.4109484527e-04
13510	8.4105387997e-04	8.4105421041e-04
13511	8.4101390293e-04	8.4101356410e-04
13512	8.4097255228e-04	8.4097286795e-04
13513	8.4093241748e-04	8.4093223251e-04
13514	8.4089144783e-04	8.4089151282e-04
13515	8.4085074931e-04	8.4085083944e-04
13516	8.4081032517e-04	8.4081012770e-04
13517	8.4076916211e-04	8.4076939862e-04
13518	8.4072895389e-04	8.4072869764e-04
13519	8.4068776181e-04	8.4068793485e-04
13520	8.4064731871e-04	8.4064721426e-04
13521	8.4060646738e-04	8.4060644404e-04
13522	8.4056559755e-04	8.4056567956e-04
13523	8.4052509248e-04	8.4052491322e-04
13524	8.4048395017e-04	8.4048411059e-04
13525	8.4044351121e-04	8.4044333559e-04
13526	8.4040240768e-04	8.4040251376e-04
13527	8.4036176004e-04	8.4036170826e-04
13528	8.4032090011e-04	8.4032088153e-04
13529	8.4027996104e-04	8.4028003927e-04
13530	8.4023931792e-04	8.4023920665e-04
13531	8.4019820449e-04	8.4019833797e-04
13532	8.4015759235e-04	8.4015748473e-04
13533	8.4011650889e-04	8.4011660248e-04
13534	8.4007574448e-04	8.4007571751e-04
13535	8.4003482466e-04	8.4003482643e-04
13536	8.3999385023e-04	8.3999391213e-04
13537	8.3995307514e-04	8.3995300630e-04
13538	8.3991197241e-04	8.3991207207e-04
13539	8.3987121937e-04	8.3987114191e-04
13540	8.3983012246e-04	8.3983019496e-04
13541	8.3978927045e-04	8.3978923669e-04
13542	8.3974826694e-04	8.3974827737e-04
13543	8.3970726940e-04	8.3970729485e-04
13544	8.3966636179e-04	8.3966631708e-04
13545	8.3962525508e-04	8.3962531689e-04
13546	8.3958437868e-04	8.3958431432e-04
13547	8.3954324410e-04	8.3954330032e-04
13548	8.3950231548e-04	8.3950227190e-04
13549	8.3946122276e-04	8.3946124253e-04
13550	8.3942019263e-04	8.3942019184e-04
13551	8.3937916180e-04	8.3937914168e-04
13552	8.3933803821e-04	8.3933807200e-04
13553	8.3929704035e-04	8.3929699587e-04
13554	8.3925586852e-04	8.3925590812e-04
13555	8.3921485356e-04	8.3921480573e-04
13556	8.3917368111e-04	8.3917369956e-04
13557	8.3913260828e-04	8.3913257509e-04
13558	8.3909146327e-04	8.3909144910e-04
13559	8.3905031776e-04	8.3905030701e-04
13560	8.3900919999e-04	8.3900915945e-04
13561	8.3896799384e-04	8.3896800140e-04
13562	8.3892687988e-04	8.3892683190e-04
13563	8.3888564201e-04	8.3888565699e-04
13564	8.3884450219e-04	8.3884446753e-04
13565	8.3880326033e-04	8.3880327442e-04
13566	8.3876207368e-04	8.3876206774e-04
13567	8.3872084052e-04	8.3872085529e-04
13568	8.3867960116e-04	8.3867963229e-04
13569	8.3863837446e-04	8.3863839945e-04
13570	8.3859709024e-04	8.3859715878e-04
13571	8.3855585838e-04	8.3855590507e-04
13572	8.3851454412e-04	8.3851464442e-04
13573	8.3847329133e-04	8.3847336999e-04
13574	8.3843196179e-04	8.3843208726e-04
13575	8.3839067501e-04	8.3839079205e-04
13576	8.3834935060e-04	8.3834948565e-04
13577	8.3830804789e-04	8.3830816839e-04
13578	8.3826674995e-04	8.3826683708e-04
13579	8.3822543392e-04	8.3822549551e-04
13580	8.3818413434e-04	8.3818413842e-04
13581	8.3814277664e-04	8.3814277039e-04
13582	8.3810143891e-04	8.3810138699e-04
13583	8.3806003244e-04	8.3805999097e-04
13584	8.3801865109e-04	8.3801858066e-04
13585	8.3797721689e-04	8.3797715570e-04
13586	8.3793580293e-04	8.3793571730e-04
13587	8.3789435404e-04	8.3789426245e-04
13588	8.3785290168e-04	8.3785279415e-04
13589	8.3781142252e-04	8.3781130847e-04
13590	8.3776991441e-04	8.3776980861e-04
13591	8.3772839184e-04	8.3772829134e-04
13592	8.3768683076e-04	8.3768675865e-04
13593	8.3764527301e-04	8.3764520887e-04
13594	8.3760367551e-04	8.3760364219e-04
13595	8.3756209063e-04	8.3756205862e-04
13596	8.3752046481e-04	8.3752045679e-04
13597	8.3747884894e-04	8.3747883798e-04
13598	8.3743719201e-04	8.3743720025e-04
13599	8.3739553713e-04	8.3739554526e-04
13600	8.3735384615e-04	8.3735387150e-04
13601	8.3731215294e-04	8.3731218001e-04
13602	8.3727043439e-04	8.3727047058e-04
13603	8.3722871098e-04	8.3722874354e-04
13604	8.3718697056e-04	8.3718700012e-04
13605	8.3714521746e-04	8.3714523949e-04
13606	8.3710345039e-04	8.3710346348e-04
13607	8.3706166163e-04	8.3706166994e-04
13608	8.3701986135e-04	8.3701986116e-04
13609	8.3697803147e-04	8.3697803435e-04
13610	8.3693619394e-04	8.3693619242e-04
13611	8.3689432812e-04	8.3689433248e-04
13612	8.3685245721e-04	8.3685245796e-04
13613	8.3681056159e-04	8.3681056567e-04
13614	8.3676865851e-04	8.3676865932e-04
13615	8.3672672846e-04	8.3672673467e-04
13616	8.3668479098e-04	8.3668479620e-04
13617	8.3664282382e-04	8.3664283799e-04
13618	8.3660085297e-04	8.3660086666e-04
13619	8.3655885291e-04	8.3655887362e-04
13620	8.3651685213e-04	8.3651686944e-04
13621	8.3647482562e-04	8.3647484068e-04
13622	8.3643279723e-04	8.3643280434e-04
13623	8.3639074038e-04	8.3639073851e-04
13624	8.3634867738e-04	8.3634867094e-04
13625	8.3630657853e-04	8.3630656552e-04
13626	8.3626447499e-04	8.3626446815e-04
13627	8.3622233182e-04	8.3622231898e-04
13628	8.3618019062e-04	8.3618019490e-04
13629	8.3613800908e-04	8.3613799532e-04
13630	8.3609583733e-04	8.3609585031e-04
13631	8.3605362189e-04	8.3605358778e-04
13632	8.3601142425e-04	8.3601143014e-04
13633	8.3596917058e-04	8.3596907781e-04
13634	8.3592694430e-04	8.3592691552e-04
13635	8.3588464289e-04	8.3588441125e-04
13636	8.3584238635e-04	8.3584223584e-04
13637	8.3580003220e-04	8.3579942144e-04
13638	8.3575775222e-04	8.3575713798e-04
13639	8.3571534202e-04	8.3571356636e-04
13640	8.3567304982e-04	8.3567071379e-04
13641	8.3563057347e-04	8.3562499995e-04
13642	8.3558828251e-04	8.3557968954e-04
13643	8.3554572005e-04	8.3552727622e-04
13644	8.3550345025e-04	8.3547236964e-04
13645	8.3546077094e-04	8.3539821684e-04
13646	8.3541855954e-04	8.3530978869e-04
13647	8.3537571689e-04	8.3517178720e-04
13648	8.3533363052e-04	8.3499828485e-04
13649	8.3529054508e-04	8.3475658462e-04
13650	8.3524869572e-04	8.3455424221e-04
13651	8.3520522798e-04	8.3445114995e-04
13652	8.3516380980e-04	8.3455976288e-04
13653	8.3511972007e-04	8.3476876911e-04
13654	8.3507908355e-04	8.3493300036e-04
13655	8.3503396337e-04	8.3501331091e-04
13656	8.3499476196e-04	8.3507019222e-04
13657	8.3494792546e-04	8.3523535799e-04
13658	8.3491142691e-04	8.3546134298e-04
13659	8.3486177918e-04	8.3564965771e-04
13660	8.3483059046e-04	8.3578094687e-04
13661	8.3477663502e-04	8.3590422897e-04
13662	8.3475657188e-04	8.3609142480e-04
13663	8.3469733185e-04	8.3628678401e-04
13664	8.3470275475e-04	8.3643012145e-04
13665	8.3464282928e-04	8.3654901592e-04
13666	8.3471327913e-04	8.3667727869e-04
13667	8.3468446268e-04	8.3682824616e-04
13668	8.3493907826e-04	8.3695494190e-04
13669	8.3508123291e-04	8.3703802309e-04
13670	8.3588693203e-04	8.3712069453e-04
13671	8.3667732640e-04	8.3720800295e-04
13672	8.3895375014e-04	8.3728348082e-04
13673	8.4116528711e-04	8.3732928245e-04
13674	8.4503447696e-04	8.3734980461e-04
13675	8.4562220081e-04	8.3737338302e-04
13676	8.4400088609e-04	8.3738633912e-04
13677	8.3773169900e-04	8.3737214547e-04
13678	8.3426030154e-04	8.3733732321e-04
13679	8.3549358535e-04	8.3728733518e-04
13680	8.3846053710e-04	8.3723060247e-04
13681	8.3977099857e-04	8.3715351052e-04
13682	8.3638041602e-04	8.3704935948e-04
13683	8.3402464376e-04	8.3693168008e-04
13684	8.3486318850e-04	8.3679940723e-04
13685	8.3661046714e-04	8.3665008243e-04
13686	8.3688132393e-04	8.3647966093e-04
13687	8.3449329246e-04	8.3628609730e-04
13688	8.3368259953e-04	8.3608054355e-04
13689	8.3496448154e-04	8.3585692155e-04
13690	8.3548638706e-04	8.3561330687e-04
13691	8.3484502455e-04	8.3535012779e-04
13692	8.3356156625e-04	8.3507079368e-04
13693	8.3377198970e-04	8.3477733940e-04
13694	8.3476014621e-04	8.3447502010e-04
13695	8.3433839867e-04	8.3415928706e-04
13696	8.3363598025e-04	8.3385726814e-04
13697	8.3340630260e-04	8.3357217867e-04
13698	8.3380396937e-04	8.3335866088e-04
13699	8.3412779832e-04	8.3322732920e-04
13700	8.3345798705e-04	8.3324491072e-04
13701	8.3316419660e-04	8.3333391314e-04
13702	8.3343385095e-04	8.3342705399e-04
13703	8.3352529321e-04	8.3336661953e-04
13704	8.3343318020e-04	8.3320821076e-04
13705	8.3301393513e-04	8.3308338965e-04
13706	8.3301818935e-04	8.3305866656e-04
13707	8.3328944871e-04	8.3309708643e-04
13708	8.3310827086e-04	8.3305490438e-04
13709	8.3294585904e-04	8.3294783940e-04
13710	8.3283332656e-04	8.3286498464e-04
13711	8.3287718422e-04	8.3284273116e-04
13712	8.3298948469e-04	8.3284311078e-04
13713	8.3275221008e-04	8.3278188499e-04
13714	8.3265669014e-04	8.3269801445e-04
13715	8.3269589564e-04	8.3265384145e-04
13716	8.3266624657e-04	8.3263360927e-04
13717	8.3266463437e-04	8.3260276137e-04
13718	8.3249818590e-04	8.3253673768e-04
13719	8.3245559137e-04	8.3247790272e-04
13720	8.3251400879e-04	8.3245211555e-04
13721	8.3242674779e-04	8.3242042844e-04
13722	8.3238536170e-04	8.3237158666e-04
13723	8.3229977934e-04	8.3231663243e-04
13724	8.3226839297e-04	8.3227570909e-04
13725	8.3229744389e-04	8.3224840459e-04
13726	8.3219626689e-04	8.3220510092e-04
13727	8.3215261371e-04	8.3215441328e-04
13728	8.3211381974e-04	8.3211270238e-04
13729	8.3207209385e-04	8.3207672147e-04
13730	8.3207297441e-04	8.3204087197e-04
13731	8.3198323505e-04	8.3199451861e-04
13732	8.3194413633e-04	8.3194926879e-04
13733	8.3192329005e-04	8.3191368213e-04
13734	8.3186969958e-04	8.3187548781e-04
13735	8.3185425207e-04	8.3183413272e-04
13736	8.3178246822e-04	8.3179067653e-04
13737	8.3174387181e-04	8.3174985958e-04
13738	8.3172634521e-04	8.3171410678e-04
13739	8.3166744874e-04	8.3167342588e-04
13740	8.3164301815e-04	8.3163097708e-04
13741	8.3158625840e-04	8.3159090235e-04
13742	8.3154532741e-04	8.3155152536e-04
13743	8.3152520824e-04	8.3151359024e-04
13744	8.3146711766e-04	8.3147231381e-04
13745	8.3143723895e-04	8.3143074245e-04
13746	8.3138994634e-04	8.3139221216e-04
13747	8.3134701125e-04	8.3135264981e-04
13748	8.3132262448e-04	8.3131309337e-04
13749	8.3126802738e-04	8.3127234490e-04
13750	8.3123500453e-04	8.3123171100e-04
13751	8.3119244929e-04	8.3119327563e-04
13752	8.3114881909e-04	8.3115326241e-04
13753	8.3112057252e-04	8.3111305387e-04
13754	8.3106937677e-04	8.3107296090e-04
13755	8.3103461466e-04	8.3103274567e-04
13756	8.3099393662e-04	8.3099385857e-04
13757	8.3095027566e-04	8.3095360876e-04
13758	8.3091921336e-04	8.3091326441e-04
13759	8.3087051478e-04	8.3087354891e-04
13760	8.3083459836e-04	8.3083338846e-04
13761	8.3079454389e-04	8.3079402239e-04
13762	8.3075108003e-04	8.3075374931e-04
13763	8.3071802964e-04	8.3071341121e-04
13764	8.3067122827e-04	8.3067378854e-04
13765	8.3063437754e-04	8.3063357048e-04
13766	8.3059446294e-04	8.3059384316e-04
13767	8.3055141107e-04	8.3055361382e-04
13768	8.3051675912e-04	8.3051327795e-04
13769	8.3047149732e-04	8.3047356168e-04
13770	8.3043390710e-04	8.3043327331e-04
13771	8.3039379620e-04	8.3039329215e-04
13772	8.3035132986e-04	8.3035306831e-04
13773	8.3031523730e-04	8.3031270400e-04
13774	8.3027113959e-04	8.3027281127e-04
13775	8.3023306953e-04	8.3023244999e-04
13776	8.3019255252e-04	8.3019229144e-04
13777	8.3015075355e-04	8.3015202092e-04
13778	8.3011344086e-04	8.3011160944e-04
13779	8.3007015234e-04	8.3007153815e-04
13780	8.3003180522e-04	8.3003110377e-04
13781	8.2999083955e-04	8.2999081470e-04
13782	8.2994963586e-04	8.2995046784e-04
13783	8.2991134384e-04	8.2990999322e-04
13784	8.2986860928e-04	8.2986976453e-04
13785	8.2983002730e-04	8.2982925520e-04
13786	8.2978869130e-04	8.2978885254e-04
13787	8.2974792677e-04	8.2974841423e-04
13788	8.2970883280e-04	8.2970786122e-04
13789	8.2966653590e-04	8.2966748876e-04
13790	8.2962765315e-04	8.2962690029e-04
13791	8.2958607719e-04	8.2958638630e-04
13792	8.2954561053e-04	8.2954584752e-04
13793	8.2950582735e-04	8.2950520830e-04
13794	8.2946394953e-04	8.2946470050e-04
13795	8.2942469009e-04	8.2942402879e-04
13796	8.2938300701e-04	8.2938340637e-04
13797	8.2934272920e-04	8.2934276162e-04
13798	8.2930233591e-04	8.2930203227e-04
13799	8.2926085407e-04	8.2926139422e-04
13800	8.2922115404e-04	8.2922062963e-04
13801	8.2917946369e-04	8.2917989880e-04
13802	8.2913926769e-04	8.2913914116e-04
13803	8.2909836648e-04	8.2909831561e-04
13804	8.2905722835e-04	8.2905755085e-04
13805	8.2901706710e-04	8.2901668302e-04
13806	8.2897545912e-04	8.2897584237e-04
13807	8.2893522676e-04	8.2893496687e-04
13808	8.2889395340e-04	8.2889403897e-04
13809	8.2885305077e-04	8.2885314979e-04
13810	8.2881241979e-04	8.2881217183e-04
13811	8.2877093426e-04	8.2877121882e-04
13812	8.2873052024e-04	8.2873022218e-04
13813	8.2868902809e-04	8.2868918655e-04
13814	8.2864823602e-04	8.2864817153e-04
13815	8.2860718773e-04	8.2860707858e-04
13816	8.2856584427e-04	8.2856600777e-04
13817	8.2852513333e-04	8.2852488573e-04
13818	8.2848355927e-04	8.2848373680e-04
13819	8.2844273537e-04	8.2844259092e-04
13820	8.2840135868e-04	8.2840137924e-04
13821	8.2836012974e-04	8.2836018396e-04
13822	8.2831906599e-04	8.2831893304e-04
13823	8.2827751411e-04	8.2827766588e-04
13824	8.2823653071e-04	8.2823638419e-04
13825	8.2819494798e-04	8.2819505085e-04
13826	8.2815375743e-04	8.2815372428e-04
13827	8.2811235844e-04	8.2811234219e-04
13828	8.2807086812e-04	8.2807095144e-04
13829	8.2802963179e-04	8.2802953125e-04
13830	8.2798796247e-04	8.2798807407e-04
13831	8.2794669959e-04	8.2794661165e-04
13832	8.2790504769e-04	8.2790509907e-04
13833	8.2786358649e-04	8.2786358038e-04
13834	8.2782206136e-04	8.2782202296e-04
13835	8.2778037553e-04	8.2778044010e-04
13836	8.2773892513e-04	8.2773883948e-04
13837	8.2769712519e-04	8.2769719669e-04
13838	8.2765560497e-04	8.2765554451e-04
13839	8.2761382987e-04	8.2761385073e-04
13840	8.2757213557e-04	8.2757213796e-04
13841	8.2753043669e-04	8.2753039777e-04
13842	8.2748857484e-04	8.2748862363e-04
13843	8.2744689314e-04	8.2744683346e-04
13844	8.2740495206e-04	8.2740500360e-04
13845	8.2736319075e-04	8.2736315604e-04
13846	8.2732125749e-04	8.2732127544e-04
13847	8.2727936039e-04	8.2727936699e-04
13848	8.2723745839e-04	8.2723743551e-04
13849	8.2719543473e-04	8.2719546846e-04
13850	8.2715352456e-04	8.2715348177e-04
13851	8.2711142639e-04	8.2711146000e-04
13852	8.2706944754e-04	8.2706941394e-04
13853	8.2702732823e-04	8.2702733921e-04
13854	8.2698524004e-04	8.2698523316e-04
13855	8.2694312101e-04	8.2694310405e-04
13856	8.2690092226e-04	8.2690094028e-04
13857	8.2685878564e-04	8.2685875366e-04
13858	8.2681650863e-04	8.2681653462e-04
13859	8.2677431535e-04	8.2677428823e-04
13860	8.2673199964e-04	8.2673201455e-04
13861	8.2668971720e-04	8.2668970860e-04
13862	8.2664738289e-04	8.2664737877e-04
13863	8.2660500441e-04	8.2660501515e-04
13864	8.2656264447e-04	8.2656262669e-04
13865	8.2652018721e-04	8.2652020694e-04
13866	8.2647777828e-04	8.2647775845e-04
13867	8.2643526653e-04	8.2643528253e-04
13868	8.2639278583e-04	8.2639277437e-04
13869	8.2635023577e-04	8.2635024075e-04
13870	8.2630767289e-04	8.2630767415e-04
13871	8.2626508737e-04	8.2626508109e-04
13872	8.2622244545e-04	8.2622245696e-04
13873	8.2617981564e-04	8.2617980376e-04
13874	8.2613710551e-04	8.2613712207e-04
13875	8.2609441879e-04	8.2609440904e-04
13876	8.2605165427e-04	8.2605166890e-04
13877	8.2600889853e-04	8.2600889669e-04
13878	8.2596608918e-04	8.2596609694e-04
13879	8.2592325929e-04	8.2592326601e-04
13880	8.2588040633e-04	8.2588040589e-04
13881	8.2583750457e-04	8.2583751614e-04
13882	8.2579460163e-04	8.2579459547e-04
13883	8.2575163497e-04	8.2575164619e-04
13884	8.2570867286e-04	8.2570866519e-04
13885	8.2566564814e-04	8.2566565545e-04
13886	8.2562261877e-04	8.2562261434e-04
13887	8.2557953989e-04	8.2557954343e-04
13888	8.2553644042e-04	8.2553644208e-04
13889	8.2549330925e-04	8.2549330969e-04
13890	8.2545014149e-04	8.2545014758e-04
13891	8.2540695627e-04	8.2540695372e-04
13892	8.2536372263e-04	8.2536373018e-04
13893	8.2532047898e-04	8.2532047488e-04
13894	8.2527718287e-04	8.2527718929e-04
13895	8.2523387673e-04	8.2523387236e-04
13896	8.2519052096e-04	8.2519052425e-04
13897	8.2514714848e-04	8.2514714529e-04
13898	8.2510373393e-04	8.2510373436e-04
13899	8.2506029335e-04	8.2506029282e-04
13900	8.2501682032e-04	8.2501681885e-04
13901	8.2497331254e-04	8.2497331411e-04
13902	8.2492978006e-04	8.2492977690e-04
13903	8.2488620620e-04	8.2488620842e-04
13904	8.2484261182e-04	8.2484260771e-04
13905	8.2479897278e-04	8.2479897512e-04
13906	8.2475531435e-04	8.2475531057e-04
13907	8.2471161128e-04	8.2471161361e-04
13908	8.2466788752e-04	8.2466788481e-04
13909	8.2462412135e-04	8.2462412330e-04
13910	8.2458033135e-04	8.2458032980e-04
13911	8.2453650240e-04	8.2453650351e-04
13912	8.2449264552e-04	8.2449264485e-04
13913	8.2444875347e-04	8.2444875343e-04
13914	8.2440482926e-04	8.2440482917e-04
13915	8.2436087322e-04	8.2436087225e-04
13916	8.2431688141e-04	8.2431688208e-04
13917	8.2427286035e-04	8.2427285932e-04
13918	8.2422880113e-04	8.2422880295e-04
13919	8.2418471449e-04	8.2418471396e-04
13920	8.2414058833e-04	8.2414059110e-04
13921	8.2409643564e-04	8.2409643552e-04
13922	8.2405224250e-04	8.2405224585e-04
13923	8.2400802304e-04	8.2400802326e-04
13924	8.2396376266e-04	8.2396376635e-04
13925	8.2391947591e-04	8.2391947634e-04
13926	8.2387514814e-04	8.2387515174e-04
13927	8.2383079367e-04	8.2383079402e-04
13928	8.2378639819e-04	8.2378640131e-04
13929	8.2374197557e-04	8.2374197567e-04
13930	8.2369751198e-04	8.2369751435e-04
13931	8.2365302095e-04	8.2365302057e-04
13932	8.2360848878e-04	8.2360849003e-04
13933	8.2356392902e-04	8.2356392796e-04
13934	8.2351932761e-04	8.2351932751e-04
13935	8.2347469881e-04	8.2347469716e-04
13936	8.2343002752e-04	8.2343002588e-04
13937	8.2338532945e-04	8.2338532755e-04
13938	8.2334058765e-04	8.2334058418e-04
13939	8.2329581968e-04	8.2329581863e-04
13940	8.2325100642e-04	8.2325100121e-04
13941	8.2320616852e-04	8.2320616992e-04
13942	8.2316128319e-04	8.2316127517e-04
13943	8.2311637609e-04	8.2311638091e-04
13944	8.2307141759e-04	8.2307140294e-04
13945	8.2302644138e-04	8.2302645045e-04
13946	8.2298140835e-04	8.2298137799e-04
13947	8.2293636409e-04	8.2293637448e-04
13948	8.2289125579e-04	8.2289118394e-04
13949	8.2284614573e-04	8.2284613721e-04
13950	8.2280095981e-04	8.2280077426e-04
13951	8.2275578515e-04	8.2275567901e-04
13952	8.2271051677e-04	8.2271000379e-04
13953	8.2266528084e-04	8.2266477893e-04
13954	8.2261992434e-04	8.2261838956e-04
13955	8.2257463421e-04	8.2257262178e-04
13956	8.2252918079e-04	8.2252424894e-04
13957	8.2248384741e-04	8.2247619136e-04
13958	8.2243828235e-04	8.2242155267e-04
13959	8.2239292384e-04	8.2236438423e-04
13960	8.2234722303e-04	8.2228883948e-04
13961	8.2230187005e-04	8.2219860171e-04
13962	8.2225599273e-04	8.2205839877e-04
13963	8.2221069823e-04	8.2187736538e-04
13964	8.2216457539e-04	8.2161723106e-04
13965	8.2211943269e-04	8.2138081712e-04
13966	8.2207294525e-04	8.2123760121e-04
13967	8.2202812012e-04	8.2133044522e-04
13968	8.2198106156e-04	8.2155335553e-04
13969	8.2193685632e-04	8.2174071647e-04
13970	8.2188886932e-04	8.2182968717e-04
13971	8.2184585199e-04	8.2188633746e-04
13972	8.2179632701e-04	8.2206250968e-04
13973	8.2175560872e-04	8.2231026003e-04
13974	8.2170355579e-04	8.2251619640e-04
13975	8.2166744322e-04	8.2265747019e-04
13976	8.2161147617e-04	8.2279517497e-04
13977	8.2158516955e-04	8.2300539781e-04
13978	8.2152430632e-04	8.2321976930e-04
13979	8.2152081615e-04	8.2337267615e-04
13980	8.2145912157e-04	8.2350486216e-04
13981	8.2151491277e-04	8.2365482933e-04
13982	8.2148205262e-04	8.2382400833e-04
13983	8.2170973159e-04	8.2395974942e-04
13984	8.2184114165e-04	8.2405064931e-04
13985	8.2260088836e-04	8.2414974968e-04
13986	8.2338520505e-04	8.2425392362e-04
13987	8.2565479783e-04	8.2433501885e-04
13988	8.2804495162e-04	8.2438438056e-04
13989	8.3234074847e-04	8.2441441041e-04
13990	8.3362168311e-04	8.2444875783e-04
13991	8.3247449713e-04	8.2446618103e-04
13992	8.2562710726e-04	8.2444933095e-04
13993	8.2124376231e-04	8.2441608592e-04
13994	8.2213398239e-04	8.2437157232e-04
13995	8.2557493870e-04	8.2431359267e-04
13996	8.2725059087e-04	8.2423027938e-04
13997	8.2354343025e-04	8.2411993170e-04
13998	8.2081775366e-04	8.2399888868e-04
13999	8.2176614937e-04	8.2386174256e-04
14000	8.2377774985e-04	8.2370007457e-04
14001	8.2391418987e-04	8.2351646030e-04
14002	8.2120452933e-04	8.2331212266e-04
14003	8.2047729687e-04	8.2309388623e-04
14004	8.2206482042e-04	8.2285384802e-04
14005	8.2246213750e-04	8.2258963697e-04
14006	8.2149176572e-04	8.2230682599e-04
14007	8.2025646070e-04	8.2200803541e-04
14008	8.2073947114e-04	8.2169059081e-04
14009	8.2176003568e-04	8.2136059185e-04
14010	8.2100676218e-04	8.2101545646e-04
14011	8.2020907474e-04	8.2068233384e-04
14012	8.2030399918e-04	8.2036397426e-04
14013	8.2075093861e-04	8.2011210381e-04
14014	8.2083277168e-04	8.1994637565e-04
14015	8.2004539725e-04	8.1994333581e-04
14016	8.1989395519e-04	8.2003565955e-04
14017	8.2036848748e-04	8.2015276110e-04
14018	8.2028116860e-04	8.2010478474e-04
14019	8.1998488144e-04	8.1993604924e-04
14020	8.1971708763e-04	8.1979112881e-04
14021	8.1984144325e-04	8.1975929421e-04
14022	8.2006966515e-04	8.1980368181e-04
14023	8.1973183601e-04	8.1976018217e-04
14024	8.1954130197e-04	8.1964251366e-04
14025	8.1962171524e-04	8.1955286326e-04
14026	8.1964868569e-04	8.1953169725e-04
14027	8.1962077060e-04	8.1953116878e-04
14028	8.1937148045e-04	8.1945986895e-04
14029	8.1933589543e-04	8.1936847727e-04
14030	8.1945683423e-04	8.1932703882e-04
14031	8.1934074867e-04	8.1930642601e-04
14032	8.1924871701e-04	8.1926619273e-04
14033	8.1916062507e-04	8.1919177426e-04
14034	8.1915408879e-04	8.1913294114e-04
14035	8.1919702794e-04	8.1910974060e-04
14036	8.1904561254e-04	8.1907072199e-04
14037	8.1898298608e-04	8.1901145066e-04
14038	8.1897973741e-04	8.1895578795e-04
14039	8.1893356658e-04	8.1891649124e-04
14040	8.1891832597e-04	8.1888456461e-04
14041	8.1880429139e-04	8.1883230726e-04
14042	8.1876456322e-04	8.1877681169e-04
14043	8.1877533139e-04	8.1873718886e-04
14044	8.1869647317e-04	8.1869856865e-04
14045	8.1866121607e-04	8.1865406444e-04
14046	8.1859333316e-04	8.1860280804e-04
14047	8.1855205981e-04	8.1855677804e-04
14048	8.1855008346e-04	8.1851994644e-04
14049	8.1846558645e-04	8.1847574151e-04
14050	8.1842621826e-04	8.1842737013e-04
14051	8.1838693661e-04	8.1838245037e-04
14052	8.1833565241e-04	8.1834040814e-04
14053	8.1831867307e-04	8.1829961942e-04
14054	8.1824469489e-04	8.1825310242e-04
14055	8.1820304145e-04	8.1820670560e-04
14056	8.1817463817e-04	8.1816529213e-04
14057	8.1811684803e-04	8.1812248216e-04
14058	8.1808921632e-04	8.1807843305e-04
14059	8.1802860288e-04	8.1803304212e-04
14060	8.1798414095e-04	8.1798879760e-04
14061	8.1795651419e-04	8.1794731260e-04
14062	8.1789793644e-04	8.1790306214e-04
14063	8.1786371039e-04	8.1785812713e-04
14064	8.1781280739e-04	8.1781435205e-04
14065	8.1776621131e-04	8.1777067384e-04
14066	8.1773558249e-04	8.1772791136e-04
14067	8.1767936701e-04	8.1768323755e-04
14068	8.1764120619e-04	8.1763850930e-04
14069	8.1759542613e-04	8.1759541067e-04
14070	8.1754787821e-04	8.1755143161e-04
14071	8.1751376166e-04	8.1750764205e-04
14072	8.1746040168e-04	8.1746319539e-04
14073	8.1741995542e-04	8.1741869816e-04
14074	8.1737609653e-04	8.1737546251e-04
14075	8.1732834812e-04	8.1733111436e-04
14076	8.1729145161e-04	8.1728676949e-04
14077	8.1724032845e-04	8.1724257995e-04
14078	8.1719862807e-04	8.1719809033e-04
14079	8.1715516051e-04	8.1715439576e-04
14080	8.1710754136e-04	8.1710983996e-04
14081	8.1706872185e-04	8.1706521395e-04
14082	8.1701910584e-04	8.1702105259e-04
14083	8.1697666372e-04	8.1697641843e-04
14084	8.1693303171e-04	8.1693223884e-04
14085	8.1688560667e-04	8.1688755361e-04
14086	8.1684541573e-04	8.1684273536e-04
14087	8.1679673643e-04	8.1679839368e-04
14088	8.1675371323e-04	8.1675355958e-04
14089	8.1670974553e-04	8.1670897177e-04
14090	8.1666252229e-04	8.1666414324e-04
14091	8.1662125541e-04	8.1661914404e-04
14092	8.1657318448e-04	8.1657452189e-04
14093	8.1652964333e-04	8.1652947713e-04
14094	8.1648527405e-04	8.1648456020e-04
14095	8.1643826277e-04	8.1643954268e-04
14096	8.1639604956e-04	8.1639434837e-04
14097	8.1634838170e-04	8.1634941920e-04
14098	8.1630435801e-04	8.1630415403e-04
14099	8.1625950865e-04	8.1625895218e-04
14100	8.1621269697e-04	8.1621370161e-04
14101	8.1616959574e-04	8.1616828446e-04
14102	8.1612219817e-04	8.1612304285e-04
14103	8.1607775519e-04	8.1607753582e-04
14104	8.1603238493e-04	8.1603205796e-04
14105	8.1598575805e-04	8.1598654227e-04
14106	8.1594182533e-04	8.1594087511e-04
14107	8.1589460664e-04	8.1589532135e-04
14108	8.1584981272e-04	8.1584955347e-04
14109	8.1580393455e-04	8.1580379449e-04
14110	8.1575746465e-04	8.1575799580e-04
14111	8.1571275231e-04	8.1571205944e-04
14112	8.1566561845e-04	8.1566619354e-04
14113	8.1562047015e-04	8.1562014948e-04
14114	8.1557409520e-04	8.1557409799e-04
14115	8.1552770346e-04	8.1552800305e-04
14116	8.1548225579e-04	8.1548178212e-04
14117	8.1543513939e-04	8.1543560099e-04
14118	8.1538961130e-04	8.1538926831e-04
14119	8.1534279810e-04	8.1534291407e-04
14120	8.1529640733e-04	8.1529651293e-04
14121	8.1525028947e-04	8.1524999601e-04
14122	8.1520315158e-04	8.1520349556e-04
14123	8.1515719464e-04	8.1515686312e-04
14124	8.1511001038e-04	8.1511019751e-04
14125	8.1506351968e-04	8.1506348003e-04
14126	8.1501679493e-04	8.1501665538e-04
14127	8.1496960225e-04	8.1496982811e-04
14128	8.1492316212e-04	8.1492288232e-04
14129	8.1487567757e-04	8.1487589549e-04
14130	8.1482897193e-04	8.1482884977e-04
14131	8.1478170855e-04	8.1478170495e-04
14132	8.1473441262e-04	8.1473454150e-04
14133	8.1468745150e-04	8.1468726859e-04
14134	8.1463973253e-04	8.1463995115e-04
14135	8.1459271202e-04	8.1459256677e-04
14136	8.1454499834e-04	8.1454509220e-04
14137	8.1449754660e-04	8.1449758485e-04
14138	8.1445006062e-04	8.1444997396e-04
14139	8.1440214988e-04	8.1440231662e-04
14140	8.1435472109e-04	8.1435458298e-04
14141	8.1430663661e-04	8.1430676792e-04
14142	8.1425894311e-04	8.1425890636e-04
14143	8.1421095192e-04	8.1421094658e-04
14144	8.1416284905e-04	8.1416293857e-04
14145	8.1411494468e-04	8.1411484626e-04
14146	8.1406655839e-04	8.1406668095e-04
14147	8.1401852755e-04	8.1401845563e-04
14148	8.1397008166e-04	8.1397013762e-04
14149	8.1392174279e-04	8.1392176654e-04
14150	8.1387333390e-04	8.1387330517e-04
14151	8.1382468245e-04	8.1382477621e-04
14152	8.1377622712e-04	8.1377617443e-04
14153	8.1372739350e-04	8.1372748584e-04
14154	8.1367874460e-04	8.1367873593e-04
14155	8.1362985087e-04	8.1362989288e-04
14156	8.1358092800e-04	8.1358098282e-04
14157	8.1353199248e-04	8.1353198901e-04
14158	8.1348282301e-04	8.1348291253e-04
14159	8.1343377489e-04	8.1343376425e-04
14160	8.1338444426e-04	8.1338452264e-04
14161	8.1333519568e-04	8.1333521002e-04
14162	8.1328577327e-04	8.1328580598e-04
14163	8.1323628576e-04	8.1323632034e-04
14164	8.1318677804e-04	8.1318675219e-04
14165	8.1313706766e-04	8.1313709120e-04
14166	8.1308741751e-04	8.1308735205e-04
14167	8.1303753054e-04	8.1303751731e-04
14168	8.1298767115e-04	8.1298759952e-04
14169	8.1293765156e-04	8.1293759128e-04
14170	8.1288755379e-04	8.1288749115e-04
14171	8.1283741043e-04	8.1283730590e-04
14172	8.1278708915e-04	8.1278702398e-04
14173	8.1273678674e-04	8.1273665670e-04
14174	8.1268627871e-04	8.1268619475e-04
14175	8.1263576837e-04	8.1263564233e-04
14176	8.1258510507e-04	8.1258499976e-04
14177	8.1253436219e-04	8.1253426152e-04
14178	8.1248354972e-04	8.1248343506e-04
14179	8.1243258410e-04	8.1243251161e-04
14180	8.1238160049e-04	8.1238149786e-04
14181	8.1233043944e-04	8.1233038951e-04
14182	8.1227925313e-04	8.1227918703e-04
14183	8.1222791918e-04	8.1222789307e-04
14184	8.1217651163e-04	8.1217650251e-04
14185	8.1212501082e-04	8.1212502160e-04
14186	8.1207339246e-04	8.1207344425e-04
14187	8.1202172998e-04	8.1202177508e-04
14188	8.1196992655e-04	8.1197001160e-04
14189	8.1191808592e-04	8.1191815388e-04
14190	8.1186610969e-04	8.1186620430e-04
14191	8.1181407399e-04	8.1181415895e-04
14192	8.1176193205e-04	8.1176202261e-04
14193	8.1170970014e-04	8.1170979046e-04
14194	8.1165739410e-04	8.1165746609e-04
14195	8.1160497213e-04	8.1160504706e-04
14196	8.1155249042e-04	8.1155253361e-04
14197	8.1149987794e-04	8.1149992681e-04
14198	8.1144719889e-04	8.1144722380e-04
14199	8.1139439190e-04	8.1139442735e-04
14200	8.1134150414e-04	8.1134153336e-04
14201	8.1128851003e-04	8.1128854404e-04
14202	8.1123542027e-04	8.1123545688e-04
14203	8.1118224571e-04	8.1118227195e-04
14204	8.1112896054e-04	8.1112898917e-04
14205	8.1107560129e-04	8.1107560642e-04
14206	8.1102212200e-04	8.1102212510e-04
14207	8.1096856607e-04	8.1096854234e-04
14208	8.1091488815e-04	8.1091485942e-04
14209	8.1086112190e-04	8.1086107444e-04
14210	8.1080724127e-04	8.1080718749e-04
14211	8.1075326133e-04	8.1075319830e-04
14212	8.1069918064e-04	8.1069910580e-04
14213	8.1064499108e-04	8.1064491109e-04
14214	8.1059070857e-04	8.1059061243e-04
14215	8.1053630726e-04	8.1053621100e-04
14216	8.1048181296e-04	8.1048170523e-04
14217	8.1042719573e-04	8.1042709564e-04
14218	8.1037248322e-04	8.1037238163e-04
14219	8.1031765051e-04	8.1031756297e-04
14220	8.1026271769e-04	8.1026264027e-04
14221	8.1020766915e-04	8.1020761254e-04
14222	8.1015251338e-04	8.1015248097e-04
14223	8.1009724670e-04	8.1009724418e-04
14224	8.1004187662e-04	8.1004190330e-04
14225	8.0998641214e-04	8.0998645690e-04
14226	8.0993084106e-04	8.0993090565e-04
14227	8.0987517711e-04	8.0987524866e-04
14228	8.0981940174e-04	8.0981948637e-04
14229	8.0976353399e-04	8.0976361865e-04
14230	8.0970755643e-04	8.0970764578e-04
14231	8.0965148748e-04	8.0965156787e-04
14232	8.0959531252e-04	8.0959538492e-04
14233	8.0953904200e-04	8.0953909673e-04
14234	8.0948266418e-04	8.0948270345e-04
14235	8.0942618145e-04	8.0942620448e-04
14236	8.0936958770e-04	8.0936960067e-04
14237	8.0931288296e-04	8.0931289090e-04
14238	8.0925606826e-04	8.0925607682e-04
14239	8.0919914355e-04	8.0919915649e-04
14240	8.0914211325e-04	8.0914213227e-04
14241	8.0908497573e-04	8.0908500116e-04
14242	8.0902773533e-04	8.0902776629e-04
14243	8.0897038618e-04	8.0897042357e-04
14244	8.0891293195e-04	8.0891297680e-04
14245	8.0885536351e-04	8.0885542041e-04
14246	8.0879769253e-04	8.0879775987e-04
14247	8.0873990347e-04	8.0873998705e-04
14248	8.0868201296e-04	8.0868211026e-04
14249	8.0862399923e-04	8.0862411697e-04
14250	8.0856588828e-04	8.0856602067e-04
14251	8.0850765430e-04	8.0850780233e-04
14252	8.0844932697e-04	8.0844948386e-04
14253	8.0839087070e-04	8.0839103511e-04
14254	8.0833231686e-04	8.0833249173e-04
14255	8.0827362547e-04	8.0827380516e-04
14256	8.0821483926e-04	8.0821503441e-04
14257	8.0815591559e-04	8.0815609989e-04
14258	8.0809690619e-04	8.0809710071e-04
14259	8.0803775270e-04	8.0803790327e-04
14260	8.0797851404e-04	8.0797867598e-04
14261	8.0791911241e-04	8.0791918934e-04
14262	8.0785962729e-04	8.0785973327e-04
14263	8.0779996012e-04	8.0779990446e-04
14264	8.0774022144e-04	8.0774020719e-04
14265	8.0768027807e-04	8.0767991370e-04
14266	8.0762028256e-04	8.0761990298e-04
14267	8.0756004726e-04	8.0755881597e-04
14268	8.0749978355e-04	8.0749816374e-04
14269	8.0743924326e-04	8.0743528478e-04
14270	8.0737871771e-04	8.0737264966e-04
14271	8.0731784205e-04	8.0730468427e-04
14272	8.0725706046e-04	8.0723488366e-04
14273	8.0719581036e-04	8.0715061294e-04
14274	8.0713479676e-04	8.0705510148e-04
14275	8.0707312782e-04	8.0691927955e-04
14276	8.0701192487e-04	8.0674689009e-04
14277	8.0694976511e-04	8.0649416254e-04
14278	8.0688844482e-04	8.0622468026e-04
14279	8.0682568153e-04	8.0598232932e-04
14280	8.0676438236e-04	8.0595124605e-04
14281	8.0670083101e-04	8.0610934160e-04
14282	8.0663980573e-04	8.0632993668e-04
14283	8.0657514986e-04	8.0646184731e-04
14284	8.0651487391e-04	8.0649832918e-04
14285	8.0644858931e-04	8.0660099982e-04
14286	8.0638999554e-04	8.0680563413e-04
14287	8.0632124743e-04	8.0704161419e-04
14288	8.0626624788e-04	8.0720838368e-04
14289	8.0619386771e-04	8.0731782583e-04
14290	8.0614670065e-04	8.0748253111e-04
14291	8.0606979102e-04	8.0769011449e-04
14292	8.0604085435e-04	8.0787188347e-04
14293	8.0596228590e-04	8.0800235002e-04
14294	8.0598012151e-04	8.0811708126e-04
14295	8.0592193873e-04	8.0827073563e-04
14296	8.0607323761e-04	8.0841813867e-04
14297	8.0613718393e-04	8.0851712184e-04
14298	8.0669930526e-04	8.0859628096e-04
14299	8.0726677703e-04	8.0867762714e-04
14300	8.0904795491e-04	8.0876259338e-04
14301	8.1105853884e-04	8.0881725106e-04
14302	8.1511436479e-04	8.0883426151e-04
14303	8.1759369670e-04	8.0884989273e-04
14304	8.1887252044e-04	8.0885948610e-04
14305	8.1341393154e-04	8.0884514298e-04
14306	8.0754489683e-04	8.0880321604e-04
14307	8.0515234674e-04	8.0873955581e-04
14308	8.0792982927e-04	8.0867049182e-04
14309	8.1155180695e-04	8.0858258506e-04
14310	8.0984942098e-04	8.0846423108e-04
14311	8.0640651058e-04	8.0832690966e-04
14312	8.0486848942e-04	8.0817318515e-04
14313	8.0678497863e-04	8.0800292440e-04
14314	8.0866693522e-04	8.0780936439e-04
14315	8.0670973764e-04	8.0758874355e-04
14316	8.0478866286e-04	8.0735271312e-04
14317	8.0504138668e-04	8.0709802082e-04
14318	8.0631440122e-04	8.0682152832e-04
14319	8.0652570007e-04	8.0652175919e-04
14320	8.0472572645e-04	8.0620198265e-04
14321	8.0424134113e-04	8.0586557602e-04
14322	8.0524812913e-04	8.0551563261e-04
14323	8.0540420515e-04	8.0514725595e-04
14324	8.0476979553e-04	8.0478071037e-04
14325	8.0395166216e-04	8.0441996383e-04
14326	8.0424290357e-04	8.0410967578e-04
14327	8.0488406479e-04	8.0386618826e-04
14328	8.0430635107e-04	8.0376774939e-04
14329	8.0378828027e-04	8.0379271688e-04
14330	8.0384112768e-04	8.0391835949e-04
14331	8.0405591202e-04	8.0393703501e-04
14332	8.0410462963e-04	8.0380540685e-04
14333	8.0356224369e-04	8.0360255927e-04
14334	8.0341528996e-04	8.0348517491e-04
14335	8.0369030215e-04	8.0349600501e-04
14336	8.0359761289e-04	8.0348497603e-04
14337	8.0340778424e-04	8.0338779858e-04
14338	8.0318209011e-04	8.0324625792e-04
14339	8.0318986835e-04	8.0316555868e-04
14340	8.0333363254e-04	8.0315514929e-04
14341	8.0311047104e-04	8.0310236365e-04
14342	8.0294041472e-04	8.0299893971e-04
14343	8.0291961102e-04	8.0290369033e-04
14344	8.0290959659e-04	8.0285273936e-04
14345	8.0290090802e-04	8.0281907077e-04
14346	8.0270109509e-04	8.0273906584e-04
14347	8.0261150446e-04	8.0264657986e-04
14348	8.0264225806e-04	8.0258659524e-04
14349	8.0256870619e-04	8.0253855730e-04
14350	8.0249376482e-04	8.0247816348e-04
14351	8.0236650137e-04	8.0239576154e-04
14352	8.0232032444e-04	8.0232392516e-04
14353	8.0232556841e-04	8.0227540469e-04
14354	8.0221430179e-04	8.0221524706e-04
14355	8.0213984171e-04	8.0214258584e-04
14356	8.0206572015e-04	8.0207279388e-04
14357	8.0201588483e-04	8.0201254419e-04
14358	8.0199099510e-04	8.0195768328e-04
14359	8.0187775638e-04	8.0188990120e-04
14360	8.0181634660e-04	8.0181941270e-04
14361	8.0176491268e-04	8.0175900369e-04
14362	8.0169752935e-04	8.0169926192e-04
14363	8.0165827809e-04	8.0163662620e-04
14364	8.0155833194e-04	8.0156926014e-04
14365	8.0149999277e-04	8.0150391707e-04
14366	8.0145607442e-04	8.0144514773e-04
14367	8.0137704044e-04	8.0138263693e-04
14368	8.0133054559e-04	8.0131698604e-04
14369	8.0124570080e-04	8.0125244694e-04
14370	8.0118388858e-04	8.0118969142e-04
14371	8.0114087628e-04	8.0112890191e-04
14372	8.0105859265e-04	8.0106446141e-04
14373	8.0100629866e-04	8.0099896782e-04
14374	8.0093352306e-04	8.0093622586e-04
14375	8.0086729242e-04	8.0087343114e-04
14376	8.0082112202e-04	8.0081036154e-04
14377	8.0074121599e-04	8.0074544594e-04
14378	8.0068403797e-04	8.0068076635e-04
14379	8.0061822771e-04	8.0061817378e-04
14380	8.0054934248e-04	8.0055428885e-04
14381	8.0049831762e-04	8.0048993503e-04
14382	8.0042264820e-04	8.0042521092e-04
14383	8.0036189115e-04	8.0036068183e-04
14384	8.0029846013e-04	8.0029733269e-04
14385	8.0022911591e-04	8.0023250223e-04
14386	8.0017342299e-04	8.0016751080e-04
14387	8.0010111155e-04	8.0010281427e-04
14388	8.0003824367e-04	8.0003782857e-04
14389	7.9997453295e-04	7.9997353804e-04
14390	7.9990591098e-04	7.9990808291e-04
14391	7.9984665059e-04	7.9984255360e-04
14392	7.9977612564e-04	7.9977753758e-04
14393	7.9971231627e-04	7.9971190219e-04
14394	7.9964723888e-04	7.9964669751e-04
14395	7.9957927493e-04	7.9958074040e-04
14396	7.9951748554e-04	7.9951463359e-04
14397	7.9944748881e-04	7.9944905540e-04
14398	7.9938324770e-04	7.9938277565e-04
14399	7.9931670497e-04	7.9931672923e-04
14400	7.9924903917e-04	7.9925027723e-04
14401	7.9918562838e-04	7.9918358280e-04
14402	7.9911566343e-04	7.9911731072e-04
14403	7.9905108228e-04	7.9905042426e-04
14404	7.9898336491e-04	7.9898362099e-04
14405	7.9891561453e-04	7.9891662223e-04
14406	7.9885096984e-04	7.9884933934e-04
14407	7.9878083895e-04	7.9878232758e-04
14408	7.9871569137e-04	7.9871484671e-04
14409	7.9864705262e-04	7.9864734811e-04
14410	7.9857897071e-04	7.9857973549e-04
14411	7.9851312218e-04	7.9851185276e-04
14412	7.9844279302e-04	7.9844410166e-04
14413	7.9837682899e-04	7.9837600030e-04
14414	7.9830746608e-04	7.9830782558e-04
14415	7.9823900846e-04	7.9823954383e-04
14416	7.9817195286e-04	7.9817103172e-04
14417	7.9810149956e-04	7.9810255183e-04
14418	7.9803456383e-04	7.9803379299e-04
14419	7.9796457206e-04	7.9796494048e-04
14420	7.9789569474e-04	7.9789595923e-04
14421	7.9782737148e-04	7.9782677794e-04
14422	7.9775678282e-04	7.9775756496e-04
14423	7.9768873368e-04	7.9768810221e-04
14424	7.9761813704e-04	7.9761853994e-04
14425	7.9754876773e-04	7.9754882347e-04
14426	7.9747919666e-04	7.9747892131e-04
14427	7.9740844250e-04	7.9740895280e-04
14428	7.9733922409e-04	7.9733874169e-04
14429	7.9726806694e-04	7.9726842571e-04
14430	7.9719808718e-04	7.9719793083e-04
14431	7.9712733208e-04	7.9712724564e-04
14432	7.9705628438e-04	7.9705646720e-04
14433	7.9698583722e-04	7.9698544179e-04
14434	7.9691413129e-04	7.9691430407e-04
14435	7.9684338211e-04	7.9684296893e-04
14436	7.9677158106e-04	7.9677143947e-04
14437	7.9670010590e-04	7.9669979629e-04
14438	7.9662845907e-04	7.9662790839e-04
14439	7.9655622228e-04	7.9655590696e-04
14440	7.9648453757e-04	7.9648370672e-04
14441	7.9641182455e-04	7.9641132930e-04
14442	7.9633971073e-04	7.9633883350e-04
14443	7.9626690560e-04	7.9626611663e-04
14444	7.9619407715e-04	7.9619329186e-04
14445	7.9612131201e-04	7.9612027443e-04
14446	7.9604780377e-04	7.9604709970e-04
14447	7.9597484175e-04	7.9597379633e-04
14448	7.9590098561e-04	7.9590029961e-04
14449	7.9582745676e-04	7.9582669808e-04
14450	7.9575354373e-04	7.9575292136e-04
14451	7.9567928825e-04	7.9567901683e-04
14452	7.9560531196e-04	7.9560498632e-04
14453	7.9553063148e-04	7.9553080381e-04
14454	7.9545645173e-04	7.9545652484e-04
14455	7.9538171324e-04	7.9538209952e-04
14456	7.9530709977e-04	7.9530757459e-04
14457	7.9523243603e-04	7.9523293373e-04
14458	7.9515743081e-04	7.9515818102e-04
14459	7.9508277359e-04	7.9508334122e-04
14460	7.9500764181e-04	7.9500838867e-04
14461	7.9493284268e-04	7.9493336022e-04
14462	7.9485775912e-04	7.9485823393e-04
14463	7.9478266427e-04	7.9478303012e-04
14464	7.9470754654e-04	7.9470775109e-04
14465	7.9463210451e-04	7.9463239135e-04
14466	7.9455680526e-04	7.9455697355e-04
14467	7.9448114469e-04	7.9448147861e-04
14468	7.9440564305e-04	7.9440593079e-04
14469	7.9432995207e-04	7.9433031953e-04
14470	7.9425429968e-04	7.9425465190e-04
14471	7.9417864448e-04	7.9417893768e-04
14472	7.9410285529e-04	7.9410316334e-04
14473	7.9402716080e-04	7.9402735001e-04
14474	7.9395122792e-04	7.9395147886e-04
14475	7.9387539827e-04	7.9387556185e-04
14476	7.9379935805e-04	7.9379959349e-04
14477	7.9372335684e-04	7.9372356505e-04
14478	7.9364726479e-04	7.9364748893e-04
14479	7.9357109738e-04	7.9357134668e-04
14480	7.9349496075e-04	7.9349515595e-04
14481	7.9341864772e-04	7.9341890378e-04
14482	7.9334242001e-04	7.9334259518e-04
14483	7.9326599703e-04	7.9326623212e-04
14484	7.9318962845e-04	7.9318980473e-04
14485	7.9311313673e-04	7.9311332617e-04
14486	7.9303661263e-04	7.9303678284e-04
14487	7.9296006870e-04	7.9296018717e-04
14488	7.9288340232e-04	7.9288353205e-04
14489	7.9280677322e-04	7.9280681932e-04
14490	7.9272997836e-04	7.9273004977e-04
14491	7.9265322517e-04	7.9265321490e-04
14492	7.9257632935e-04	7.9257631986e-04
14493	7.9249942619e-04	7.9249935391e-04
14494	7.9242242113e-04	7.9242232232e-04
14495	7.9234532918e-04	7.9234521908e-04
14496	7.9226816660e-04	7.9226804608e-04
14497	7.9219086268e-04	7.9219080300e-04
14498	7.9211352501e-04	7.9211348691e-04
14499	7.9203605088e-04	7.9203610050e-04
14500	7.9195857693e-04	7.9195863777e-04
14501	7.9188099687e-04	7.9188110163e-04
14502	7.9180340896e-04	7.9180348671e-04
14503	7.9172572786e-04	7.9172579398e-04
14504	7.9164798764e-04	7.9164802137e-04
14505	7.9157015889e-04	7.9157016655e-04
14506	7.9149222272e-04	7.9149223082e-04
14507	7.9141421894e-04	7.9141420909e-04
14508	7.9133608965e-04	7.9133610411e-04
14509	7.9125791690e-04	7.9125791061e-04
14510	7.9117961745e-04	7.9117963045e-04
14511	7.9110127534e-04	7.9110126095e-04
14512	7.9102280896e-04	7.9102280150e-04
14513	7.9094427927e-04	7.9094425271e-04
14514	7.9086563561e-04	7.9086561131e-04
14515	7.9078690566e-04	7.9078687961e-04
14516	7.9070807980e-04	7.9070805300e-04
14517	7.9062915090e-04	7.9062913392e-04
14518	7.9055014115e-04	7.9055011857e-04
14519	7.9047101603e-04	7.9047100741e-04
14520	7.9039181523e-04	7.9039179512e-04
14521	7.9031249131e-04	7.9031247788e-04
14522	7.9023309071e-04	7.9023305238e-04
14523	7.9015356534e-04	7.9015351393e-04
14524	7.9007395931e-04	7.9007386152e-04
14525	7.8999422874e-04	7.8999409058e-04
14526	7.8991440956e-04	7.8991420188e-04
14527	7.8983446636e-04	7.8983419168e-04
14528	7.8975442698e-04	7.8975406240e-04
14529	7.8967426863e-04	7.8967381243e-04
14530	7.8959400936e-04	7.8959344635e-04
14531	7.8951363821e-04	7.8951296529e-04
14532	7.8943316178e-04	7.8943237513e-04
14533	7.8935257875e-04	7.8935167768e-04
14534	7.8927188013e-04	7.8927087848e-04
14535	7.8919107221e-04	7.8918997799e-04
14536	7.8911013465e-04	7.8910898218e-04
14537	7.8902908349e-04	7.8902789006e-04
14538	7.8894789448e-04	7.8894671110e-04
14539	7.8886659385e-04	7.8886544292e-04
14540	7.8878515595e-04	7.8878410075e-04
14541	7.8870361187e-04	7.8870267721e-04
14542	7.8862193101e-04	7.8862119371e-04
14543	7.8854014461e-04	7.8853963563e-04
14544	7.8845824509e-04	7.8845803495e-04
14545	7.8837635076e-04	7.8837636492e-04
14546	7.8829444463e-04	7.8829467409e-04
14547	7.8821254628e-04	7.8821291509e-04
14548	7.8813064831e-04	7.8813116400e-04
14549	7.8804875174e-04	7.8804933807e-04
14550	7.8796689771e-04	7.8796756122e-04
14551	7.8788506792e-04	7.8788568840e-04
14552	7.8780334578e-04	7.8780392635e-04
14553	7.8772165434e-04	7.8772201574e-04
14554	7.8764008087e-04	7.8764030649e-04
14555	7.8755847365e-04	7.8755832482e-04
14556	7.8747693805e-04	7.8747667052e-04
14557	7.8739530209e-04	7.8739445677e-04
14558	7.8731375182e-04	7.8731271055e-04
14559	7.8723211176e-04	7.8722970776e-04
14560	7.8715065585e-04	7.8714714483e-04
14561	7.8706913319e-04	7.8706145873e-04
14562	7.8698789454e-04	7.8697513690e-04
14563	7.8690652315e-04	7.8688017584e-04
14564	7.8682550838e-04	7.8677902604e-04
14565	7.8674421135e-04	7.8665247937e-04
14566	7.8666345128e-04	7.8650040938e-04
14567	7.8658225087e-04	7.8628285409e-04
14568	7.8650185828e-04	7.8601623093e-04
14569	7.8642071592e-04	7.8568964382e-04
14570	7.8634082448e-04	7.8545942533e-04
14571	7.8625965863e-04	7.8540954475e-04
14572	7.8618048494e-04	7.8558213571e-04
14573	7.8609913008e-04	7.8579396605e-04
14574	7.8602102484e-04	7.8589924588e-04
14575	7.8593913033e-04	7.8594222598e-04
14576	7.8586266961e-04	7.8603317180e-04
14577	7.8577960498e-04	7.8625017736e-04
14578	7.8570596513e-04	7.8647916830e-04
14579	7.8562087562e-04	7.8662823882e-04
14580	7.8555277149e-04	7.8674886038e-04
14581	7.8546492509e-04	7.8690777201e-04
14582	7.8540889480e-04	7.8711767126e-04
14583	7.8531951000e-04	7.8729544742e-04
14584	7.8529286846e-04	7.8741300011e-04
14585	7.8521367039e-04	7.8753737585e-04
14586	7.8526793904e-04	7.8768503308e-04
14587	7.8525627255e-04	7.8782689672e-04
14588	7.8555762288e-04	7.8792603022e-04
14589	7.8584409870e-04	7.8799378644e-04
14590	7.8692245051e-04	7.8807777568e-04
14591	7.8823811124e-04	7.8815702594e-04
14592	7.9132615893e-04	7.8820023016e-04
14593	7.9442732250e-04	7.8821631964e-04
14594	7.9854278358e-04	7.8822148240e-04
14595	7.9757871407e-04	7.8822565871e-04
14596	7.9315794458e-04	7.8820436709e-04
14597	7.8613839092e-04	7.8814750312e-04
14598	7.8447616433e-04	7.8807933393e-04
14599	7.8794071469e-04	7.8799921977e-04
14600	7.9047911776e-04	7.8789778702e-04
14601	7.8939001762e-04	7.8776978330e-04
14602	7.8510316041e-04	7.8761684874e-04
14603	7.8417533978e-04	7.8745167790e-04
14604	7.8650979786e-04	7.8726737044e-04
14605	7.8741086191e-04	7.8705537846e-04
14606	7.8598603622e-04	7.8682161215e-04
14607	7.8377133089e-04	7.8656686994e-04
14608	7.8421021930e-04	7.8629477039e-04
14609	7.8580869619e-04	7.8599960306e-04
14610	7.8523174943e-04	7.8567937501e-04
14611	7.8391135369e-04	7.8533915758e-04
14612	7.8340597528e-04	7.8498316274e-04
14613	7.8419149044e-04	7.8460816295e-04
14614	7.8472713033e-04	7.8422294744e-04
14615	7.8359286857e-04	7.8382888737e-04
14616	7.8300955910e-04	7.8345832003e-04
14617	7.8348986822e-04	7.8312407347e-04
14618	7.8374796890e-04	7.8289030518e-04
14619	7.8346178667e-04	7.8277805261e-04
14620	7.8274788224e-04	7.8284096388e-04
14621	7.8281341170e-04	7.8294360651e-04
14622	7.8328360752e-04	7.8296955691e-04
14623	7.8295486194e-04	7.8281066413e-04
14624	7.8258645620e-04	7.8260259835e-04
14625	7.8250625088e-04	7.8250164180e-04
14626	7.8261417828e-04	7.8249991694e-04
14627	7.8270106259e-04	7.8249512755e-04
14628	7.8233248040e-04	7.8237847914e-04
14629	7.8216579591e-04	7.8223648582e-04
14630	7.8228407351e-04	7.8216879141e-04
14631	7.8223671208e-04	7.8214392186e-04
14632	7.8213851363e-04	7.8209257637e-04
14633	7.8193112740e-04	7.8198115801e-04
14634	7.8186998895e-04	7.8188488568e-04
14635	7.8195671010e-04	7.8184332957e-04
14636	7.8183048811e-04	7.8179619136e-04
14637	7.8169277533e-04	7.8171715470e-04
14638	7.8160830467e-04	7.8162476564e-04
14639	7.8158493585e-04	7.8155952368e-04
14640	7.8158604988e-04	7.8151773806e-04
14641	7.8143531947e-04	7.8144889477e-04
14642	7.8133957103e-04	7.8136541589e-04
14643	7.8131513142e-04	7.8129809835e-04
14644	7.8126630183e-04	7.8124371030e-04
14645	7.8121143767e-04	7.8118633312e-04
14646	7.8108783794e-04	7.8111066182e-04
14647	7.8103311583e-04	7.8103879154e-04
14648	7.8100891578e-04	7.8098410918e-04
14649	7.8092669676e-04	7.8092432961e-04
14650	7.8086775626e-04	7.8085662242e-04
14651	7.8077618620e-04	7.8078831848e-04
14652	7.8072397950e-04	7.8072585360e-04
14653	7.8069116450e-04	7.8066927114e-04
14654	7.8059871778e-04	7.8060497818e-04
14655	7.8054431856e-04	7.8053773161e-04
14656	7.8047242856e-04	7.8047599265e-04
14657	7.8041077416e-04	7.8041574771e-04
14658	7.8037433456e-04	7.8035527317e-04
14659	7.8028379801e-04	7.8029101653e-04
14660	7.8022768339e-04	7.8022682314e-04
14661	7.8017003135e-04	7.8016741545e-04
14662	7.8010112023e-04	7.8010696736e-04
14663	7.8005885029e-04	7.8004459290e-04
14664	7.7997667931e-04	7.7998174196e-04
14665	7.7991735988e-04	7.7992018120e-04
14666	7.7986660559e-04	7.7986091111e-04
14667	7.7979465605e-04	7.7979953015e-04
14668	7.7974604168e-04	7.7973715592e-04
14669	7.7967380734e-04	7.7967606298e-04
14670	7.7961182854e-04	7.7961558715e-04
14671	7.7956119954e-04	7.7955561022e-04
14672	7.7949084485e-04	7.7949406221e-04
14673	7.7943754338e-04	7.7943266780e-04
14674	7.7937178431e-04	7.7937260984e-04
14675	7.7930894884e-04	7.7931214031e-04
14676	7.7925595432e-04	7.7925189644e-04
14677	7.7918903120e-04	7.7919092811e-04
14678	7.7913289093e-04	7.7913020582e-04
14679	7.7906983131e-04	7.7907054425e-04
14680	7.7900801433e-04	7.7901010281e-04
14681	7.7895260604e-04	7.7894993775e-04
14682	7.7888828006e-04	7.7888958957e-04
14683	7.7883105605e-04	7.7882922621e-04
14684	7.7876875878e-04	7.7876976625e-04
14685	7.7870847398e-04	7.7870953848e-04
14686	7.7865137626e-04	7.7864949732e-04
14687	7.7858841251e-04	7.7858966160e-04
14688	7.7853127398e-04	7.7852961641e-04
14689	7.7846912317e-04	7.7847025366e-04
14690	7.7840990115e-04	7.7841033810e-04
14691	7.7835200046e-04	7.7835050448e-04
14692	7.7828975823e-04	7.7829105299e-04
14693	7.7823303064e-04	7.7823131648e-04
14694	7.7817103749e-04	7.7817203339e-04
14695	7.7811229406e-04	7.7811246819e-04
14696	7.7805413924e-04	7.7805291005e-04
14697	7.7799239596e-04	7.7799371165e-04
14698	7.7793585091e-04	7.7793427882e-04
14699	7.7787425038e-04	7.7787513047e-04
14700	7.7781572452e-04	7.7781587560e-04
14701	7.7775753731e-04	7.7775660364e-04
14702	7.7769636424e-04	7.7769759886e-04
14703	7.7763972419e-04	7.7763845900e-04
14704	7.7757872115e-04	7.7757949861e-04
14705	7.7752037755e-04	7.7752050076e-04
14706	7.7746215855e-04	7.7746151038e-04
14707	7.7740169469e-04	7.7740270021e-04
14708	7.7734479429e-04	7.7734382617e-04
14709	7.7728445509e-04	7.7728508278e-04
14710	7.7722631800e-04	7.7722631772e-04
14711	7.7716799731e-04	7.7716759489e-04
14712	7.7710830301e-04	7.7710899288e-04
14713	7.7705107475e-04	7.7705035836e-04
14714	7.7699136475e-04	7.7699184296e-04
14715	7.7693344638e-04	7.7693330568e-04
14716	7.7687500560e-04	7.7687482894e-04
14717	7.7681605390e-04	7.7681644361e-04
14718	7.7675850850e-04	7.7675803576e-04
14719	7.7669937405e-04	7.7669974862e-04
14720	7.7664165447e-04	7.7664143962e-04
14721	7.7658316294e-04	7.7658319227e-04
14722	7.7652487395e-04	7.7652502471e-04
14723	7.7646708922e-04	7.7646683622e-04
14724	7.7640850168e-04	7.7640876605e-04
14725	7.7635093020e-04	7.7635067781e-04
14726	7.7629250313e-04	7.7629264608e-04
14727	7.7623473511e-04	7.7623468817e-04
14728	7.7617679344e-04	7.7617671250e-04
14729	7.7611870228e-04	7.7611884649e-04
14730	7.7606119679e-04	7.7606096914e-04
14731	7.7600295779e-04	7.7600314504e-04
14732	7.7594555225e-04	7.7594538677e-04
14733	7.7588756689e-04	7.7588761975e-04
14734	7.7582991515e-04	7.7582994968e-04
14735	7.7577241946e-04	7.7577227590e-04
14736	7.7571447704e-04	7.7571465573e-04
14737	7.7565728539e-04	7.7565708918e-04
14738	7.7559939023e-04	7.7559952761e-04
14739	7.7554210095e-04	7.7554204722e-04
14740	7.7548461192e-04	7.7548457059e-04
14741	7.7542702898e-04	7.7542714928e-04
14742	7.7536993135e-04	7.7536976766e-04
14743	7.7531225049e-04	7.7531240647e-04
14744	7.7525521724e-04	7.7525510897e-04
14745	7.7519778393e-04	7.7519782339e-04
14746	7.7514055605e-04	7.7514059306e-04
14747	7.7508348666e-04	7.7508339111e-04
14748	7.7502610784e-04	7.7502622361e-04
14749	7.7496922013e-04	7.7496910355e-04
14750	7.7491193075e-04	7.7491200506e-04
14751	7.7485499310e-04	7.7485495854e-04
14752	7.7479795798e-04	7.7479793472e-04
14753	7.7474090860e-04	7.7474095444e-04
14754	7.7468408889e-04	7.7468400868e-04
14755	7.7462703263e-04	7.7462709348e-04
14756	7.7457028816e-04	7.7457022395e-04
14757	7.7451335340e-04	7.7451337692e-04
14758	7.7445659155e-04	7.7445657655e-04
14759	7.7439982293e-04	7.7439980285e-04
14760	7.7434304344e-04	7.7434306601e-04
14761	7.7428640777e-04	7.7428636766e-04
14762	7.7422966023e-04	7.7422969469e-04
14763	7.7417310278e-04	7.7417306685e-04
14764	7.7411643703e-04	7.7411646275e-04
14765	7.7405991508e-04	7.7405989863e-04
14766	7.7400336215e-04	7.7400336721e-04
14767	7.7394685450e-04	7.7394686490e-04
14768	7.7389042195e-04	7.7389040394e-04
14769	7.7383393506e-04	7.7383396691e-04
14770	7.7377760045e-04	7.7377757042e-04
14771	7.7372116826e-04	7.7372120263e-04
14772	7.7366488671e-04	7.7366486728e-04
14773	7.7360855242e-04	7.7360856856e-04
14774	7.7355228810e-04	7.7355229575e-04
14775	7.7349607368e-04	7.7349606204e-04
14776	7.7343982654e-04	7.7343985483e-04
14777	7.7338371142e-04	7.7338368246e-04
14778	7.7332751370e-04	7.7332754185e-04
14779	7.7327145283e-04	7.7327143027e-04
14780	7.7321534342e-04	7.7321535425e-04
14781	7.7315930546e-04	7.7315930480e-04
14782	7.7310330019e-04	7.7310329046e-04
14783	7.7304728676e-04	7.7304730413e-04
14784	7.7299136977e-04	7.7299134975e-04
14785	7.7293540564e-04	7.7293542616e-04
14786	7.7287954738e-04	7.7287953142e-04
14787	7.7282365760e-04	7.7282366913e-04
14788	7.7276783840e-04	7.7276783415e-04
14789	7.7271203200e-04	7.7271203152e-04
14790	7.7265625046e-04	7.7265625626e-04
14791	7.7260052045e-04	7.7260051191e-04
14792	7.7254478644e-04	7.7254479604e-04
14793	7.7248912012e-04	7.7248910903e-04
14794	7.7243344394e-04	7.7243345185e-04
14795	7.7237783182e-04	7.7237782175e-04
14796	7.7232221909e-04	7.7232222213e-04
14797	7.7226665598e-04	7.7226664887e-04
14798	7.7221110840e-04	7.7221110541e-04
14799	7.7215559266e-04	7.7215558890e-04
14800	7.7210010898e-04	7.7210010045e-04
14801	7.7204464003e-04	7.7204464025e-04
14802	7.7198921763e-04	7.7198920643e-04
14803	7.7193379792e-04	7.7193380158e-04
14804	7.7187843341e-04	7.7187842245e-04
14805	7.7182306859e-04	7.7182307171e-04
14806	7.7176775667e-04	7.7176774716e-04
14807	7.7171245124e-04	7.7171244955e-04
14808	7.7165718529e-04	7.7165717906e-04
14809	7.7160194011e-04	7.7160193416e-04
14810	7.7154671713e-04	7.7154671681e-04
14811	7.7149153092e-04	7.7149152447e-04
14812	7.7143635402e-04	7.7143635926e-04
14813	7.7138122387e-04	7.7138121925e-04
14814	7.7132609840e-04	7.7132610542e-04
14815	7.7127101975e-04	7.7127101725e-04
14816	7.7121594893e-04	7.7121595433e-04
14817	7.7116091766e-04	7.7116091733e-04
14818	7.7110590196e-04	7.7110590498e-04
14819	7.7105091654e-04	7.7105091842e-04
14820	7.7099595482e-04	7.7099595624e-04
14821	7.7094101608e-04	7.7094101948e-04
14822	7.7088610668e-04	7.7088610701e-04
14823	7.7083121590e-04	7.7083121947e-04
14824	7.7077635713e-04	7.7077635620e-04
14825	7.7072151469e-04	7.7072151736e-04
14826	7.7066670505e-04	7.7066670275e-04
14827	7.7061191061e-04	7.7061191206e-04
14828	7.7055714912e-04	7.7055714547e-04
14829	7.7050240222e-04	7.7050240240e-04
14830	7.7044768783e-04	7.7044768321e-04
14831	7.7039298806e-04	7.7039298731e-04
14832	7.7033831949e-04	7.7033831495e-04
14833	7.7028366684e-04	7.7028366583e-04
14834	7.7022904319e-04	7.7022903970e-04
14835	7.7017443797e-04	7.7017443683e-04
14836	7.7011985873e-04	7.7011985630e-04
14837	7.7006530076e-04	7.7006529905e-04
14838	7.7001076537e-04	7.7001076356e-04
14839	7.6995625365e-04	7.6995625133e-04
14840	7.6990176163e-04	7.6990176039e-04
14841	7.6984729497e-04	7.6984729268e-04
14842	7.6979284628e-04	7.6979284579e-04
14843	7.6973842391e-04	7.6973842214e-04
14844	7.6968401871e-04	7.6968401874e-04
14845	7.6962964016e-04	7.6962963875e-04
14846	7.6957527822e-04	7.6957527817e-04
14847	7.6952094295e-04	7.6952094155e-04
14848	7.6946662350e-04	7.6946662303e-04
14849	7.6941233097e-04	7.6941232963e-04
14850	7.6935805312e-04	7.6935805230e-04
14851	7.6930380305e-04	7.6930380217e-04
14852	7.6924956612e-04	7.6924956486e-04
14853	7.6919535842e-04	7.6919535839e-04
14854	7.6914116178e-04	7.6914115941e-04
14855	7.6908699628e-04	7.6908699755e-04
14856	7.6903283918e-04	7.6903283423e-04
14857	7.6897871577e-04	7.6897871884e-04
14858	7.6892459734e-04	7.6892458656e-04
14859	7.6887051611e-04	7.6887052087e-04
14860	7.6881643522e-04	7.6881641098e-04
14861	7.6876239654e-04	7.6876239989e-04
14862	7.6870835157e-04	7.6870829467e-04
14863	7.6865435635e-04	7.6865434308e-04
14864	7.6860034507e-04	7.6860020225e-04
14865	7.6854639509e-04	7.6854630470e-04
14866	7.6849241430e-04	7.6849202585e-04
14867	7.6843851264e-04	7.6843812083e-04
14868	7.6838455752e-04	7.6838341395e-04
14869	7.6833070920e-04	7.6832920204e-04
14870	7.6827677224e-04	7.6827316588e-04
14871	7.6822298563e-04	7.6821741194e-04
14872	7.6816905501e-04	7.6815704735e-04
14873	7.6811534424e-04	7.6809497787e-04
14874	7.6806140096e-04	7.6802000609e-04
14875	7.6800778995e-04	7.6793438787e-04
14876	7.6795380260e-04	7.6781174555e-04
14877	7.6790033219e-04	7.6765234844e-04
14878	7.6784624785e-04	7.6741190917e-04
14879	7.6779298886e-04	7.6713565879e-04
14880	7.6773871762e-04	7.6685713978e-04
14881	7.6768579525e-04	7.6677076476e-04
14882	7.6763118315e-04	7.6690518930e-04
14883	7.6757882363e-04	7.6716419595e-04
14884	7.6752360730e-04	7.6735765728e-04
14885	7.6747223193e-04	7.6742717717e-04
14886	7.6741596822e-04	7.6752287939e-04
14887	7.6736639475e-04	7.6772962710e-04
14888	7.6730837565e-04	7.6800929495e-04
14889	7.6726228839e-04	7.6823147661e-04
14890	7.6720154484e-04	7.6837119718e-04
14891	7.6716270655e-04	7.6854518633e-04
14892	7.6709860315e-04	7.6877953873e-04
14893	7.6707632293e-04	7.6901061262e-04
14894	7.6701185072e-04	7.6918178290e-04
14895	7.6703187159e-04	7.6931890966e-04
14896	7.6698794104e-04	7.6949425174e-04
14897	7.6712886324e-04	7.6967906975e-04
14898	7.6720030351e-04	7.6981969059e-04
14899	7.6771557491e-04	7.6992553520e-04
14900	7.6826103112e-04	7.7002811413e-04
14901	7.6991305887e-04	7.7014251344e-04
14902	7.7189674176e-04	7.7023073552e-04
14903	7.7593938512e-04	7.7027568990e-04
14904	7.7909196178e-04	7.7031068096e-04
14905	7.8157299722e-04	7.7034213449e-04
14906	7.7717601150e-04	7.7035516553e-04
14907	7.7066930067e-04	7.7033563823e-04
14908	7.6633824171e-04	7.7028890797e-04
14909	7.6821647379e-04	7.7023626186e-04
14910	7.7268859541e-04	7.7016635130e-04
14911	7.7245034706e-04	7.7006549421e-04
14912	7.6893195805e-04	7.6994021571e-04
14913	7.6606877452e-04	7.6979631877e-04
14914	7.6749120571e-04	7.6963728794e-04
14915	7.7015783506e-04	7.6945305772e-04
14916	7.6899557981e-04	7.6923899985e-04
14917	7.6658611254e-04	7.6900695005e-04
14918	7.6604800268e-04	7.6875498432e-04
14919	7.6752758657e-04	7.6848075728e-04
14920	7.6835288504e-04	7.6818057945e-04
14921	7.6663244866e-04	7.6785743354e-04
14922	7.6562035325e-04	7.6751647341e-04
14923	7.6641406844e-04	7.6715958665e-04
14924	7.6702970920e-04	7.6678223393e-04
14925	7.6659318781e-04	7.6640229431e-04
14926	7.6549684840e-04	7.6602426923e-04
14927	7.6559854483e-04	7.6568999424e-04
14928	7.6637284741e-04	7.6541774940e-04
14929	7.6606539343e-04	7.6528553217e-04
14930	7.6545445726e-04	7.6529397027e-04
14931	7.6527695885e-04	7.6544149038e-04
14932	7.6560246221e-04	7.6552316050e-04
14933	7.6580168110e-04	7.6544703941e-04
14934	7.6525139966e-04	7.6524654394e-04
14935	7.6501280466e-04	7.6510096797e-04
14936	7.6525017180e-04	7.6510444209e-04
14937	7.6529585249e-04	7.6513129467e-04
14938	7.6514755383e-04	7.6507606114e-04
14939	7.6483412433e-04	7.6493992618e-04
14940	7.6485358558e-04	7.6484713966e-04
14941	7.6504367348e-04	7.6484568425e-04
14942	7.6486247989e-04	7.6482754504e-04
14943	7.6469462160e-04	7.6474758133e-04
14944	7.6463584884e-04	7.6465226142e-04
14945	7.6466742208e-04	7.6460502155e-04
14946	7.6470263550e-04	7.6459322719e-04
14947	7.6449832869e-04	7.6453956186e-04
14948	7.6441543822e-04	7.6445854434e-04
14949	7.6445406962e-04	7.6440244144e-04
14950	7.6440878195e-04	7.6437092553e-04
14951	7.6436126083e-04	7.6433382531e-04
14952	7.6423081238e-04	7.6426737453e-04
14953	7.6419592315e-04	7.6420516912e-04
14954	7.6422635089e-04	7.6416933265e-04
14955	7.6413293944e-04	7.6412997192e-04
14956	7.6407197890e-04	7.6407591918e-04
14957	7.6400865743e-04	7.6401766739e-04
14958	7.6397458097e-04	7.6397138783e-04
14959	7.6397203879e-04	7.6393478946e-04
14960	7.6387463588e-04	7.6388525050e-04
14961	7.6382282306e-04	7.6383010942e-04
14962	7.6379105681e-04	7.6378338017e-04
14963	7.6374229398e-04	7.6374099517e-04
14964	7.6371697506e-04	7.6369695508e-04
14965	7.6363566769e-04	7.6364542801e-04
14966	7.6359058620e-04	7.6359579050e-04
14967	7.6356572930e-04	7.6355371284e-04
14968	7.6350663904e-04	7.6350891947e-04
14969	7.6347109919e-04	7.6346086429e-04
14970	7.6340678550e-04	7.6341241845e-04
14971	7.6336255830e-04	7.6336656352e-04
14972	7.6333497609e-04	7.6332368568e-04
14973	7.6327327538e-04	7.6327677653e-04
14974	7.6323388780e-04	7.6322869136e-04
14975	7.6318072077e-04	7.6318317655e-04
14976	7.6313461970e-04	7.6313811265e-04
14977	7.6310261130e-04	7.6309328979e-04
14978	7.6304286236e-04	7.6304621218e-04
14979	7.6300183669e-04	7.6299935655e-04
14980	7.6295439717e-04	7.6295492770e-04
14981	7.6290642512e-04	7.6290943660e-04
14982	7.6287074511e-04	7.6286354804e-04
14983	7.6281427425e-04	7.6281724170e-04
14984	7.6277219149e-04	7.6277126182e-04
14985	7.6272718201e-04	7.6272672873e-04
14986	7.6267832874e-04	7.6268087053e-04
14987	7.6264005875e-04	7.6263478157e-04
14988	7.6258660804e-04	7.6258918150e-04
14989	7.6254369370e-04	7.6254352019e-04
14990	7.6249946091e-04	7.6249857438e-04
14991	7.6245058890e-04	7.6245267297e-04
14992	7.6241052615e-04	7.6240672559e-04
14993	7.6235935811e-04	7.6236146784e-04
14994	7.6231581818e-04	7.6231584730e-04
14995	7.6227161877e-04	7.6227058535e-04
14996	7.6222319944e-04	7.6222481329e-04
14997	7.6218184213e-04	7.6217903884e-04
14998	7.6213223840e-04	7.6213386329e-04
14999	7.6208824857e-04	7.6208823571e-04
15000	7.6204376270e-04	7.6204282072e-04
15001	7.6199595512e-04	7.6199719965e-04
15002	7.6195363884e-04	7.6195154118e-04
15003	7.6190510320e-04	7.6190633361e-04
15004	7.6186083280e-04	7.6186071961e-04
15005	7.6181596227e-04	7.6181525483e-04
15006	7.6176874816e-04	7.6176974222e-04
15007	7.6172567539e-04	7.6172415065e-04
15008	7.6167788564e-04	7.6167888322e-04
15009	7.6163346887e-04	7.6163329846e-04
15010	7.6158825233e-04	7.6158782452e-04
15011	7.6154158206e-04	7.6154236887e-04
15012	7.6149790204e-04	7.6149681536e-04
15013	7.6145066240e-04	7.6145149442e-04
15014	7.6140616283e-04	7.6140594196e-04
15015	7.6136067346e-04	7.6136047146e-04
15016	7.6131447368e-04	7.6131503932e-04
15017	7.6127029528e-04	7.6126951174e-04
15018	7.6122348743e-04	7.6122415361e-04
15019	7.6117891001e-04	7.6117863078e-04
15020	7.6113322260e-04	7.6113316838e-04
15021	7.6108740085e-04	7.6108774454e-04
15022	7.6104280221e-04	7.6104223923e-04
15023	7.6099634913e-04	7.6099685954e-04
15024	7.6095166624e-04	7.6095136179e-04
15025	7.6090585730e-04	7.6090590887e-04
15026	7.6086032092e-04	7.6086048615e-04
15027	7.6081537881e-04	7.6081499895e-04
15028	7.6076923403e-04	7.6076960638e-04
15029	7.6072441364e-04	7.6072412733e-04
15030	7.6067855713e-04	7.6067868330e-04
15031	7.6063321016e-04	7.6063325825e-04
15032	7.6058800183e-04	7.6058778434e-04
15033	7.6054212782e-04	7.6054238138e-04
15034	7.6049715335e-04	7.6049691308e-04
15035	7.6045132044e-04	7.6045147458e-04
15036	7.6040607157e-04	7.6040604456e-04
15037	7.6036067182e-04	7.6036057999e-04
15038	7.6031501542e-04	7.6031516763e-04
15039	7.6026988262e-04	7.6026970484e-04
15040	7.6022412512e-04	7.6022426873e-04
15041	7.6017889688e-04	7.6017883237e-04
15042	7.6013338161e-04	7.6013337403e-04
15043	7.6008787791e-04	7.6008795250e-04
15044	7.6004260276e-04	7.6004249224e-04
15045	7.5999694519e-04	7.5999705586e-04
15046	7.5995168362e-04	7.5995161294e-04
15047	7.5990612192e-04	7.5990615825e-04
15048	7.5986070330e-04	7.5986072751e-04
15049	7.5981532054e-04	7.5981526772e-04
15050	7.5976975788e-04	7.5976982810e-04
15051	7.5972443839e-04	7.5972437817e-04
15052	7.5967888011e-04	7.5967892381e-04
15053	7.5963348858e-04	7.5963348327e-04
15054	7.5958803918e-04	7.5958802178e-04
15055	7.5954254160e-04	7.5954257605e-04
15056	7.5949716494e-04	7.5949711832e-04
15057	7.5945163204e-04	7.5945166060e-04
15058	7.5940623242e-04	7.5940620920e-04
15059	7.5936074925e-04	7.5936074337e-04
15060	7.5931527736e-04	7.5931528913e-04
15061	7.5926985332e-04	7.5926982267e-04
15062	7.5922433655e-04	7.5922435862e-04
15063	7.5917891573e-04	7.5917889524e-04
15064	7.5913341621e-04	7.5913342246e-04
15065	7.5908795051e-04	7.5908795733e-04
15066	7.5904249693e-04	7.5904248068e-04
15067	7.5899698702e-04	7.5899700759e-04
15068	7.5895155032e-04	7.5895153084e-04
15069	7.5890603541e-04	7.5890604883e-04
15070	7.5886057082e-04	7.5886057033e-04
15071	7.5881508776e-04	7.5881508206e-04
15072	7.5876957954e-04	7.5876959709e-04
15073	7.5872412484e-04	7.5872410562e-04
15074	7.5867859304e-04	7.5867861205e-04
15075	7.5863313073e-04	7.5863311779e-04
15076	7.5858761118e-04	7.5858761662e-04
15077	7.5854211156e-04	7.5854211683e-04
15078	7.5849662315e-04	7.5849661003e-04
15079	7.5845108506e-04	7.5845110236e-04
15080	7.5840561242e-04	7.5840559098e-04
15081	7.5836005994e-04	7.5836007531e-04
15082	7.5831457090e-04	7.5831455836e-04
15083	7.5826903364e-04	7.5826903569e-04
15084	7.5822350691e-04	7.5822351135e-04
15085	7.5817799570e-04	7.5817798241e-04
15086	7.5813243361e-04	7.5813244988e-04
15087	7.5808693381e-04	7.5808691430e-04
15088	7.5804135815e-04	7.5804137383e-04
15089	7.5799584371e-04	7.5799583041e-04
15090	7.5795027819e-04	7.5795028245e-04
15091	7.5790473000e-04	7.5790473039e-04
15092	7.5785918386e-04	7.5785917489e-04
15093	7.5781360150e-04	7.5781361424e-04
15094	7.5776806629e-04	7.5776805042e-04
15095	7.5772246557e-04	7.5772248149e-04
15096	7.5767692221e-04	7.5767690846e-04
15097	7.5763132197e-04	7.5763133131e-04
15098	7.5758575315e-04	7.5758574881e-04
15099	7.5754016423e-04	7.5754016298e-04
15100	7.5749456471e-04	7.5749457126e-04
15101	7.5744898571e-04	7.5744897589e-04
15102	7.5740336255e-04	7.5740337514e-04
15103	7.5735778198e-04	7.5735776960e-04
15104	7.5731214784e-04	7.5731215970e-04
15105	7.5726655211e-04	7.5726654393e-04
15106	7.5722091812e-04	7.5722092433e-04
15107	7.5717529899e-04	7.5717529852e-04
15108	7.5712966946e-04	7.5712966841e-04
15109	7.5708402633e-04	7.5708403265e-04
15110	7.5703839780e-04	7.5703839148e-04
15111	7.5699273607e-04	7.5699274554e-04
15112	7.5694710085e-04	7.5694709319e-04
15113	7.5690142810e-04	7.5690143650e-04
15114	7.5685577854e-04	7.5685577309e-04
15115	7.5681010039e-04	7.5681010500e-04
15116	7.5676443196e-04	7.5676443058e-04
15117	7.5671875027e-04	7.5671875057e-04
15118	7.5667306264e-04	7.5667306491e-04
15119	7.5662737562e-04	7.5662737272e-04
15120	7.5658167122e-04	7.5658167531e-04
15121	7.5653597489e-04	7.5653597092e-04
15122	7.5649025714e-04	7.5649026119e-04
15123	7.5644454790e-04	7.5644454460e-04
15124	7.5639881962e-04	7.5639882205e-04
15125	7.5635309516e-04	7.5635309307e-04
15126	7.5630735731e-04	7.5630735737e-04
15127	7.5626161685e-04	7.5626161565e-04
15128	7.5621586841e-04	7.5621586666e-04
15129	7.5617011231e-04	7.5617011173e-04
15130	7.5612435138e-04	7.5612434936e-04
15131	7.5607858094e-04	7.5607858073e-04
15132	7.5603280598e-04	7.5603280481e-04
15133	7.5598702256e-04	7.5598702212e-04
15134	7.5594123245e-04	7.5594123240e-04
15135	7.5589543658e-04	7.5589543544e-04
15136	7.5584963074e-04	7.5584963169e-04
15137	7.5580382205e-04	7.5580382051e-04
15138	7.5575800033e-04	7.5575800253e-04
15139	7.5571217781e-04	7.5571217707e-04
15140	7.5566634045e-04	7.5566634444e-04
15141	7.5562050304e-04	7.5562050442e-04
15142	7.5557465063e-04	7.5557465660e-04
15143	7.5552879764e-04	7.5552880153e-04
15144	7.5548293073e-04	7.5548293783e-04
15145	7.5543706151e-04	7.5543706712e-04
15146	7.5539118005e-04	7.5539118697e-04
15147	7.5534529408e-04	7.5534530039e-04
15148	7.5529939774e-04	7.5529940353e-04
15149	7.5525349484e-04	7.5525350117e-04
15150	7.5520758309e-04	7.5520758707e-04
15151	7.5516166321e-04	7.5516166894e-04
15152	7.5511573533e-04	7.5511573649e-04
15153	7.5506979859e-04	7.5506980287e-04
15154	7.5502385397e-04	7.5502385044e-04
15155	7.5497790062e-04	7.5497790240e-04
15156	7.5493193865e-04	7.5493192731e-04
15157	7.5488596890e-04	7.5488596698e-04
15158	7.5483998875e-04	7.5483996414e-04
15159	7.5479400256e-04	7.5479399525e-04
15160	7.5474800209e-04	7.5474795383e-04
15161	7.5470199584e-04	7.5470198126e-04
15162	7.5465597047e-04	7.5465587542e-04
15163	7.5460994318e-04	7.5460989925e-04
15164	7.5456389333e-04	7.5456365925e-04
15165	7.5451784882e-04	7.5451764172e-04
15166	7.5447177478e-04	7.5447105473e-04
15167	7.5442571736e-04	7.5442476934e-04
15168	7.5437961968e-04	7.5437713214e-04
15169	7.5433355678e-04	7.5432956886e-04
15170	7.5428743219e-04	7.5427866591e-04
15171	7.5424136708e-04	7.5422652234e-04
15172	7.5419520046e-04	7.5416818631e-04
15173	7.5414913762e-04	7.5410887350e-04
15174	7.5410291170e-04	7.5405023872e-04
15175	7.5405687390e-04	7.5400419323e-04
15176	7.5401056745e-04	7.5396891990e-04
15177	7.5396459513e-04	7.5394026673e-04
15178	7.5391816043e-04	7.5390625300e-04
15179	7.5387231960e-04	7.5386489352e-04
15180	7.5382566618e-04	7.5382362026e-04
15181	7.5378008511e-04	7.5378785685e-04
15182	7.5373305090e-04	7.5375279916e-04
15183	7.5368798299e-04	7.5371443258e-04
15184	7.5364027491e-04	7.5366124510e-04
15185	7.5359623923e-04	7.5360563510e-04
15186	7.5354735191e-04	7.5353520398e-04
15187	7.5350547599e-04	7.5345807972e-04
15188	7.5345464655e-04	7.5335444288e-04
15189	7.5341759444e-04	7.5324922539e-04
15190	7.5336421673e-04	7.5314816852e-04
15191	7.5333900664e-04	7.5310364833e-04
15192	7.5328547995e-04	7.5311646918e-04
15193	7.5329231653e-04	7.5320268255e-04
15194	7.5325657578e-04	7.5332129673e-04
15195	7.5335059890e-04	7.5343882291e-04
15196	7.5339439156e-04	7.5352716847e-04
15197	7.5364098910e-04	7.5357759387e-04
15198	7.5375018114e-04	7.5362831889e-04
15199	7.5382452705e-04	7.5369248916e-04
15200	7.5347040649e-04	7.5378841948e-04
15201	7.5311291614e-04	7.5389216704e-04
15202	7.5284162832e-04	7.5398247364e-04
15203	7.5297105277e-04	7.5405230030e-04
15204	7.5321133591e-04	7.5409893560e-04
15205	7.5323054586e-04	7.5414438961e-04
15206	7.5305558464e-04	7.5419288589e-04
15207	7.5302941283e-04	7.5424859968e-04
15208	7.5315448238e-04	7.5429705675e-04
15209	7.5374359476e-04	7.5432674476e-04
15210	7.5399433890e-04	7.5433922393e-04
15211	7.5476172742e-04	7.5433804807e-04
15212	7.5538027869e-04	7.5433556753e-04
15213	7.5686124209e-04	7.5432766229e-04
15214	7.5769861243e-04	7.5431322202e-04
15215	7.5846574593e-04	7.5428538628e-04
15216	7.5738977978e-04	7.5424019063e-04
15217	7.5601586653e-04	7.5418364142e-04
15218	7.5371833928e-04	7.5411435772e-04
15219	7.5245749912e-04	7.5404156548e-04
15220	7.5218687986e-04	7.5395938464e-04
15221	7.5292041514e-04	7.5387004621e-04
15222	7.5414279987e-04	7.5377127905e-04
15223	7.5418613393e-04	7.5366808217e-04
15224	7.5373554901e-04	7.5356302832e-04
15225	7.5249302215e-04	7.5345445611e-04
15226	7.5188381818e-04	7.5333189296e-04
15227	7.5194875359e-04	7.5319138128e-04
15228	7.5229992245e-04	7.5303240396e-04
15229	7.5283265312e-04	7.5286674986e-04
15230	7.5265448835e-04	7.5269799011e-04
15231	7.5227855932e-04	7.5252358517e-04
15232	7.5166871364e-04	7.5233670786e-04
15233	7.5147631956e-04	7.5214278656e-04
15234	7.5168578401e-04	7.5194512583e-04
15235	7.5188613451e-04	7.5175960121e-04
15236	7.5200555302e-04	7.5157941269e-04
15237	7.5168528695e-04	7.5142253870e-04
15238	7.5146401337e-04	7.5129135978e-04
15239	7.5123382630e-04	7.5121693618e-04
15240	7.5123590706e-04	7.5118958263e-04
15241	7.5137792250e-04	7.5121216424e-04
15242	7.5136483487e-04	7.5123075762e-04
15243	7.5137761571e-04	7.5123141271e-04
15244	7.5112487970e-04	7.5117645634e-04
15245	7.5100619193e-04	7.5108828468e-04
15246	7.5094729961e-04	7.5099106084e-04
15247	7.5094060095e-04	7.5091682387e-04
15248	7.5102192116e-04	7.5088560386e-04
15249	7.5093283141e-04	7.5086684495e-04
15250	7.5089202659e-04	7.5084573695e-04
15251	7.5075521554e-04	7.5079421169e-04
15252	7.5067951516e-04	7.5072669587e-04
15253	7.5065488233e-04	7.5066127127e-04
15254	7.5062970619e-04	7.5060850333e-04
15255	7.5064787479e-04	7.5057614031e-04
15256	7.5057021203e-04	7.5054501103e-04
15257	7.5052252528e-04	7.5050796670e-04
15258	7.5042536275e-04	7.5045553193e-04
15259	7.5038357640e-04	7.5039834719e-04
15260	7.5035208179e-04	7.5034809125e-04
15261	7.5031388339e-04	7.5030660211e-04
15262	7.5030680073e-04	7.5027223900e-04
15263	7.5023198188e-04	7.5023222201e-04
15264	7.5020220349e-04	7.5018800186e-04
15265	7.5012417387e-04	7.5013827391e-04
15266	7.5008217713e-04	7.5008964540e-04
15267	7.5005032888e-04	7.5004663914e-04
15268	7.5000183088e-04	7.5000568863e-04
15269	7.4998646829e-04	7.4996755305e-04
15270	7.4992200942e-04	7.4992430779e-04
15271	7.4988955030e-04	7.4987888398e-04
15272	7.4983000103e-04	7.4983293782e-04
15273	7.4978576255e-04	7.4978795876e-04
15274	7.4974644483e-04	7.4974703898e-04
15275	7.4970073120e-04	7.4970544774e-04
15276	7.4967177323e-04	7.4966439844e-04
15277	7.4962014882e-04	7.4962100107e-04
15278	7.4958597915e-04	7.4957647919e-04
15279	7.4953022708e-04	7.4953254090e-04
15280	7.4949213286e-04	7.4948905295e-04
15281	7.4944437368e-04	7.4944770062e-04
15282	7.4940265403e-04	7.4940563986e-04
15283	7.4936591081e-04	7.4936367819e-04
15284	7.4931705475e-04	7.4932023132e-04
15285	7.4928480378e-04	7.4927668816e-04
15286	7.4923130366e-04	7.4923350765e-04
15287	7.4919533749e-04	7.4919040955e-04
15288	7.4914611792e-04	7.4914856017e-04
15289	7.4910436728e-04	7.4910586378e-04
15290	7.4906378037e-04	7.4906370305e-04
15291	7.4901751778e-04	7.4902050284e-04
15292	7.4898102234e-04	7.4897730046e-04
15293	7.4893294708e-04	7.4893436806e-04
15294	7.4889526505e-04	7.4889126304e-04
15295	7.4884770482e-04	7.4884901850e-04
15296	7.4880746823e-04	7.4880618200e-04
15297	7.4876205231e-04	7.4876371918e-04
15298	7.4872019535e-04	7.4872073817e-04
15299	7.4867770999e-04	7.4867772801e-04
15300	7.4863381724e-04	7.4863474461e-04
15301	7.4859384125e-04	7.4859168830e-04
15302	7.4854756272e-04	7.4854900731e-04
15303	7.4850878326e-04	7.4850610951e-04
15304	7.4846165554e-04	7.4846346240e-04
15305	7.4842195814e-04	7.4842045137e-04
15306	7.4837644276e-04	7.4837754846e-04
15307	7.4833447150e-04	7.4833448280e-04
15308	7.4829173065e-04	7.4829141202e-04
15309	7.4824762479e-04	7.4824850208e-04
15310	7.4820664610e-04	7.4820540557e-04
15311	7.4816152601e-04	7.4816260377e-04
15312	7.4812078413e-04	7.4811950129e-04
15313	7.4807565115e-04	7.4807656322e-04
15314	7.4803442177e-04	7.4803344678e-04
15315	7.4798961427e-04	7.4799030636e-04
15316	7.4794786848e-04	7.4794723504e-04
15317	7.4790356036e-04	7.4790401424e-04
15318	7.4786119587e-04	7.4786098354e-04
15319	7.4781771033e-04	7.4781776452e-04
15320	7.4777438809e-04	7.4777470053e-04
15321	7.4773193604e-04	7.4773146582e-04
15322	7.4768761116e-04	7.4768830548e-04
15323	7.4764587909e-04	7.4764503137e-04
15324	7.4760102897e-04	7.4760177922e-04
15325	7.4755932824e-04	7.4755849950e-04
15326	7.4751461559e-04	7.4751518223e-04
15327	7.4747244717e-04	7.4747191719e-04
15328	7.4742820538e-04	7.4742854602e-04
15329	7.4738550471e-04	7.4738526587e-04
15330	7.4734165776e-04	7.4734185528e-04
15331	7.4729858979e-04	7.4729850674e-04
15332	7.4725498466e-04	7.4725507535e-04
15333	7.4721161608e-04	7.4721163510e-04
15334	7.4716825418e-04	7.4716819538e-04
15335	7.4712451312e-04	7.4712468237e-04
15336	7.4708147507e-04	7.4708122536e-04
15337	7.4703734271e-04	7.4703766498e-04
15338	7.4699457133e-04	7.4699417189e-04
15339	7.4695018286e-04	7.4695057319e-04
15340	7.4690746179e-04	7.4690703259e-04
15341	7.4686302676e-04	7.4686339039e-04
15342	7.4682016967e-04	7.4681979851e-04
15343	7.4677580908e-04	7.4677610997e-04
15344	7.4673278428e-04	7.4673246543e-04
15345	7.4668847072e-04	7.4668873370e-04
15346	7.4664535218e-04	7.4664503619e-04
15347	7.4660100921e-04	7.4660125956e-04
15348	7.4655784923e-04	7.4655751459e-04
15349	7.4651346141e-04	7.4651367665e-04
15350	7.4647023201e-04	7.4646989329e-04
15351	7.4642584919e-04	7.4642596101e-04
15352	7.4638249629e-04	7.4638214142e-04
15353	7.4633815470e-04	7.4633806349e-04
15354	7.4629467376e-04	7.4629418639e-04
15355	7.4625033982e-04	7.4624986646e-04
15356	7.4620679144e-04	7.4620585084e-04
15357	7.4616238970e-04	7.4616106478e-04
15358	7.4611885227e-04	7.4611666643e-04
15359	7.4607432429e-04	7.4607084977e-04
15360	7.4603084002e-04	7.4602535358e-04
15361	7.4598616413e-04	7.4597703738e-04
15362	7.4594274000e-04	7.4592838640e-04
15363	7.4589790513e-04	7.4587369293e-04
15364	7.4585456304e-04	7.4581621094e-04
15365	7.4580952776e-04	7.4574528836e-04
15366	7.4576634693e-04	7.4566514588e-04
15367	7.4572101545e-04	7.4555759213e-04
15368	7.4567813813e-04	7.4543348642e-04
15369	7.4563236329e-04	7.4527591700e-04
15370	7.4558999065e-04	7.4513122555e-04
15371	7.4554358456e-04	7.4501619143e-04
15372	7.4550200575e-04	7.4500922183e-04
15373	7.4545472964e-04	7.4510029676e-04
15374	7.4541441249e-04	7.4525882556e-04
15375	7.4536594540e-04	7.4540800369e-04
15376	7.4532772144e-04	7.4550384730e-04
15377	7.4527765691e-04	7.4556921032e-04
15378	7.4524308807e-04	7.4563561744e-04
15379	7.4519107604e-04	7.4575395807e-04
15380	7.4516325518e-04	7.4590324414e-04
15381	7.4510959538e-04	7.4604955766e-04
15382	7.4509506882e-04	7.4616421533e-04
15383	7.4504265780e-04	7.4624585268e-04
15384	7.4505632910e-04	7.4633285497e-04
15385	7.4501661900e-04	7.4643258343e-04
15386	7.4509462975e-04	7.4654448364e-04
15387	7.4510488826e-04	7.4664183368e-04
15388	7.4533779177e-04	7.4671013106e-04
15389	7.4550557627e-04	7.4676359468e-04
15390	7.4611105892e-04	7.4681036897e-04
15391	7.4668891954e-04	7.4686391237e-04
15392	7.4806552550e-04	7.4691002812e-04
15393	7.4931501294e-04	7.4693674474e-04
15394	7.5143799348e-04	7.4694446226e-04
15395	7.5223393224e-04	7.4693538453e-04
15396	7.5251485884e-04	7.4692390206e-04
15397	7.4985546479e-04	7.4690449464e-04
15398	7.4695744714e-04	7.4687236125e-04
15399	7.4456825093e-04	7.4682268237e-04
15400	7.4455042518e-04	7.4675360445e-04
15401	7.4618843782e-04	7.4667468620e-04
15402	7.4731527677e-04	7.4658478964e-04
15403	7.4748703242e-04	7.4648434694e-04
15404	7.4576556181e-04	7.4636910190e-04
15405	7.4445504178e-04	7.4623528989e-04
15406	7.4413886713e-04	7.4608825869e-04
15407	7.4484025127e-04	7.4592658514e-04
15408	7.4574608405e-04	7.4575503776e-04
15409	7.4540225232e-04	7.4556948982e-04
15410	7.4470295954e-04	7.4536993862e-04
15411	7.4387612430e-04	7.4515591759e-04
15412	7.4388063019e-04	7.4493017577e-04
15413	7.4444030026e-04	7.4469489287e-04
15414	7.4458916941e-04	7.4445608311e-04
15415	7.4446778741e-04	7.4421323323e-04
15416	7.4381516572e-04	7.4398110673e-04
15417	7.4356345288e-04	7.4376160194e-04
15418	7.4371334017e-04	7.4358683146e-04
15419	7.4389093990e-04	7.4346079224e-04
15420	7.4402668707e-04	7.4342160913e-04
15421	7.4365949385e-04	7.4343924149e-04
15422	7.4342223744e-04	7.4350291582e-04
15423	7.4332762310e-04	7.4352159284e-04
15424	7.4339596737e-04	7.4347297757e-04
15425	7.4356443976e-04	7.4335914247e-04
15426	7.4340766440e-04	7.4324261780e-04
15427	7.4327822343e-04	7.4317753239e-04
15428	7.4309922121e-04	7.4315708028e-04
15429	7.4306771421e-04	7.4315731914e-04
15430	7.4316048190e-04	7.4311969730e-04
15431	7.4310802701e-04	7.4304763400e-04
15432	7.4307762673e-04	7.4296692754e-04
15433	7.4291487899e-04	7.4290836518e-04
15434	7.4284105585e-04	7.4288311552e-04
15435	7.4283909411e-04	7.4285659141e-04
15436	7.4281108500e-04	7.4281552636e-04
15437	7.4282719013e-04	7.4275285937e-04
15438	7.4271871001e-04	7.4269047379e-04
15439	7.4265436194e-04	7.4264715357e-04
15440	7.4258940982e-04	7.4261282755e-04
15441	7.4254991449e-04	7.4258004784e-04
15442	7.4255854928e-04	7.4253149947e-04
15443	7.4249586262e-04	7.4247636425e-04
15444	7.4246070776e-04	7.4242697056e-04
15445	7.4237877836e-04	7.4238492115e-04
15446	7.4232944012e-04	7.4235056421e-04
15447	7.4230398379e-04	7.4230853693e-04
15448	7.4226062619e-04	7.4226119832e-04
15449	7.4224241940e-04	7.4221225603e-04
15450	7.4217331031e-04	7.4216639410e-04
15451	7.4212959656e-04	7.4212792005e-04
15452	7.4207592265e-04	7.4208724912e-04
15453	7.4203425350e-04	7.4204489718e-04
15454	7.4200945076e-04	7.4199865485e-04
15455	7.4195747057e-04	7.4195246979e-04
15456	7.4192501881e-04	7.4191059364e-04
15457	7.4186432011e-04	7.4186890111e-04
15458	7.4182364042e-04	7.4182836247e-04
15459	7.4178136976e-04	7.4178454932e-04
15460	7.4173788684e-04	7.4173983126e-04
15461	7.4170708731e-04	7.4169626174e-04
15462	7.4165333491e-04	7.4165321864e-04
15463	7.4161760955e-04	7.4161232384e-04
15464	7.4156472142e-04	7.4156974834e-04
15465	7.4152438456e-04	7.4152673888e-04
15466	7.4148439765e-04	7.4148298504e-04
15467	7.4143838981e-04	7.4143931860e-04
15468	7.4140424390e-04	7.4139723250e-04
15469	7.4135232809e-04	7.4135473995e-04
15470	7.4131528423e-04	7.4131265770e-04
15471	7.4126662050e-04	7.4126944223e-04
15472	7.4122505913e-04	7.4122603008e-04
15473	7.4118511583e-04	7.4118304357e-04
15474	7.4113846988e-04	7.4114010832e-04
15475	7.4110225566e-04	7.4109795650e-04
15476	7.4105264120e-04	7.4105513582e-04
15477	7.4101421284e-04	7.4101230024e-04
15478	7.4096770406e-04	7.4096910675e-04
15479	7.4092532639e-04	7.4092591912e-04
15480	7.4088470655e-04	7.4088323193e-04
15481	7.4083861872e-04	7.4084033707e-04
15482	7.4080055450e-04	7.4079774966e-04
15483	7.4075289450e-04	7.4075467553e-04
15484	7.4071328123e-04	7.4071161271e-04
15485	7.4066775753e-04	7.4066854979e-04
15486	7.4062518911e-04	7.4062543738e-04
15487	7.4058345071e-04	7.4058267571e-04
15488	7.4053832270e-04	7.4053961314e-04
15489	7.4049851172e-04	7.4049673756e-04
15490	7.4045232170e-04	7.4045357592e-04
15491	7.4041180642e-04	7.4041043159e-04
15492	7.4036668987e-04	7.4036737258e-04
15493	7.4032430960e-04	7.4032418230e-04
15494	7.4028141178e-04	7.4028125526e-04
15495	7.4023728907e-04	7.4023804853e-04
15496	7.4019591247e-04	7.4019499736e-04
15497	7.4015085899e-04	7.4015176439e-04
15498	7.4010956063e-04	7.4010852974e-04
15499	7.4006471946e-04	7.4006537722e-04
15500	7.4002254415e-04	7.4002207716e-04
15501	7.3997873305e-04	7.3997897777e-04
15502	7.3993544996e-04	7.3993565245e-04
15503	7.3989271785e-04	7.3989245281e-04
15504	7.3984859677e-04	7.3984912020e-04
15505	7.3980641557e-04	7.3980578341e-04
15506	7.3976195555e-04	7.3976249409e-04
15507	7.3971967821e-04	7.3971908939e-04
15508	7.3967539212e-04	7.3967581728e-04
15509	7.3963261779e-04	7.3963238359e-04
15510	7.3958887089e-04	7.3958903840e-04
15511	7.3954549513e-04	7.3954559101e-04
15512	7.3950233659e-04	7.3950214293e-04
15513	7.3945842214e-04	7.3945870387e-04
15514	7.3941561460e-04	7.3941518998e-04
15515	7.3937137748e-04	7.3937174575e-04
15516	7.3932861426e-04	7.3932819640e-04
15517	7.3928437633e-04	7.3928469871e-04
15518	7.3924138756e-04	7.3924112472e-04
15519	7.3919740673e-04	7.3919754907e-04
15520	7.3915401017e-04	7.3915395915e-04
15521	7.3911039601e-04	7.3911031970e-04
15522	7.3906656713e-04	7.3906670949e-04
15523	7.3902327048e-04	7.3902302647e-04
15524	7.3897911932e-04	7.3897937430e-04
15525	7.3893595739e-04	7.3893565780e-04
15526	7.3889167274e-04	7.3889194553e-04
15527	7.3884843899e-04	7.3884819991e-04
15528	7.3880422748e-04	7.3880442610e-04
15529	7.3876076717e-04	7.3876065121e-04
15530	7.3871675559e-04	7.3871682495e-04
15531	7.3867299301e-04	7.3867301441e-04
15532	7.3862919936e-04	7.3862914434e-04
15533	7.3858515890e-04	7.3858528745e-04
15534	7.3854151981e-04	7.3854137754e-04
15535	7.3849729123e-04	7.3849746612e-04
15536	7.3845369384e-04	7.3845351867e-04
15537	7.3840938329e-04	7.3840955224e-04
15538	7.3836572217e-04	7.3836556848e-04
15539	7.3832142442e-04	7.3832155072e-04
15540	7.3827763251e-04	7.3827752745e-04
15541	7.3823339710e-04	7.3823346158e-04
15542	7.3818944188e-04	7.3818939270e-04
15543	7.3814527271e-04	7.3814528196e-04
15544	7.3810116045e-04	7.3810116256e-04
15545	7.3805704098e-04	7.3805700973e-04
15546	7.3801280128e-04	7.3801283729e-04
15547	7.3796870148e-04	7.3796864321e-04
15548	7.3792436284e-04	7.3792441783e-04
15549	7.3788025172e-04	7.3788018130e-04
15550	7.3783583900e-04	7.3783590500e-04
15551	7.3779169641e-04	7.3779162286e-04
15552	7.3774722675e-04	7.3774729779e-04
15553	7.3770303851e-04	7.3770296623e-04
15554	7.3765851968e-04	7.3765859423e-04
15555	7.3761427771e-04	7.3761421083e-04
15556	7.3756971599e-04	7.3756979284e-04
15557	7.3752541715e-04	7.3752535686e-04
15558	7.3748081662e-04	7.3748089215e-04
15559	7.3743645667e-04	7.3743640431e-04
15560	7.3739181913e-04	7.3739189095e-04
15561	7.3734739494e-04	7.3734735289e-04
15562	7.3730272291e-04	7.3730278797e-04
15563	7.3725823304e-04	7.3725820127e-04
15564	7.3721352653e-04	7.3721358128e-04
15565	7.3716896955e-04	7.3716894739e-04
15566	7.3712422630e-04	7.3712426878e-04
15567	7.3707960424e-04	7.3707958925e-04
15568	7.3703482232e-04	7.3703484762e-04
15569	7.3699013972e-04	7.3699012379e-04
15570	7.3694531334e-04	7.3694531199e-04
15571	7.3690057240e-04	7.3690054509e-04
15572	7.3685569344e-04	7.3685564997e-04
15573	7.3681089984e-04	7.3681083957e-04
15574	7.3676596170e-04	7.3676583329e-04
15575	7.3672112083e-04	7.3672096959e-04
15576	7.3667611340e-04	7.3667578746e-04
15577	7.3663123037e-04	7.3663082546e-04
15578	7.3658614492e-04	7.3658530463e-04
15579	7.3654123000e-04	7.3654007880e-04
15580	7.3649605684e-04	7.3649377840e-04
15581	7.3645112187e-04	7.3644772546e-04
15582	7.3640584554e-04	7.3639938137e-04
15583	7.3636090602e-04	7.3635065222e-04
15584	7.3631550407e-04	7.3629650994e-04
15585	7.3627058505e-04	7.3623922891e-04
15586	7.3622502583e-04	7.3616823609e-04
15587	7.3618016911e-04	7.3608526257e-04
15588	7.3613440590e-04	7.3596892675e-04
15589	7.3608967942e-04	7.3582381309e-04
15590	7.3604363790e-04	7.3562459207e-04
15591	7.3599914943e-04	7.3542081628e-04
15592	7.3595270965e-04	7.3524356048e-04
15593	7.3590863911e-04	7.3521498240e-04
15594	7.3586161628e-04	7.3533624080e-04
15595	7.3581827851e-04	7.3554840909e-04
15596	7.3577039337e-04	7.3573016560e-04
15597	7.3572835601e-04	7.3582890124e-04
15598	7.3567921168e-04	7.3590915394e-04
15599	7.3563956071e-04	7.3603465537e-04
15600	7.3558869753e-04	7.3623882317e-04
15601	7.3555366548e-04	7.3645031873e-04
15602	7.3550092412e-04	7.3661079798e-04
15603	7.3547549920e-04	7.3673623137e-04
15604	7.3542252459e-04	7.3686896360e-04
15605	7.3541888702e-04	7.3704205181e-04
15606	7.3537455740e-04	7.3721468982e-04
15607	7.3542498247e-04	7.3734989516e-04
15608	7.3542367815e-04	7.3745605804e-04
15609	7.3561875249e-04	7.3755916716e-04
15610	7.3577719744e-04	7.3767854566e-04
15611	7.3637108182e-04	7.3778733479e-04
15612	7.3702801417e-04	7.3786423222e-04
15613	7.3862287610e-04	7.3791778359e-04
15614	7.4037076335e-04	7.3796361371e-04
15615	7.4341219165e-04	7.3801105894e-04
15616	7.4519060491e-04	7.3804196402e-04
15617	7.4610994547e-04	7.3804470411e-04
15618	7.4255666418e-04	7.3802727937e-04
15619	7.3813295581e-04	7.3799870443e-04
15620	7.3494330022e-04	7.3796273821e-04
15621	7.3562416833e-04	7.3790779293e-04
15622	7.3842932515e-04	7.3782742159e-04
15623	7.3939701251e-04	7.3772831466e-04
15624	7.3815069943e-04	7.3761504153e-04
15625	7.3535830470e-04	7.3748931785e-04
15626	7.3464093030e-04	7.3734369920e-04
15627	7.3596609928e-04	7.3717506607e-04
15628	7.3697548605e-04	7.3698767383e-04
15629	7.3660114814e-04	7.3678468428e-04
15630	7.3489492359e-04	7.3656591977e-04
15631	7.3435460516e-04	7.3632881163e-04
15632	7.3509421316e-04	7.3606999528e-04
15633	7.3568059239e-04	7.3579588968e-04
15634	7.3541522021e-04	7.3550636039e-04
15635	7.3436461791e-04	7.3520849443e-04
15636	7.3410185980e-04	7.3490027601e-04
15637	7.3458977382e-04	7.3459549916e-04
15638	7.3486754882e-04	7.3430248262e-04
15639	7.3461930664e-04	7.3405634094e-04
15640	7.3397095586e-04	7.3387280596e-04
15641	7.3387031506e-04	7.3380408155e-04
15642	7.3419465477e-04	7.3382774687e-04
15643	7.3429230668e-04	7.3393041986e-04
15644	7.3407964156e-04	7.3397505274e-04
15645	7.3368215045e-04	7.3391552054e-04
15646	7.3364631417e-04	7.3376649482e-04
15647	7.3384827688e-04	7.3363441425e-04
15648	7.3385593774e-04	7.3359364798e-04
15649	7.3369187665e-04	7.3360155582e-04
15650	7.3344562680e-04	7.3359400402e-04
15651	7.3342187177e-04	7.3351416592e-04
15652	7.3353673744e-04	7.3341302159e-04
15653	7.3350476242e-04	7.3335365025e-04
15654	7.3338593148e-04	7.3333360597e-04
15655	7.3322673528e-04	7.3331545098e-04
15656	7.3319667154e-04	7.3325411566e-04
15657	7.3325499291e-04	7.3317762730e-04
15658	7.3320869386e-04	7.3312501813e-04
15659	7.3312423693e-04	7.3309560966e-04
15660	7.3301363858e-04	7.3306647250e-04
15661	7.3297461455e-04	7.3301071001e-04
15662	7.3299732466e-04	7.3294807390e-04
15663	7.3294684301e-04	7.3290175832e-04
15664	7.3288561489e-04	7.3286782276e-04
15665	7.3280132756e-04	7.3283183714e-04
15666	7.3275634461e-04	7.3277941604e-04
15667	7.3275654442e-04	7.3272499966e-04
15668	7.3270517842e-04	7.3268196475e-04
15669	7.3265855826e-04	7.3264499013e-04
15670	7.3258795569e-04	7.3260531685e-04
15671	7.3254081895e-04	7.3255575927e-04
15672	7.3252616635e-04	7.3250624182e-04
15673	7.3247528763e-04	7.3246435172e-04
15674	7.3243715084e-04	7.3242521687e-04
15675	7.3237336816e-04	7.3238380523e-04
15676	7.3232667374e-04	7.3233660486e-04
15677	7.3230122434e-04	7.3228988171e-04
15678	7.3225194123e-04	7.3224806815e-04
15679	7.3221846931e-04	7.3220739712e-04
15680	7.3215877120e-04	7.3216518907e-04
15681	7.3211403405e-04	7.3211962192e-04
15682	7.3207979679e-04	7.3207436721e-04
15683	7.3203244537e-04	7.3203223062e-04
15684	7.3200025332e-04	7.3199050789e-04
15685	7.3194388924e-04	7.3194793023e-04
15686	7.3190152750e-04	7.3190338508e-04
15687	7.3186028136e-04	7.3185888755e-04
15688	7.3181487494e-04	7.3181637135e-04
15689	7.3178124492e-04	7.3177393834e-04
15690	7.3172845109e-04	7.3173115710e-04
15691	7.3168814950e-04	7.3168717762e-04
15692	7.3164229865e-04	7.3164307260e-04
15693	7.3159857517e-04	7.3160023110e-04
15694	7.3156169920e-04	7.3155731291e-04
15695	7.3151244153e-04	7.3151437409e-04
15696	7.3147307700e-04	7.3147064483e-04
15697	7.3142526597e-04	7.3142673032e-04
15698	7.3138272955e-04	7.3138361742e-04
15699	7.3134220093e-04	7.3134035974e-04
15700	7.3129587476e-04	7.3129726738e-04
15701	7.3125613613e-04	7.3125359184e-04
15702	7.3120850911e-04	7.3120973803e-04
15703	7.3116650510e-04	7.3116636835e-04
15704	7.3112319536e-04	7.3112284172e-04
15705	7.3107871775e-04	7.3107958790e-04
15706	7.3103773498e-04	7.3103587210e-04
15707	7.3099125629e-04	7.3099203148e-04
15708	7.3094915460e-04	7.3094843249e-04
15709	7.3090439424e-04	7.3090468575e-04
15710	7.3086068347e-04	7.3086125034e-04
15711	7.3081838678e-04	7.3081743549e-04
15712	7.3077304771e-04	7.3077357863e-04
15713	7.3073066168e-04	7.3072976538e-04
15714	7.3068548072e-04	7.3068583208e-04
15715	7.3064190535e-04	7.3064217650e-04
15716	7.3059853570e-04	7.3059822049e-04
15717	7.3055377224e-04	7.3055431132e-04
15718	7.3051111033e-04	7.3051030274e-04
15719	7.3046590137e-04	7.3046622362e-04
15720	7.3042246363e-04	7.3042232272e-04
15721	7.3037822897e-04	7.3037820991e-04
15722	7.3033371850e-04	7.3033419293e-04
15723	7.3029058257e-04	7.3029000970e-04
15724	7.3024537390e-04	7.3024580804e-04
15725	7.3020215523e-04	7.3020166437e-04
15726	7.3015719336e-04	7.3015739622e-04
15727	7.3011308968e-04	7.3011321617e-04
15728	7.3006910454e-04	7.3006887651e-04
15729	7.3002410984e-04	7.3002454771e-04
15730	7.2998072155e-04	7.2998018997e-04
15731	7.2993536877e-04	7.2993576874e-04
15732	7.2989168994e-04	7.2989139645e-04
15733	7.2984675754e-04	7.2984690382e-04
15734	7.2980230573e-04	7.2980242633e-04
15735	7.2975812392e-04	7.2975787854e-04
15736	7.2971296575e-04	7.2971329619e-04
15737	7.2966913627e-04	7.2966872186e-04
15738	7.2962374238e-04	7.2962406631e-04
15739	7.2957966202e-04	7.2957942087e-04
15740	7.2953458172e-04	7.2953469707e-04
15741	7.2948992365e-04	7.2948994927e-04
15742	7.2944533348e-04	7.2944517652e-04
15743	7.2940014546e-04	7.2940034724e-04
15744	7.2935578716e-04	7.2935551762e-04
15745	7.2931039449e-04	7.2931061906e-04
15746	7.2926588625e-04	7.2926570038e-04
15747	7.2922063496e-04	7.2922073947e-04
15748	7.2917575014e-04	7.2917573053e-04
15749	7.2913076285e-04	7.2913071123e-04
15750	7.2908552048e-04	7.2908562772e-04
15751	7.2904066511e-04	7.2904053233e-04
15752	7.2899525088e-04	7.2899538183e-04
15753	7.2895029753e-04	7.2895019505e-04
15754	7.2890491472e-04	7.2890498188e-04
15755	7.2885972014e-04	7.2885970969e-04
15756	7.2881445693e-04	7.2881442871e-04
15757	7.2876902055e-04	7.2876908207e-04
15758	7.2872380514e-04	7.2872371836e-04
15759	7.2867822771e-04	7.2867830382e-04
15760	7.2863292116e-04	7.2863285078e-04
15761	7.2858733537e-04	7.2858737029e-04
15762	7.2854184066e-04	7.2854183355e-04
15763	7.2849631548e-04	7.2849628032e-04
15764	7.2845061246e-04	7.2845066760e-04
15765	7.2840511723e-04	7.2840503112e-04
15766	7.2835926367e-04	7.2835934774e-04
15767	7.2831371506e-04	7.2831362398e-04
15768	7.2826780380e-04	7.2826787077e-04
15769	7.2822211715e-04	7.2822206266e-04
15770	7.2817621374e-04	7.2817623472e-04
15771	7.2813034600e-04	7.2813034712e-04
15772	7.2808446549e-04	7.2808443804e-04
15773	7.2803843069e-04	7.2803847428e-04
15774	7.2799253919e-04	7.2799248131e-04
15775	7.2794638369e-04	7.2794644137e-04
15776	7.2790042314e-04	7.2790036636e-04
15777	7.2785419963e-04	7.2785424667e-04
15778	7.2780812458e-04	7.2780809343e-04
15779	7.2776186816e-04	7.2776188860e-04
15780	7.2771566006e-04	7.2771566047e-04
15781	7.2766937454e-04	7.2766936577e-04
15782	7.2762304320e-04	7.2762306501e-04
15783	7.2757670718e-04	7.2757667629e-04
15784	7.2753027946e-04	7.2753030355e-04
15785	7.2748386148e-04	7.2748381316e-04
15786	7.2743736790e-04	7.2743736719e-04
15787	7.2739084037e-04	7.2739075620e-04
15788	7.2734430145e-04	7.2734422956e-04
15789	7.2729764781e-04	7.2729745224e-04
15790	7.2725107101e-04	7.2725081778e-04
15791	7.2720428936e-04	7.2720376405e-04
15792	7.2715767324e-04	7.2715692043e-04
15793	7.2711076959e-04	7.2710930414e-04
15794	7.2706410693e-04	7.2706190210e-04
15795	7.2701708474e-04	7.2701296519e-04
15796	7.2697037133e-04	7.2696393726e-04
15797	7.2692322713e-04	7.2691187847e-04
15798	7.2687647176e-04	7.2685878941e-04
15799	7.2682918927e-04	7.2680132763e-04
15800	7.2678241790e-04	7.2674338735e-04
15801	7.2673496084e-04	7.2668611674e-04
15802	7.2668822278e-04	7.2663738550e-04
15803	7.2664052996e-04	7.2659838739e-04
15804	7.2659390925e-04	7.2656904010e-04
15805	7.2654588439e-04	7.2654031687e-04
15806	7.2649951913e-04	7.2650624419e-04
15807	7.2645101438e-04	7.2646880943e-04
15808	7.2640513877e-04	7.2643041442e-04
15809	7.2635593116e-04	7.2639791560e-04
15810	7.2631096029e-04	7.2636862830e-04
15811	7.2626073009e-04	7.2633912742e-04
15812	7.2621747919e-04	7.2630676525e-04
15813	7.2616586563e-04	7.2627047161e-04
15814	7.2612593985e-04	7.2623603858e-04
15815	7.2607265119e-04	7.2620275605e-04
15816	7.2603947416e-04	7.2617072511e-04
15817	7.2598529008e-04	7.2613679672e-04
15818	7.2596686728e-04	7.2609951328e-04
15819	7.2591703788e-04	7.2606200667e-04
15820	7.2593237523e-04	7.2602425680e-04
15821	7.2590613474e-04	7.2598729751e-04
15822	7.2599396411e-04	7.2594921404e-04
15823	7.2603393721e-04	7.2590835685e-04
15824	7.2621535953e-04	7.2586677396e-04
15825	7.2629561996e-04	7.2582374939e-04
15826	7.2635433734e-04	7.2578126977e-04
15827	7.2613411157e-04	7.2573743056e-04
15828	7.2582605080e-04	7.2569186632e-04
15829	7.2546168512e-04	7.2564480066e-04
15830	7.2536693251e-04	7.2559635258e-04
15831	7.2548628330e-04	7.2554729543e-04
15832	7.2556574806e-04	7.2549743603e-04
15833	7.2558007069e-04	7.2544541381e-04
15834	7.2534741708e-04	7.2539254543e-04
15835	7.2517390029e-04	7.2533681602e-04
15836	7.2510132443e-04	7.2528097455e-04
15837	7.2512251316e-04	7.2522208138e-04
15838	7.2519803481e-04	7.2516229891e-04
15839	7.2508103082e-04	7.2509813283e-04
15840	7.2497432986e-04	7.2503203191e-04
15841	7.2485043015e-04	7.2495955679e-04
15842	7.2482794942e-04	7.2488421444e-04
15843	7.2486557924e-04	7.2479803604e-04
15844	7.2480282545e-04	7.2470717912e-04
15845	7.2473696634e-04	7.2460008293e-04
15846	7.2462724790e-04	7.2449077237e-04
15847	7.2457612261e-04	7.2436999492e-04
15848	7.2458554444e-04	7.2426917700e-04
15849	7.2453025115e-04	7.2419034134e-04
15850	7.2449901943e-04	7.2417374930e-04
15851	7.2439661686e-04	7.2421164772e-04
15852	7.2435282136e-04	7.2430159054e-04
15853	7.2432408903e-04	7.2440265543e-04
15854	7.2428953902e-04	7.2448582976e-04
15855	7.2425398358e-04	7.2453744617e-04
15856	7.2418976551e-04	7.2456379224e-04
15857	7.2413051614e-04	7.2459555058e-04
15858	7.2411698461e-04	7.2463994964e-04
15859	7.2406361804e-04	7.2470904996e-04
15860	7.2408023021e-04	7.2478183835e-04
15861	7.2401108052e-04	7.2484774308e-04
15862	7.2404070076e-04	7.2489816427e-04
15863	7.2401204278e-04	7.2493155026e-04
15864	7.2410755183e-04	7.2496142944e-04
15865	7.2415237344e-04	7.2498532570e-04
15866	7.2436543907e-04	7.2501363133e-04
15867	7.2452048235e-04	7.2503881903e-04
15868	7.2498846755e-04	7.2505964661e-04
15869	7.2536700848e-04	7.2507171405e-04
15870	7.2622453063e-04	7.2506868383e-04
15871	7.2680735371e-04	7.2505624432e-04
15872	7.2780920204e-04	7.2503311223e-04
15873	7.2796541920e-04	7.2500774584e-04
15874	7.2802362078e-04	7.2497839337e-04
15875	7.2674683334e-04	7.2494237171e-04
15876	7.2539598029e-04	7.2489686587e-04
15877	7.2384288028e-04	7.2483722168e-04
15878	7.2318396398e-04	7.2476791384e-04
15879	7.2334180507e-04	7.2468862720e-04
15880	7.2393277882e-04	7.2460372980e-04
15881	7.2467792002e-04	7.2451119525e-04
15882	7.2467860017e-04	7.2441073186e-04
15883	7.2439227281e-04	7.2430032636e-04
15884	7.2353902892e-04	7.2417998479e-04
15885	7.2300957188e-04	7.2404967990e-04
15886	7.2280358106e-04	7.2391063734e-04
15887	7.2298113759e-04	7.2376318267e-04
15888	7.2337183403e-04	7.2360916302e-04
15889	7.2342496609e-04	7.2344839121e-04
15890	7.2337975626e-04	7.2328366944e-04
15891	7.2293623249e-04	7.2311382118e-04
15892	7.2265239016e-04	7.2294490917e-04
15893	7.2246886948e-04	7.2277594125e-04
15894	7.2249906852e-04	7.2261981156e-04
15895	7.2267986994e-04	7.2247607611e-04
15896	7.2268699104e-04	7.2236442275e-04
15897	7.2269361424e-04	7.2228081594e-04
15898	7.2244808603e-04	7.2224359021e-04
15899	7.2229576846e-04	7.2223186528e-04
15900	7.2215391700e-04	7.2224439654e-04
15901	7.2212448329e-04	7.2223996933e-04
15902	7.2219020802e-04	7.2220932198e-04
15903	7.2217006990e-04	7.2213976265e-04
15904	7.2218478955e-04	7.2205102303e-04
15905	7.2204359987e-04	7.2196678027e-04
15906	7.2195825180e-04	7.2190167069e-04
15907	7.2184228166e-04	7.2186482012e-04
15908	7.2178882940e-04	7.2183682320e-04
15909	7.2178625589e-04	7.2180887422e-04
15910	7.2175255978e-04	7.2176184900e-04
15911	7.2175877677e-04	7.2170131380e-04
15912	7.2167310430e-04	7.2163558884e-04
15913	7.2162458359e-04	7.2157566555e-04
15914	7.2152862171e-04	7.2153031243e-04
15915	7.2147264710e-04	7.2149083044e-04
15916	7.2143014124e-04	7.2145501876e-04
15917	7.2138840609e-04	7.2140997827e-04
15918	7.2137577970e-04	7.2135862478e-04
15919	7.2131750748e-04	7.2130300580e-04
15920	7.2128712037e-04	7.2124900390e-04
15921	7.2121064592e-04	7.2120228917e-04
15922	7.2116340346e-04	7.2115827376e-04
15923	7.2110186437e-04	7.2111767939e-04
15924	7.2105613862e-04	7.2107242085e-04
15925	7.2102058002e-04	7.2102465579e-04
15926	7.2097228459e-04	7.2097394011e-04
15927	7.2094333794e-04	7.2092345294e-04
15928	7.2088343440e-04	7.2087633793e-04
15929	7.2084625256e-04	7.2083043831e-04
15930	7.2078299076e-04	7.2078715866e-04
15931	7.2073957489e-04	7.2074170557e-04
15932	7.2068704172e-04	7.2069553477e-04
15933	7.2064124827e-04	7.2064726374e-04
15934	7.2060134424e-04	7.2059870534e-04
15935	7.2055104589e-04	7.2055128537e-04
15936	7.2051526293e-04	7.2050442018e-04
15937	7.2045937603e-04	7.2045933842e-04
15938	7.2042071640e-04	7.2041350296e-04
15939	7.2036411941e-04	7.2036780836e-04
15940	7.2032135861e-04	7.2032077373e-04
15941	7.2027019461e-04	7.2027337618e-04
15942	7.2022414602e-04	7.2022599399e-04
15943	7.2017984475e-04	7.2017869945e-04
15944	7.2013062261e-04	7.2013241082e-04
15945	7.2009003677e-04	7.2008592396e-04
15946	7.2003807769e-04	7.2003998947e-04
15947	7.1999741559e-04	7.1999331692e-04
15948	7.1994465073e-04	7.1994657213e-04
15949	7.1990196116e-04	7.1989940215e-04
15950	7.1985084650e-04	7.1985211711e-04
15951	7.1980581815e-04	7.1980515804e-04
15952	7.1975767837e-04	7.1975807202e-04
15953	7.1971061877e-04	7.1971157015e-04
15954	7.1966517810e-04	7.1966466815e-04
15955	7.1961650457e-04	7.1961810139e-04
15956	7.1957254313e-04	7.1957101481e-04
15957	7.1952274692e-04	7.1952401091e-04
15958	7.1947899604e-04	7.1947676289e-04
15959	7.1942872458e-04	7.1942949436e-04
15960	7.1938441468e-04	7.1938236377e-04
15961	7.1933440262e-04	7.1933510279e-04
15962	7.1928924464e-04	7.1928813417e-04
15963	7.1924007568e-04	7.1924089256e-04
15964	7.1919398128e-04	7.1919386387e-04
15965	7.1914590637e-04	7.1914653038e-04
15966	7.1909883575e-04	7.1909926916e-04
15967	7.1905179515e-04	7.1905184175e-04
15968	7.1900378466e-04	7.1900437869e-04
15969	7.1895753947e-04	7.1895694644e-04
15970	7.1890875388e-04	7.1890939529e-04
15971	7.1886298980e-04	7.1886199284e-04
15972	7.1881369063e-04	7.1881440690e-04
15973	7.1876807587e-04	7.1876697228e-04
15974	7.1871854879e-04	7.1871933669e-04
15975	7.1867280384e-04	7.1867178782e-04
15976	7.1862330582e-04	7.1862408364e-04
15977	7.1857725452e-04	7.1857638970e-04
15978	7.1852795966e-04	7.1852862506e-04
15979	7.1848151971e-04	7.1848080819e-04
15980	7.1843248711e-04	7.1843300230e-04
15981	7.1838565001e-04	7.1838509946e-04
15982	7.1833685598e-04	7.1833725746e-04
15983	7.1828967251e-04	7.1828928925e-04
15984	7.1824105959e-04	7.1824139500e-04
15985	7.1819360366e-04	7.1819336099e-04
15986	7.1814510384e-04	7.1814539037e-04
15987	7.1809743161e-04	7.1809728274e-04
15988	7.1804898471e-04	7.1804921975e-04
15989	7.1800113117e-04	7.1800103474e-04
15990	7.1795270256e-04	7.1795287694e-04
15991	7.1790468657e-04	7.1790461449e-04
15992	7.1785626339e-04	7.1785636805e-04
15993	7.1780809674e-04	7.1780802364e-04
15994	7.1775967613e-04	7.1775969448e-04
15995	7.1771136293e-04	7.1771124899e-04
15996	7.1766293454e-04	7.1766283455e-04
15997	7.1761447536e-04	7.1761424031e-04
15998	7.1756602730e-04	7.1756571084e-04
15999	7.1751743088e-04	7.1751685171e-04
16000	7.1746895495e-04	7.1746809204e-04
16001	7.1742023384e-04	7.1741866992e-04
16002	7.1737172384e-04	7.1736930252e-04
16003	7.1732288266e-04	7.1731849627e-04
16004	7.1727433701e-04	7.1726732261e-04
16005	7.1722537399e-04	7.1721275173e-04
16006	7.1717680629e-04	7.1715604208e-04
16007	7.1712770839e-04	7.1709074289e-04
16008	7.1707914337e-04	7.1701748590e-04
16009	7.1702987052e-04	7.1692253500e-04
16010	7.1698134198e-04	7.1680579138e-04
16011	7.1693182799e-04	7.1664519851e-04
16012	7.1688340981e-04	7.1645879966e-04
16013	7.1683357785e-04	7.1625144283e-04
16014	7.1678540551e-04	7.1611801120e-04
16015	7.1673513815e-04	7.1610510180e-04
16016	7.1668742442e-04	7.1624366792e-04
16017	7.1663653885e-04	7.1643854573e-04
16018	7.1658966534e-04	7.1659273161e-04
16019	7.1653793406e-04	7.1667990579e-04
16020	7.1649263077e-04	7.1674533686e-04
16021	7.1643981233e-04	7.1687356886e-04
16022	7.1639754981e-04	7.1706166470e-04
16023	7.1634368042e-04	7.1725436921e-04
16024	7.1630773542e-04	7.1739895497e-04
16025	7.1625415545e-04	7.1750343422e-04
16026	7.1623237944e-04	7.1762432315e-04
16027	7.1618522431e-04	7.1777654751e-04
16028	7.1619810768e-04	7.1793314107e-04
16029	7.1617985962e-04	7.1805635226e-04
16030	7.1628415080e-04	7.1814411500e-04
16031	7.1636927213e-04	7.1823098458e-04
16032	7.1672460725e-04	7.1832879738e-04
16033	7.1713486290e-04	7.1842299274e-04
16034	7.1815135416e-04	7.1849085254e-04
16035	7.1938117279e-04	7.1852922013e-04
16036	7.2168687259e-04	7.1855995294e-04
16037	7.2377389314e-04	7.1858923022e-04
16038	7.2607408052e-04	7.1860876384e-04
16039	7.2523185279e-04	7.1860516613e-04
16040	7.2238680650e-04	7.1857618484e-04
16041	7.1771444268e-04	7.1853588184e-04
16042	7.1559357391e-04	7.1848693744e-04
16043	7.1666324627e-04	7.1842485742e-04
16044	7.1895290775e-04	7.1834153286e-04
16045	7.2001910502e-04	7.1823528125e-04
16046	7.1811298822e-04	7.1811515080e-04
16047	7.1588978649e-04	7.1798194411e-04
16048	7.1526342333e-04	7.1783407605e-04
16049	7.1649021499e-04	7.1766595101e-04
16050	7.1768068908e-04	7.1747709599e-04
16051	7.1699581129e-04	7.1727224221e-04
16052	7.1559530210e-04	7.1705291515e-04
16053	7.1490867947e-04	7.1681776502e-04
16054	7.1550045058e-04	7.1656546184e-04
16055	7.1630337007e-04	7.1629455390e-04
16056	7.1598035022e-04	7.1601223254e-04
16057	7.1514338203e-04	7.1571925255e-04
16058	7.1467767439e-04	7.1542509510e-04
16059	7.1497469559e-04	7.1513213535e-04
16060	7.1546113120e-04	7.1486205799e-04
16061	7.1523604059e-04	7.1463028457e-04
16062	7.1473328215e-04	7.1448011962e-04
16063	7.1444194881e-04	7.1441969419e-04
16064	7.1459858134e-04	7.1446899443e-04
16065	7.1488394982e-04	7.1454118789e-04
16066	7.1470646463e-04	7.1457013309e-04
16067	7.1439932878e-04	7.1448189839e-04
16068	7.1419956601e-04	7.1433363174e-04
16069	7.1427548041e-04	7.1421604920e-04
16070	7.1443462381e-04	7.1417481362e-04
16071	7.1430308023e-04	7.1418522480e-04
16072	7.1411253228e-04	7.1415817579e-04
16073	7.1396135708e-04	7.1407411451e-04
16074	7.1398489856e-04	7.1397176587e-04
16075	7.1406148876e-04	7.1390765850e-04
16076	7.1396691726e-04	7.1388842971e-04
16077	7.1384110113e-04	7.1386083017e-04
16078	7.1372340677e-04	7.1379908408e-04
16079	7.1371388746e-04	7.1371824757e-04
16080	7.1374283967e-04	7.1365609067e-04
16081	7.1367397143e-04	7.1362317751e-04
16082	7.1358331689e-04	7.1358813447e-04
16083	7.1348801927e-04	7.1353337294e-04
16084	7.1345429229e-04	7.1346626300e-04
16085	7.1345711703e-04	7.1340920307e-04
16086	7.1340151885e-04	7.1337028042e-04
16087	7.1333482927e-04	7.1332957339e-04
16088	7.1325330961e-04	7.1327746272e-04
16089	7.1320519359e-04	7.1321807459e-04
16090	7.1319086692e-04	7.1316468787e-04
16091	7.1313915536e-04	7.1312259233e-04
16092	7.1308992650e-04	7.1307872651e-04
16093	7.1301553113e-04	7.1302838405e-04
16094	7.1296377948e-04	7.1297340003e-04
16095	7.1293447608e-04	7.1292206879e-04
16096	7.1288500950e-04	7.1287766280e-04
16097	7.1284507348e-04	7.1283207251e-04
16098	7.1277613467e-04	7.1278295483e-04
16099	7.1272594593e-04	7.1273068255e-04
16100	7.1268344075e-04	7.1268048800e-04
16101	7.1263673521e-04	7.1263437232e-04
16102	7.1259800290e-04	7.1258767105e-04
16103	7.1253662155e-04	7.1253904318e-04
16104	7.1248770866e-04	7.1248831389e-04
16105	7.1243753790e-04	7.1243862631e-04
16106	7.1239118931e-04	7.1239138964e-04
16107	7.1234989382e-04	7.1234398773e-04
16108	7.1229538646e-04	7.1229554818e-04
16109	7.1224687114e-04	7.1224570107e-04
16110	7.1219476574e-04	7.1219617365e-04
16111	7.1214628269e-04	7.1214818453e-04
16112	7.1210303219e-04	7.1210022002e-04
16113	7.1205148369e-04	7.1205182007e-04
16114	7.1200491158e-04	7.1200245941e-04
16115	7.1195238252e-04	7.1195299495e-04
16116	7.1190299279e-04	7.1190451080e-04
16117	7.1185725148e-04	7.1185603271e-04
16118	7.1180625536e-04	7.1180756739e-04
16119	7.1176141706e-04	7.1175837066e-04
16120	7.1170834299e-04	7.1170895897e-04
16121	7.1166047315e-04	7.1166008897e-04
16122	7.1161104894e-04	7.1161118685e-04
16123	7.1156144059e-04	7.1156256314e-04
16124	7.1151536510e-04	7.1151334212e-04
16125	7.1146348910e-04	7.1146398885e-04
16126	7.1141633534e-04	7.1141476948e-04
16127	7.1136489277e-04	7.1136555975e-04
16128	7.1131623982e-04	7.1131663936e-04
16129	7.1126767069e-04	7.1126733588e-04
16130	7.1121756481e-04	7.1121796038e-04
16131	7.1116966726e-04	7.1116849967e-04
16132	7.1111872537e-04	7.1111903219e-04
16133	7.1106977357e-04	7.1106977193e-04
16134	7.1102016118e-04	7.1102030248e-04
16135	7.1097018987e-04	7.1097080751e-04
16136	7.1092192170e-04	7.1092115866e-04
16137	7.1087109264e-04	7.1087145568e-04
16138	7.1082247850e-04	7.1082187496e-04
16139	7.1077189917e-04	7.1077217047e-04
16140	7.1072225314e-04	7.1072249881e-04
16141	7.1067293977e-04	7.1067267336e-04
16142	7.1062232068e-04	7.1062277578e-04
16143	7.1057368353e-04	7.1057292814e-04
16144	7.1052253671e-04	7.1052296366e-04
16145	7.1047353160e-04	7.1047309365e-04
16146	7.1042276403e-04	7.1042304684e-04
16147	7.1037299940e-04	7.1037300277e-04
16148	7.1032301721e-04	7.1032288238e-04
16149	7.1027256767e-04	7.1027271548e-04
16150	7.1022287650e-04	7.1022257687e-04
16151	7.1017216987e-04	7.1017233532e-04
16152	7.1012215938e-04	7.1012208935e-04
16153	7.1007176201e-04	7.1007175671e-04
16154	7.1002120324e-04	7.1002136515e-04
16155	7.0997125525e-04	7.0997098334e-04
16156	7.0992023406e-04	7.0992049026e-04
16157	7.0987038213e-04	7.0987004980e-04
16158	7.0981922099e-04	7.0981945186e-04
16159	7.0976908753e-04	7.0976890381e-04
16160	7.0971814235e-04	7.0971819815e-04
16161	7.0966758350e-04	7.0966755619e-04
16162	7.0961691564e-04	7.0961673751e-04
16163	7.0956600196e-04	7.0956602260e-04
16164	7.0951538224e-04	7.0951502131e-04
16165	7.0946435088e-04	7.0946421838e-04
16166	7.0941351616e-04	7.0941292160e-04
16167	7.0936261183e-04	7.0936197282e-04
16168	7.0931141869e-04	7.0931017688e-04
16169	7.0926072191e-04	7.0925886124e-04
16170	7.0920918021e-04	7.0920606303e-04
16171	7.0915860465e-04	7.0915373680e-04
16172	7.0910682792e-04	7.0909880498e-04
16173	7.0905623544e-04	7.0904402196e-04
16174	7.0900433734e-04	7.0898517849e-04
16175	7.0895366375e-04	7.0892637412e-04
16176	7.0890166258e-04	7.0886433047e-04
16177	7.0885096938e-04	7.0880624049e-04
16178	7.0879874219e-04	7.0875192732e-04
16179	7.0874820982e-04	7.0870882659e-04
16180	7.0869553074e-04	7.0867126952e-04
16181	7.0864544355e-04	7.0863793526e-04
16182	7.0859203605e-04	7.0860240077e-04
16183	7.0854276418e-04	7.0856247552e-04
16184	7.0848830332e-04	7.0852221578e-04
16185	7.0844035592e-04	7.0848227990e-04
16186	7.0838444615e-04	7.0844714717e-04
16187	7.0833866308e-04	7.0841261391e-04
16188	7.0828080694e-04	7.0837717302e-04
16189	7.0823875169e-04	7.0833900809e-04
16190	7.0817841730e-04	7.0829811599e-04
16191	7.0814320861e-04	7.0825815652e-04
16192	7.0808033143e-04	7.0821902695e-04
16193	7.0805845243e-04	7.0818104647e-04
16194	7.0799523170e-04	7.0814237708e-04
16195	7.0800031693e-04	7.0810095172e-04
16196	7.0794609095e-04	7.0805869378e-04
16197	7.0800436502e-04	7.0801476013e-04
16198	7.0798264713e-04	7.0797147455e-04
16199	7.0812351346e-04	7.0792745677e-04
16200	7.0814831678e-04	7.0788190242e-04
16201	7.0830962169e-04	7.0783522757e-04
16202	7.0824012607e-04	7.0778602314e-04
16203	7.0816848245e-04	7.0773697226e-04
16204	7.0780745558e-04	7.0768644585e-04
16205	7.0758909033e-04	7.0763578589e-04
16206	7.0738342420e-04	7.0758361352e-04
16207	7.0738416172e-04	7.0752980261e-04
16208	7.0747922100e-04	7.0747488665e-04
16209	7.0745054295e-04	7.0741844328e-04
16210	7.0740122999e-04	7.0736138103e-04
16211	7.0718134021e-04	7.0730308239e-04
16212	7.0708257882e-04	7.0724333204e-04
16213	7.0702986644e-04	7.0718240589e-04
16214	7.0704462801e-04	7.0711952878e-04
16215	7.0707346649e-04	7.0705598110e-04
16216	7.0698045008e-04	7.0699075663e-04
16217	7.0688141695e-04	7.0692493297e-04
16218	7.0675935025e-04	7.0685757991e-04
16219	7.0669056389e-04	7.0678949021e-04
16220	7.0669625332e-04	7.0672020012e-04
16221	7.0664075368e-04	7.0665106972e-04
16222	7.0661671293e-04	7.0658148619e-04
16223	7.0650940696e-04	7.0651431490e-04
16224	7.0644295137e-04	7.0644813197e-04
16225	7.0640194629e-04	7.0638807318e-04
16226	7.0634879512e-04	7.0633161452e-04
16227	7.0634656512e-04	7.0628387195e-04
16228	7.0625516551e-04	7.0623861694e-04
16229	7.0621431965e-04	7.0619596119e-04
16230	7.0612695093e-04	7.0614654228e-04
16231	7.0608112195e-04	7.0609304317e-04
16232	7.0604405313e-04	7.0603530819e-04
16233	7.0598613842e-04	7.0597861233e-04
16234	7.0594713249e-04	7.0592696869e-04
16235	7.0587063396e-04	7.0587663126e-04
16236	7.0581910598e-04	7.0582770805e-04
16237	7.0576669255e-04	7.0577420559e-04
16238	7.0571501506e-04	7.0571948780e-04
16239	7.0567892350e-04	7.0566443610e-04
16240	7.0561574561e-04	7.0561152849e-04
16241	7.0556758514e-04	7.0556130878e-04
16242	7.0550821994e-04	7.0551071391e-04
16243	7.0545200719e-04	7.0545877925e-04
16244	7.0541244755e-04	7.0540518016e-04
16245	7.0534916951e-04	7.0535025795e-04
16246	7.0531302023e-04	7.0529741638e-04
16247	7.0524382041e-04	7.0524352815e-04
16248	7.0520015912e-04	7.0519109724e-04
16249	7.0513962983e-04	7.0513550672e-04
16250	7.0509047350e-04	7.0507962997e-04
16251	7.0504052143e-04	7.0502125518e-04
16252	7.0498558054e-04	7.0496235322e-04
16253	7.0493495200e-04	7.0490022712e-04
16254	7.0487957419e-04	7.0483529030e-04
16255	7.0482396907e-04	7.0476249341e-04
16256	7.0477626625e-04	7.0468509662e-04
16257	7.0471608453e-04	7.0459581284e-04
16258	7.0467406698e-04	7.0450492791e-04
16259	7.0461025907e-04	7.0440550335e-04
16260	7.0456768687e-04	7.0432048235e-04
16261	7.0450501489e-04	7.0425026819e-04
16262	7.0446012837e-04	7.0422466807e-04
16263	7.0440207521e-04	7.0423919659e-04
16264	7.0435575619e-04	7.0429641965e-04
16265	7.0429977920e-04	7.0437083392e-04
16266	7.0425491913e-04	7.0444187589e-04
16267	7.0419726722e-04	7.0449542689e-04
16268	7.0415950417e-04	7.0452614196e-04
16269	7.0409938346e-04	7.0454876002e-04
16270	7.0407439635e-04	7.0457020348e-04
16271	7.0401416480e-04	7.0460674818e-04
16272	7.0400785973e-04	7.0465338428e-04
16273	7.0395481857e-04	7.0470588372e-04
16274	7.0397970576e-04	7.0475170794e-04
16275	7.0395006910e-04	7.0478315570e-04
16276	7.0403479817e-04	7.0480185968e-04
16277	7.0406036789e-04	7.0480882824e-04
16278	7.0426262717e-04	7.0481498081e-04
16279	7.0440195593e-04	7.0481933796e-04
16280	7.0481851250e-04	7.0482530967e-04
16281	7.0514940291e-04	7.0482576968e-04
16282	7.0586552762e-04	7.0481765984e-04
16283	7.0635334176e-04	7.0479823646e-04
16284	7.0717137990e-04	7.0476668015e-04
16285	7.0730584619e-04	7.0472766593e-04
16286	7.0738869569e-04	7.0468110033e-04
16287	7.0637138634e-04	7.0463103896e-04
16288	7.0528492993e-04	7.0457451895e-04
16289	7.0386018822e-04	7.0451112367e-04
16290	7.0310748051e-04	7.0443846871e-04
16291	7.0294462659e-04	7.0435491615e-04
16292	7.0330378666e-04	7.0426245223e-04
16293	7.0393665698e-04	7.0415973696e-04
16294	7.0415776060e-04	7.0405093216e-04
16295	7.0418600882e-04	7.0393360917e-04
16296	7.0358235040e-04	7.0381056867e-04
16297	7.0307018840e-04	7.0367873623e-04
16298	7.0257671497e-04	7.0353950931e-04
16299	7.0248570812e-04	7.0339139325e-04
16300	7.0265717360e-04	7.0323603730e-04
16301	7.0282634903e-04	7.0307393930e-04
16302	7.0300197788e-04	7.0290785012e-04
16303	7.0280618858e-04	7.0273867956e-04
16304	7.0261658122e-04	7.0257131602e-04
16305	7.0226080002e-04	7.0240613328e-04
16306	7.0210538811e-04	7.0225253034e-04
16307	7.0205176135e-04	7.0211049797e-04
16308	7.0208714738e-04	7.0199542533e-04
16309	7.0219237657e-04	7.0190420528e-04
16310	7.0213039113e-04	7.0185251831e-04
16311	7.0209156620e-04	7.0182322616e-04
16312	7.0187943427e-04	7.0181779330e-04
16313	7.0176291451e-04	7.0180146489e-04
16314	7.0163395006e-04	7.0176768449e-04
16315	7.0159176552e-04	7.0169960490e-04
16316	7.0160363144e-04	7.0161118844e-04
16317	7.0156781982e-04	7.0151774539e-04
16318	7.0157210475e-04	7.0143512853e-04
16319	7.0145510026e-04	7.0137532597e-04
16320	7.0139150379e-04	7.0132864738e-04
16321	7.0126171643e-04	7.0129142428e-04
16322	7.0119481805e-04	7.0124348240e-04
16323	7.0113748471e-04	7.0118525216e-04
16324	7.0109000116e-04	7.0111451353e-04
16325	7.0107799194e-04	7.0104188430e-04
16326	7.0100841274e-04	7.0097565560e-04
16327	7.0097822633e-04	7.0091696072e-04
16328	7.0087971559e-04	7.0086763343e-04
16329	7.0082391829e-04	7.0081684704e-04
16330	7.0073851199e-04	7.0076444630e-04
16331	7.0068043595e-04	7.0070407304e-04
16332	7.0063138463e-04	7.0064081784e-04
16333	7.0057289748e-04	7.0057717659e-04
16334	7.0054084582e-04	7.0051624820e-04
16335	7.0047020377e-04	7.0046071423e-04
16336	7.0043021011e-04	7.0040622217e-04
16337	7.0035138085e-04	7.0035351334e-04
16338	7.0029930474e-04	7.0029711441e-04
16339	7.0022897947e-04	7.0023929569e-04
16340	7.0017164766e-04	7.0017924667e-04
16341	7.0011790027e-04	7.0011944902e-04
16342	7.0005768761e-04	7.0006164251e-04
16343	7.0001372087e-04	7.0000480063e-04
16344	6.9994908307e-04	6.9995026532e-04
16345	6.9990430551e-04	6.9989459757e-04
16346	6.9983697792e-04	6.9983910669e-04
16347	6.9978660702e-04	6.9978172239e-04
16348	6.9972187202e-04	6.9972397572e-04
16349	6.9966660120e-04	6.9966620239e-04
16350	6.9960821578e-04	6.9960863759e-04
16351	6.9955002756e-04	6.9955255988e-04
16352	6.9949749117e-04	6.9949630276e-04
16353	6.9943756344e-04	6.9944113967e-04
16354	6.9938752995e-04	6.9938496745e-04
16355	6.9932661396e-04	6.9932898179e-04
16356	6.9927584109e-04	6.9927219525e-04
16357	6.9921500262e-04	6.9921535494e-04
16358	6.9916200765e-04	6.9915872727e-04
16359	6.9910244124e-04	6.9910205615e-04
16360	6.9904732927e-04	6.9904619494e-04
16361	6.9898975567e-04	6.9899002156e-04
16362	6.9893331592e-04	6.9893448174e-04
16363	6.9887766648e-04	6.9887837693e-04
16364	6.9882059094e-04	6.9882249977e-04
16365	6.9876617755e-04	6.9876622465e-04
16366	6.9870881820e-04	6.9870996356e-04
16367	6.9865484575e-04	6.9865374761e-04
16368	6.9859733849e-04	6.9859746926e-04
16369	6.9854326802e-04	6.9854153889e-04
16370	6.9848567467e-04	6.9848545973e-04
16371	6.9843130678e-04	6.9842972182e-04
16372	6.9837371079e-04	6.9837377579e-04
16373	6.9831908849e-04	6.9831798831e-04
16374	6.9826160502e-04	6.9826205644e-04
16375	6.9820683661e-04	6.9820610047e-04
16376	6.9814957996e-04	6.9815017212e-04
16377	6.9809471507e-04	6.9809410164e-04
16378	6.9803776977e-04	6.9803823644e-04
16379	6.9798275256e-04	6.9798215545e-04
16380	6.9792616485e-04	6.9792637670e-04
16381	6.9787089005e-04	6.9787032048e-04
16382	6.9781470409e-04	6.9781457042e-04
16383	6.9775908972e-04	6.9775847590e-04
16384	6.9770333680e-04	6.9770263627e-04
16385	6.9764734462e-04	6.9764635435e-04
16386	6.9759203242e-04	6.9759025066e-04
16387	6.9753567312e-04	6.9753351098e-04
16388	6.9748077253e-04	6.9747682086e-04
16389	6.9742408210e-04	6.9741906256e-04
16390	6.9736953635e-04	6.9736103704e-04
16391	6.9731257310e-04	6.9730097611e-04
16392	6.9725833220e-04	6.9723980765e-04
16393	6.9720116142e-04	6.9717450874e-04
16394	6.9714718974e-04	6.9710609713e-04
16395	6.9708985373e-04	6.9702939939e-04
16396	6.9703615156e-04	6.9694591752e-04
16397	6.9697866925e-04	6.9684813092e-04
16398	6.9692529715e-04	6.9674166285e-04
16399	6.9686765439e-04	6.9662186788e-04
16400	6.9681474725e-04	6.9651046770e-04
16401	6.9675690145e-04	6.9641751208e-04
16402	6.9670471095e-04	6.9637971551e-04
16403	6.9664661673e-04	6.9640100558e-04
16404	6.9659558873e-04	6.9647848159e-04
16405	6.9653726073e-04	6.9657657244e-04
16406	6.9648819295e-04	6.9666290551e-04
16407	6.9642984597e-04	6.9672112823e-04
16408	6.9638421506e-04	6.9675372104e-04
16409	6.9632661298e-04	6.9678581654e-04
16410	6.9628731628e-04	6.9683244820e-04
16411	6.9623264628e-04	6.9690330534e-04
16412	6.9620567696e-04	6.9698372766e-04
16413	6.9615969320e-04	6.9705606831e-04
16414	6.9615800908e-04	6.9710905838e-04
16415	6.9613521424e-04	6.9714251877e-04
16416	6.9618755556e-04	6.9717020343e-04
16417	6.9622295612e-04	6.9719956618e-04
16418	6.9639234034e-04	6.9723513261e-04
16419	6.9656347906e-04	6.9726856433e-04
16420	6.9697495354e-04	6.9729088691e-04
16421	6.9741658814e-04	6.9729787798e-04
16422	6.9823684823e-04	6.9729005869e-04
16423	6.9900980150e-04	6.9727534586e-04
16424	7.0011047666e-04	6.9725635129e-04
16425	7.0060379146e-04	6.9723452709e-04
16426	7.0079771292e-04	6.9720519574e-04
16427	6.9961842572e-04	6.9716386026e-04
16428	6.9801398249e-04	6.9710967240e-04
16429	6.9615679201e-04	6.9704268832e-04
16430	6.9523828589e-04	6.9696765934e-04
16431	6.9534543267e-04	6.9688475285e-04
16432	6.9610098780e-04	6.9679512300e-04
16433	6.9692921099e-04	6.9669577197e-04
16434	6.9698954583e-04	6.9658519796e-04
16435	6.9649289780e-04	6.9646275419e-04
16436	6.9552271732e-04	6.9632899066e-04
16437	6.9489929124e-04	6.9618591639e-04
16438	6.9481280550e-04	6.9603430943e-04
16439	6.9514332697e-04	6.9587442425e-04
16440	6.9555803646e-04	6.9570631862e-04
16441	6.9555250815e-04	6.9552881260e-04
16442	6.9526663380e-04	6.9534433050e-04
16443	6.9475723216e-04	6.9515278828e-04
16444	6.9445635150e-04	6.9496037525e-04
16445	6.9444198019e-04	6.9476841228e-04
16446	6.9459021396e-04	6.9458677619e-04
16447	6.9476427038e-04	6.9441873608e-04
16448	6.9468193234e-04	6.9427945334e-04
16449	6.9449575624e-04	6.9417287986e-04
16450	6.9421858522e-04	6.9411483592e-04
16451	6.9407270436e-04	6.9409406248e-04
16452	6.9406985122e-04	6.9410490525e-04
16453	6.9411541050e-04	6.9410615452e-04
16454	6.9417225872e-04	6.9407804056e-04
16455	6.9408010238e-04	6.9400409381e-04
16456	6.9396312165e-04	6.9390426557e-04
16457	6.9379795641e-04	6.9380661905e-04
16458	6.9371046536e-04	6.9373339988e-04
16459	6.9368632852e-04	6.9369164562e-04
16460	6.9367971917e-04	6.9366245379e-04
16461	6.9368332100e-04	6.9362859643e-04
16462	6.9360719635e-04	6.9357277334e-04
16463	6.9352953406e-04	6.9350081780e-04
16464	6.9341924919e-04	6.9342685441e-04
16465	6.9335012009e-04	6.9336419440e-04
16466	6.9330812022e-04	6.9331776177e-04
16467	6.9327652705e-04	6.9327704842e-04
16468	6.9325672680e-04	6.9323329516e-04
16469	6.9319621167e-04	6.9317830354e-04
16470	6.9313902886e-04	6.9311608892e-04
16471	6.9305733204e-04	6.9305459814e-04
16472	6.9299442900e-04	6.9299925533e-04
16473	6.9294279396e-04	6.9295205386e-04
16474	6.9289691691e-04	6.9290618206e-04
16475	6.9286554138e-04	6.9285804458e-04
16476	6.9281126105e-04	6.9280420516e-04
16477	6.9276640084e-04	6.9274742612e-04
16478	6.9269826681e-04	6.9269205223e-04
16479	6.9264333379e-04	6.9263971259e-04
16480	6.9258499853e-04	6.9259158347e-04
16481	6.9253489937e-04	6.9254330686e-04
16482	6.9249227229e-04	6.9249406207e-04
16483	6.9244176573e-04	6.9244177023e-04
16484	6.9239947898e-04	6.9238845763e-04
16485	6.9234136540e-04	6.9233580456e-04
16486	6.9229226899e-04	6.9228473861e-04
16487	6.9223382074e-04	6.9223563273e-04
16488	6.9218324729e-04	6.9218655038e-04
16489	6.9213272988e-04	6.9213692705e-04
16490	6.9208299781e-04	6.9208606549e-04
16491	6.9203776324e-04	6.9203430322e-04
16492	6.9198570943e-04	6.9198321375e-04
16493	6.9193919826e-04	6.9193213537e-04
16494	6.9188469571e-04	6.9188280475e-04
16495	6.9183533704e-04	6.9183246038e-04
16496	6.9178261924e-04	6.9178301399e-04
16497	6.9173219972e-04	6.9173115060e-04
16498	6.9168388078e-04	6.9167998685e-04
16499	6.9163275122e-04	6.9162613399e-04
16500	6.9158723068e-04	6.9157357320e-04
16501	6.9153447971e-04	6.9151790136e-04
16502	6.9148906954e-04	6.9146388839e-04
16503	6.9143508193e-04	6.9140693798e-04
16504	6.9138892463e-04	6.9135406468e-04
16505	6.9133539956e-04	6.9130216145e-04
16506	6.9128901052e-04	6.9125904750e-04
16507	6.9123691696e-04	6.9121945227e-04
16508	6.9119075475e-04	6.9118547643e-04
16509	6.9113938619e-04	6.9115102917e-04
16510	6.9109378085e-04	6.9111405256e-04
16511	6.9104160414e-04	6.9107572934e-04
16512	6.9099753641e-04	6.9103482469e-04
16513	6.9094322021e-04	6.9099685559e-04
16514	6.9090259369e-04	6.9095954256e-04
16515	6.9084513566e-04	6.9092503857e-04
16516	6.9081060192e-04	6.9088999234e-04
16517	6.9074912456e-04	6.9085298881e-04
16518	6.9072447459e-04	6.9081500244e-04
16519	6.9065848289e-04	6.9077468374e-04
16520	6.9065011057e-04	6.9073568087e-04
16521	6.9058073689e-04	6.9069621287e-04
16522	6.9060029533e-04	6.9065748408e-04
16523	6.9053313821e-04	6.9061805333e-04
16524	6.9059963970e-04	6.9057666098e-04
16525	6.9054683537e-04	6.9053491357e-04
16526	6.9067556384e-04	6.9049113115e-04
16527	6.9063708210e-04	6.9044820709e-04
16528	6.9078098960e-04	6.9040421713e-04
16529	6.9067159888e-04	6.9036029185e-04
16530	6.9067365445e-04	6.9031535801e-04
16531	6.9038330757e-04	6.9026887727e-04
16532	6.9024396296e-04	6.9022185816e-04
16533	6.9001324986e-04	6.9017323014e-04
16534	6.8996341853e-04	6.9012467152e-04
16535	6.9000016421e-04	6.9007501435e-04
16536	6.8999245075e-04	6.9002484870e-04
16537	6.9004776638e-04	6.8997375429e-04
16538	6.8990502024e-04	6.8992126373e-04
16539	6.8983360865e-04	6.8986816406e-04
16540	6.8967496846e-04	6.8981365811e-04
16541	6.8961864186e-04	6.8975873465e-04
16542	6.8961887070e-04	6.8970286567e-04
16543	6.8958502779e-04	6.8964609128e-04
16544	6.8961038058e-04	6.8958889265e-04
16545	6.8950426588e-04	6.8953014807e-04
16546	6.8945668486e-04	6.8947177900e-04
16547	6.8935900963e-04	6.8941177635e-04
16548	6.8930623323e-04	6.8935326471e-04
16549	6.8930155401e-04	6.8929366792e-04
16550	6.8924190895e-04	6.8923707005e-04
16551	6.8924846750e-04	6.8918067535e-04
16552	6.8914904440e-04	6.8912946676e-04
16553	6.8911808151e-04	6.8908024414e-04
16554	6.8903783847e-04	6.8903747339e-04
16555	6.8899869307e-04	6.8899581866e-04
16556	6.8897262132e-04	6.8895652767e-04
16557	6.8892020316e-04	6.8891233537e-04
16558	6.8889975066e-04	6.8886414650e-04
16559	6.8882765286e-04	6.8881036723e-04
16560	6.8878751782e-04	6.8875229371e-04
16561	6.8873240084e-04	6.8869486368e-04
16562	6.8868330496e-04	6.8863211138e-04
16563	6.8865971746e-04	6.8856966703e-04
16564	6.8859932094e-04	6.8849511492e-04
16565	6.8858056757e-04	6.8841775193e-04
16566	6.8851108185e-04	6.8832942752e-04
16567	6.8848163493e-04	6.8825083038e-04
16568	6.8842382708e-04	6.8818538318e-04
16569	6.8838667586e-04	6.8815858480e-04
16570	6.8834780807e-04	6.8817128989e-04
16571	6.8830382963e-04	6.8822623311e-04
16572	6.8826964679e-04	6.8830333069e-04
16573	6.8822357498e-04	6.8838339319e-04
16574	6.8818315915e-04	6.8844971035e-04
16575	6.8814871793e-04	6.8849609177e-04
16576	6.8810185172e-04	6.8852975542e-04
16577	6.8808799118e-04	6.8855887484e-04
16578	6.8803771279e-04	6.8859749185e-04
16579	6.8804457191e-04	6.8864600986e-04
16580	6.8799948590e-04	6.8870371069e-04
16581	6.8803239575e-04	6.8875915881e-04
16582	6.8801228401e-04	6.8880541868e-04
16583	6.8809479404e-04	6.8883833941e-04
16584	6.8813191016e-04	6.8885872512e-04
16585	6.8831448907e-04	6.8887376398e-04
16586	6.8845985328e-04	6.8888535291e-04
16587	6.8882766869e-04	6.8889882315e-04
16588	6.8914880005e-04	6.8890890704e-04
16589	6.8978430050e-04	6.8891461943e-04
16590	6.9026545752e-04	6.8891006016e-04
16591	6.9103163201e-04	6.8889483204e-04
16592	6.9126581681e-04	6.8886978589e-04
16593	6.9146488708e-04	6.8883618118e-04
16594	6.9069274538e-04	6.8879796692e-04
16595	6.8977636338e-04	6.8875366143e-04
16596	6.8840272429e-04	6.8870480554e-04
16597	6.8754279128e-04	6.8864775283e-04
16598	6.8716179737e-04	6.8858223289e-04
16599	6.8737765963e-04	6.8850712986e-04
16600	6.8793620876e-04	6.8842219242e-04
16601	6.8828860855e-04	6.8832990264e-04
16602	6.8848630482e-04	6.8822900771e-04
16603	6.8807865650e-04	6.8812289729e-04
16604	6.8763831890e-04	6.8800855888e-04
16605	6.8707536432e-04	6.8788865701e-04
16606	6.8686894711e-04	6.8776016450e-04
16607	6.8690367265e-04	6.8762557142e-04
16608	6.8708164013e-04	6.8748374701e-04
16609	6.8731117432e-04	6.8733774753e-04
16610	6.8726685363e-04	6.8718830670e-04
16611	6.8717824079e-04	6.8703968408e-04
16612	6.8685702151e-04	6.8689351000e-04
16613	6.8667522891e-04	6.8675691735e-04
16614	6.8652847008e-04	6.8663176366e-04
16615	6.8653960816e-04	6.8652979706e-04
16616	6.8662316416e-04	6.8645055571e-04
16617	6.8664374207e-04	6.8640698377e-04
16618	6.8667103144e-04	6.8638696694e-04
16619	6.8653048683e-04	6.8639262056e-04
16620	6.8644379185e-04	6.8639404970e-04
16621	6.8628682951e-04	6.8638405977e-04
16622	6.8623560350e-04	6.8634245596e-04
16623	6.8620339209e-04	6.8627912481e-04
16624	6.8620177787e-04	6.8620427930e-04
16625	6.8622333346e-04	6.8613556784e-04
16626	6.8617155375e-04	6.8608547127e-04
16627	6.8614980390e-04	6.8605084849e-04
16628	6.8604268384e-04	6.8602954984e-04
16629	6.8599550255e-04	6.8600325516e-04
16630	6.8591405048e-04	6.8596960669e-04
16631	6.8588497683e-04	6.8592191415e-04
16632	6.8585922983e-04	6.8586932813e-04
16633	6.8583144806e-04	6.8581817136e-04
16634	6.8582196189e-04	6.8577393727e-04
16635	6.8576485521e-04	6.8573928481e-04
16636	6.8574063515e-04	6.8570718008e-04
16637	6.8566614987e-04	6.8567622441e-04
16638	6.8563369608e-04	6.8563863519e-04
16639	6.8557457938e-04	6.8559754039e-04
16640	6.8554416122e-04	6.8555301783e-04
16641	6.8551053024e-04	6.8550989396e-04
16642	6.8547524689e-04	6.8547046418e-04
16643	6.8545314191e-04	6.8543379995e-04
16644	6.8540430934e-04	6.8540016031e-04
16645	6.8538008852e-04	6.8536486449e-04
16646	6.8532294264e-04	6.8532883659e-04
16647	6.8529430909e-04	6.8528975459e-04
16648	6.8524198220e-04	6.8525021379e-04
16649	6.8521078734e-04	6.8521083203e-04
16650	6.8517053093e-04	6.8517262002e-04
16651	6.8513556230e-04	6.8513650763e-04
16652	6.8510501271e-04	6.8510058120e-04
16653	6.8506377667e-04	6.8506562240e-04
16654	6.8503673307e-04	6.8502915314e-04
16655	6.8499003615e-04	6.8499253725e-04
16656	6.8496221077e-04	6.8495482348e-04
16657	6.8491457156e-04	6.8491724709e-04
16658	6.8488452751e-04	6.8488017282e-04
16659	6.8484073766e-04	6.8484340861e-04
16660	6.8480802513e-04	6.8480779248e-04
16661	6.8477010314e-04	6.8477178747e-04
16662	6.8473419088e-04	6.8473649810e-04
16663	6.8470118838e-04	6.8470025601e-04
16664	6.8466193903e-04	6.8466431187e-04
16665	6.8463158895e-04	6.8462775115e-04
16666	6.8458990654e-04	6.8459143397e-04
16667	6.8456012802e-04	6.8455525485e-04
16668	6.8451777826e-04	6.8451920132e-04
16669	6.8448722675e-04	6.8448370650e-04
16670	6.8444603563e-04	6.8444798390e-04
16671	6.8441399638e-04	6.8441278670e-04
16672	6.8437513972e-04	6.8437709105e-04
16673	6.8434130993e-04	6.8434174718e-04
16674	6.8430508823e-04	6.8430598380e-04
16675	6.8426945799e-04	6.8427045297e-04
16676	6.8423546726e-04	6.8423482657e-04
16677	6.8419828922e-04	6.8419932437e-04
16678	6.8416579765e-04	6.8416402174e-04
16679	6.8412756509e-04	6.8412868777e-04
16680	6.8409583497e-04	6.8409366856e-04
16681	6.8405715768e-04	6.8405847316e-04
16682	6.8402558366e-04	6.8402355659e-04
16683	6.8398702492e-04	6.8398842859e-04
16684	6.8395517730e-04	6.8395348304e-04
16685	6.8391715657e-04	6.8391842663e-04
16686	6.8388478519e-04	6.8388344573e-04
16687	6.8384755091e-04	6.8384852731e-04
16688	6.8381455719e-04	6.8381357298e-04
16689	6.8377819639e-04	6.8377884219e-04
16690	6.8374458070e-04	6.8374396258e-04
16691	6.8370904916e-04	6.8370940836e-04
16692	6.8367487248e-04	6.8367460752e-04
16693	6.8364005957e-04	6.8364017455e-04
16694	6.8360542861e-04	6.8360542743e-04
16695	6.8357120973e-04	6.8357105466e-04
16696	6.8353624268e-04	6.8353632436e-04
16697	6.8350249366e-04	6.8350196192e-04
16698	6.8346729043e-04	6.8346718802e-04
16699	6.8343390568e-04	6.8343277236e-04
16700	6.8339854526e-04	6.8339781602e-04
16701	6.8336545495e-04	6.8336318857e-04
16702	6.8332999367e-04	6.8332770199e-04
16703	6.8329716212e-04	6.8329241668e-04
16704	6.8326162437e-04	6.8325553408e-04
16705	6.8322904104e-04	6.8321838753e-04
16706	6.8319341587e-04	6.8317796062e-04
16707	6.8316109918e-04	6.8313583611e-04
16708	6.8312535186e-04	6.8308663604e-04
16709	6.8309336157e-04	6.8303203739e-04
16710	6.8305743529e-04	6.8296262034e-04
16711	6.8302587096e-04	6.8288120905e-04
16712	6.8298967324e-04	6.8277527782e-04
16713	6.8295868264e-04	6.8265885015e-04
16714	6.8292208364e-04	6.8253189024e-04
16715	6.8289189837e-04	6.8244286762e-04
16716	6.8285473472e-04	6.8241425275e-04
16717	6.8282572556e-04	6.8248278745e-04
16718	6.8278780571e-04	6.8261823789e-04
16719	6.8276058390e-04	6.8277362424e-04
16720	6.8272172793e-04	6.8290030036e-04
16721	6.8269736391e-04	6.8298253598e-04
16722	6.8265755835e-04	6.8304980948e-04
16723	6.8263807172e-04	6.8313155917e-04
16724	6.8259792567e-04	6.8325299288e-04
16725	6.8258740064e-04	6.8339562291e-04
16726	6.8254941941e-04	6.8352900215e-04
16727	6.8255669837e-04	6.8363489679e-04
16728	6.8252877266e-04	6.8371426712e-04
16729	6.8257415006e-04	6.8379388839e-04
16730	6.8257881481e-04	6.8388270216e-04
16731	6.8271052373e-04	6.8398132800e-04
16732	6.8280781811e-04	6.8407033966e-04
16733	6.8313898826e-04	6.8413765718e-04
16734	6.8347120493e-04	6.8418584120e-04
16735	6.8423328536e-04	6.8422391625e-04
16736	6.8503780686e-04	6.8426275732e-04
16737	6.8647611525e-04	6.8429951451e-04
16738	6.8766486355e-04	6.8432486444e-04
16739	6.8907734656e-04	6.8433380317e-04
16740	6.8892047828e-04	6.8432337651e-04
16741	6.8783774506e-04	6.8430403684e-04
16742	6.8509646055e-04	6.8427581052e-04
16743	6.8287793985e-04	6.8424236681e-04
16744	6.8194065434e-04	6.8419548166e-04
16745	6.8263351231e-04	6.8413390884e-04
16746	6.8406840443e-04	6.8405597996e-04
16747	6.8469520790e-04	6.8396625962e-04
16748	6.8433680735e-04	6.8386613813e-04
16749	6.8293816592e-04	6.8375759720e-04
16750	6.8192938617e-04	6.8363567014e-04
16751	6.8184805130e-04	6.8350197588e-04
16752	6.8244188681e-04	6.8335206257e-04
16753	6.8312623019e-04	6.8319260090e-04
16754	6.8295102064e-04	6.8302054465e-04
16755	6.8239466865e-04	6.8284152319e-04
16756	6.8169768074e-04	6.8265116419e-04
16757	6.8158110974e-04	6.8245372691e-04
16758	6.8190277429e-04	6.8224816992e-04
16759	6.8219757522e-04	6.8204301082e-04
16760	6.8222221298e-04	6.8184228915e-04
16761	6.8183961046e-04	6.8166143101e-04
16762	6.8148890797e-04	6.8150768371e-04
16763	6.8141276304e-04	6.8140530761e-04
16764	6.8151985985e-04	6.8135620442e-04
16765	6.8175977435e-04	6.8137537634e-04
16766	6.8166906355e-04	6.8142298342e-04
16767	6.8155305542e-04	6.8146954150e-04
16768	6.8128707495e-04	6.8145733830e-04
16769	6.8126811561e-04	6.8138706137e-04
16770	6.8130954865e-04	6.8128874092e-04
16771	6.8141487897e-04	6.8120848118e-04
16772	6.8139200740e-04	6.8117628235e-04
16773	6.8129900976e-04	6.8117367294e-04
16774	6.8113909549e-04	6.8117450284e-04
16775	6.8111434572e-04	6.8114264117e-04
16776	6.8106340608e-04	6.8108357681e-04
16777	6.8114581783e-04	6.8102127266e-04
16778	6.8105444499e-04	6.8097736472e-04
16779	6.8102913350e-04	6.8095882809e-04
16780	6.8088289187e-04	6.8094200635e-04
16781	6.8084376480e-04	6.8091445754e-04
16782	6.8080661107e-04	6.8086830833e-04
16783	6.8080337049e-04	6.8081884206e-04
16784	6.8080239248e-04	6.8077941272e-04
16785	6.8074250360e-04	6.8075151475e-04
16786	6.8070882091e-04	6.8072824762e-04
16787	6.8064261966e-04	6.8069718802e-04
16788	6.8063432777e-04	6.8065715624e-04
16789	6.8061072449e-04	6.8061560408e-04
16790	6.8060879205e-04	6.8057767014e-04
16791	6.8057074432e-04	6.8054910891e-04
16792	6.8054169123e-04	6.8052008941e-04
16793	6.8048203165e-04	6.8049041546e-04
16794	6.8046456959e-04	6.8045386742e-04
16795	6.8041445590e-04	6.8041812571e-04
16796	6.8041600501e-04	6.8038419370e-04
16797	6.8036365975e-04	6.8035562932e-04
16798	6.8035274351e-04	6.8032803917e-04
16799	6.8029518557e-04	6.8030033346e-04
16800	6.8027241094e-04	6.8026889435e-04
16801	6.8023242491e-04	6.8023857709e-04
16802	6.8020839987e-04	6.8020728419e-04
16803	6.8018479188e-04	6.8018067269e-04
16804	6.8015229963e-04	6.8015218498e-04
16805	6.8012860745e-04	6.8012542762e-04
16806	6.8008908994e-04	6.8009450831e-04
16807	6.8006441773e-04	6.8006447266e-04
16808	6.8002966231e-04	6.8003287512e-04
16809	6.8000721605e-04	6.8000349863e-04
16810	6.7997697831e-04	6.7997375739e-04
16811	6.7995330262e-04	6.7994507669e-04
16812	6.7991997587e-04	6.7991511082e-04
16813	6.7989588912e-04	6.7988620951e-04
16814	6.7985841947e-04	6.7985698757e-04
16815	6.7983959456e-04	6.7983041749e-04
16816	6.7979978292e-04	6.7980432218e-04
16817	6.7978678132e-04	6.7978044570e-04
16818	6.7974387918e-04	6.7975647411e-04
16819	6.7973290797e-04	6.7973313158e-04
16820	6.7968734732e-04	6.7970984453e-04
16821	6.7967705744e-04	6.7968620367e-04
16822	6.7963158485e-04	6.7966319668e-04
16823	6.7962319021e-04	6.7963890464e-04
16824	6.7957863735e-04	6.7961516381e-04
16825	6.7957328080e-04	6.7958955392e-04
16826	6.7952760103e-04	6.7956447213e-04
16827	6.7952701679e-04	6.7953797223e-04
16828	6.7947821689e-04	6.7951226114e-04
16829	6.7948560213e-04	6.7948579825e-04
16830	6.7943310499e-04	6.7945997527e-04
16831	6.7945136320e-04	6.7943357605e-04
16832	6.7939496255e-04	6.7940737064e-04
16833	6.7942437905e-04	6.7938065040e-04
16834	6.7936312073e-04	6.7935383704e-04
16835	6.7939995171e-04	6.7932669588e-04
16836	6.7933128982e-04	6.7929920824e-04
16837	6.7936670423e-04	6.7927154573e-04
16838	6.7928612436e-04	6.7924317273e-04
16839	6.7930771991e-04	6.7921480224e-04
16840	6.7921325696e-04	6.7918543785e-04
16841	6.7921317853e-04	6.7915638540e-04
16842	6.7911510913e-04	6.7912622147e-04
16843	6.7909771715e-04	6.7909664933e-04
16844	6.7901810362e-04	6.7906590481e-04
16845	6.7899361865e-04	6.7903584618e-04
16846	6.7894818037e-04	6.7900459329e-04
16847	6.7892027709e-04	6.7897400328e-04
16848	6.7890583696e-04	6.7894228980e-04
16849	6.7887078758e-04	6.7891121442e-04
16850	6.7887247887e-04	6.7887913374e-04
16851	6.7882648637e-04	6.7884770265e-04
16852	6.7882999775e-04	6.7881534744e-04
16853	6.7877409687e-04	6.7878372675e-04
16854	6.7877140514e-04	6.7875122311e-04
16855	6.7871197200e-04	6.7871967173e-04
16856	6.7870121856e-04	6.7868728802e-04
16857	6.7864696725e-04	6.7865621845e-04
16858	6.7862931460e-04	6.7862440108e-04
16859	6.7858658592e-04	6.7859433637e-04
16860	6.7856311614e-04	6.7856362034e-04
16861	6.7853318957e-04	6.7853503656e-04
16862	6.7850403661e-04	6.7850583367e-04
16863	6.7848411710e-04	6.7847887820e-04
16864	6.7844933707e-04	6.7845114223e-04
16865	6.7843521582e-04	6.7842530176e-04
16866	6.7839567395e-04	6.7839830492e-04
16867	6.7838365430e-04	6.7837243248e-04
16868	6.7834111742e-04	6.7834514274e-04
16869	6.7832867707e-04	6.7831817913e-04
16870	6.7828536167e-04	6.7829011206e-04
16871	6.7827107933e-04	6.7826187924e-04
16872	6.7822906214e-04	6.7823341903e-04
16873	6.7821226650e-04	6.7820454896e-04
16874	6.7817302354e-04	6.7817640651e-04
16875	6.7815347973e-04	6.7814762770e-04
16876	6.7811772403e-04	6.7812020758e-04
16877	6.7809544429e-04	6.7809183158e-04
16878	6.7806321194e-04	6.7806503900e-04
16879	6.7803836325e-04	6.7803691812e-04
16880	6.7800925958e-04	6.7801032602e-04
16881	6.7798213024e-04	6.7798209496e-04
16882	6.7795558851e-04	6.7795524611e-04
16883	6.7792653071e-04	6.7792659827e-04
16884	6.7790198344e-04	6.7789923358e-04
16885	6.7787135055e-04	6.7787005669e-04
16886	6.7784833570e-04	6.7784217504e-04
16887	6.7781643416e-04	6.7781258725e-04
16888	6.7779463755e-04	6.7778448099e-04
16889	6.7776168880e-04	6.7775499499e-04
16890	6.7774095531e-04	6.7772747695e-04
16891	6.7770707905e-04	6.7769931037e-04
16892	6.7768740925e-04	6.7767385318e-04
16893	6.7765261117e-04	6.7764866271e-04
16894	6.7763415966e-04	6.7762643491e-04
16895	6.7759833633e-04	6.7760476313e-04
16896	6.7758143406e-04	6.7758489754e-04
16897	6.7754438384e-04	6.7756504615e-04
16898	6.7752957103e-04	6.7754501699e-04
16899	6.7749100139e-04	6.7752452611e-04
16900	6.7747909577e-04	6.7750257983e-04
16901	6.7743865319e-04	6.7748030669e-04
16902	6.7743086928e-04	6.7745650371e-04
16903	6.7738820111e-04	6.7743267104e-04
16904	6.7738631768e-04	6.7740777575e-04
16905	6.7734119324e-04	6.7738240734e-04
16906	6.7734773942e-04	6.7735605870e-04
16907	6.7730023342e-04	6.7732727951e-04
16908	6.7731850550e-04	6.7729660301e-04
16909	6.7726909876e-04	6.7725961771e-04
16910	6.7730240855e-04	6.7721845980e-04
16911	6.7725137199e-04	6.7716503874e-04
16912	6.7730015434e-04	6.7710438511e-04
16913	6.7724478119e-04	6.7702605425e-04
16914	6.7730044013e-04	6.7694404772e-04
16915	6.7723015233e-04	6.7685453885e-04
16916	6.7727081593e-04	6.7679167793e-04
16917	6.7717014125e-04	6.7676428760e-04
16918	6.7717467500e-04	6.7680406938e-04
16919	6.7704952147e-04	6.7689634480e-04
16920	6.7702596166e-04	6.7702184445e-04
16921	6.7692117009e-04	6.7714318495e-04
16922	6.7689846599e-04	6.7723731296e-04
16923	6.7685287207e-04	6.7730613060e-04
16924	6.7684133376e-04	6.7736023908e-04
16925	6.7684529893e-04	6.7742771442e-04
16926	6.7683450746e-04	6.7751339413e-04
16927	6.7685378973e-04	6.7761637246e-04
16928	6.7684032664e-04	6.7771745580e-04
16929	6.7685645319e-04	6.7780129494e-04
16930	6.7686620355e-04	6.7786657615e-04
16931	6.7689650707e-04	6.7791611424e-04
16932	6.7699338280e-04	6.7796697971e-04
16933	6.7709448641e-04	6.7801940704e-04
16934	6.7738163299e-04	6.7807623607e-04
16935	6.7765466837e-04	6.7812484046e-04
16936	6.7828001547e-04	6.7816122739e-04
16937	6.7885125706e-04	6.7818220654e-04
16938	6.7991414214e-04	6.7819310278e-04
16939	6.8066939883e-04	6.7819891527e-04
16940	6.8168934118e-04	6.7820323662e-04
16941	6.8162270600e-04	6.7820271319e-04
16942	6.8115690915e-04	6.7819530469e-04
16943	6.7938058853e-04	6.7817381872e-04
16944	6.7773307909e-04	6.7814128432e-04
16945	6.7646339615e-04	6.7809471236e-04
16946	6.7630664950e-04	6.7804085872e-04
16947	6.7700761484e-04	6.7797699652e-04
16948	6.7776586433e-04	6.7790545767e-04
16949	6.7830768505e-04	6.7782304601e-04
16950	6.7787423543e-04	6.7772901057e-04
16951	6.7718601288e-04	6.7762418650e-04
16952	6.7634774786e-04	6.7750824950e-04
16953	6.7608852312e-04	6.7738456071e-04
16954	6.7631660279e-04	6.7725209054e-04
16955	6.7669294639e-04	6.7711230415e-04
16956	6.7699809303e-04	6.7696416599e-04
16957	6.7678455860e-04	6.7680756137e-04
16958	6.7645635554e-04	6.7664526871e-04
16959	6.7602728993e-04	6.7647763555e-04
16960	6.7591178773e-04	6.7631305069e-04
16961	6.7602261941e-04	6.7615256511e-04
16962	6.7619272291e-04	6.7601035734e-04
16963	6.7631920514e-04	6.7588811738e-04
16964	6.7617761582e-04	6.7580543820e-04
16965	6.7600262716e-04	6.7575938426e-04
16966	6.7578544468e-04	6.7576344879e-04
16967	6.7572981796e-04	6.7579054601e-04
16968	6.7578208024e-04	6.7582813420e-04
16969	6.7584995328e-04	6.7583318317e-04
16970	6.7589920135e-04	6.7579980147e-04
16971	6.7581176729e-04	6.7573147634e-04
16972	6.7571411603e-04	6.7565676319e-04
16973	6.7559517559e-04	6.7560257112e-04
16974	6.7554873944e-04	6.7557535133e-04
16975	6.7556307065e-04	6.7557266023e-04
16976	6.7557638886e-04	6.7556720732e-04
16977	6.7559846327e-04	6.7554835281e-04
16978	6.7554390647e-04	6.7550808773e-04
16979	6.7549164688e-04	6.7546014292e-04
16980	6.7541760511e-04	6.7541912637e-04
16981	6.7537435845e-04	6.7539120380e-04
16982	6.7536584895e-04	6.7537650417e-04
16983	6.7535178239e-04	6.7536047173e-04
16984	6.7536172875e-04	6.7533834676e-04
16985	6.7532194353e-04	6.7530546123e-04
16986	6.7529668250e-04	6.7526948587e-04
16987	6.7524161995e-04	6.7523739894e-04
16988	6.7520676901e-04	6.7521180412e-04
16989	6.7518191547e-04	6.7519251324e-04
16990	6.7515825678e-04	6.7517182158e-04
16991	6.7515561971e-04	6.7514796961e-04
16992	6.7512378845e-04	6.7511890590e-04
16993	6.7511099130e-04	6.7508861752e-04
16994	6.7506656007e-04	6.7506060741e-04
16995	6.7504192387e-04	6.7503569169e-04
16996	6.7500642536e-04	6.7501398183e-04
16997	6.7498254858e-04	6.7499142564e-04
16998	6.7496424910e-04	6.7496742085e-04
16999	6.7493886798e-04	6.7494086593e-04
17000	6.7492481750e-04	6.7491352519e-04
17001	6.7489175840e-04	6.7488732291e-04
17002	6.7487232276e-04	6.7486234211e-04
17003	6.7483720825e-04	6.7483925166e-04
17004	6.7481467613e-04	6.7481570754e-04
17005	6.7478644273e-04	6.7479180405e-04
17006	6.7476349652e-04	6.7476652540e-04
17007	6.7474210991e-04	6.7474074496e-04
17008	6.7471673392e-04	6.7471533518e-04
17009	6.7469629141e-04	6.7469033580e-04
17010	6.7466772854e-04	6.7466647979e-04
17011	6.7464507941e-04	6.7464245888e-04
17012	6.7461668161e-04	6.7461858510e-04
17013	6.7459249102e-04	6.7459396956e-04
17014	6.7456753139e-04	6.7456902605e-04
17015	6.7454252943e-04	6.7454409251e-04
17016	6.7452072231e-04	6.7451912435e-04
17017	6.7449451545e-04	6.7449490938e-04
17018	6.7447341535e-04	6.7447050779e-04
17019	6.7444613888e-04	6.7444665611e-04
17020	6.7442399799e-04	6.7442220268e-04
17021	6.7439704985e-04	6.7439792294e-04
17022	6.7437351771e-04	6.7437315553e-04
17023	6.7434833067e-04	6.7434858597e-04
17024	6.7432356974e-04	6.7432393385e-04
17025	6.7430045288e-04	6.7429955304e-04
17026	6.7427457241e-04	6.7427512596e-04
17027	6.7425279488e-04	6.7425088627e-04
17028	6.7422598218e-04	6.7422623627e-04
17029	6.7420456364e-04	6.7420181801e-04
17030	6.7417731507e-04	6.7417653398e-04
17031	6.7415563166e-04	6.7415178759e-04
17032	6.7412860734e-04	6.7412563624e-04
17033	6.7410645544e-04	6.7410032845e-04
17034	6.7408010947e-04	6.7407283268e-04
17035	6.7405751724e-04	6.7404629360e-04
17036	6.7403187283e-04	6.7401687111e-04
17037	6.7400897063e-04	6.7398884470e-04
17038	6.7398368078e-04	6.7395877286e-04
17039	6.7396072466e-04	6.7393238532e-04
17040	6.7393530779e-04	6.7390739313e-04
17041	6.7391271866e-04	6.7388929508e-04
17042	6.7388669686e-04	6.7387429323e-04
17043	6.7386500892e-04	6.7386363420e-04
17044	6.7383792985e-04	6.7385295129e-04
17045	6.7381777180e-04	6.7384032232e-04
17046	6.7378920332e-04	6.7382627495e-04
17047	6.7377136148e-04	6.7380937816e-04
17048	6.7374086150e-04	6.7379379572e-04
17049	6.7372644356e-04	6.7377821368e-04
17050	6.7369355411e-04	6.7376521654e-04
17051	6.7368432962e-04	6.7375249568e-04
17052	6.7364870339e-04	6.7373917709e-04
17053	6.7364777081e-04	6.7372510003e-04
17054	6.7360965172e-04	6.7370826736e-04
17055	6.7362260452e-04	6.7369182420e-04
17056	6.7358399318e-04	6.7367361761e-04
17057	6.7362047416e-04	6.7365698259e-04
17058	6.7358709462e-04	6.7363920916e-04
17059	6.7366061521e-04	6.7362167246e-04
17060	6.7364150370e-04	6.7360254123e-04
17061	6.7375706669e-04	6.7358209253e-04
17062	6.7374577568e-04	6.7356031673e-04
17063	6.7385697685e-04	6.7353742229e-04
17064	6.7378260889e-04	6.7351353350e-04
17065	6.7377875145e-04	6.7348901588e-04
17066	6.7356886817e-04	6.7346226925e-04
17067	6.7346280052e-04	6.7343469712e-04
17068	6.7328584705e-04	6.7340265552e-04
17069	6.7324526608e-04	6.7336950116e-04
17070	6.7326640020e-04	6.7332975667e-04
17071	6.7328267392e-04	6.7328856594e-04
17072	6.7335525412e-04	6.7323880936e-04
17073	6.7329442948e-04	6.7318771341e-04
17074	6.7327180310e-04	6.7312820507e-04
17075	6.7315145518e-04	6.7307246955e-04
17076	6.7309827957e-04	6.7301728872e-04
17077	6.7306823250e-04	6.7298196021e-04
17078	6.7304734311e-04	6.7296622171e-04
17079	6.7309630138e-04	6.7298564731e-04
17080	6.7304815887e-04	6.7303046973e-04
17081	6.7306849636e-04	6.7309771292e-04
17082	6.7297833537e-04	6.7316831184e-04
17083	6.7296917069e-04	6.7323329438e-04
17084	6.7291632288e-04	6.7328416408e-04
17085	6.7292097680e-04	6.7332245421e-04
17086	6.7292495014e-04	6.7335478247e-04
17087	6.7293116508e-04	6.7338862040e-04
17088	6.7293803672e-04	6.7343163209e-04
17089	6.7294296853e-04	6.7348485523e-04
17090	6.7294145220e-04	6.7354444123e-04
17091	6.7300037580e-04	6.7360395381e-04
17092	6.7302526656e-04	6.7365310607e-04
17093	6.7319082567e-04	6.7369087411e-04
17094	6.7327181639e-04	6.7371326806e-04
17095	6.7356977935e-04	6.7372836346e-04
17096	6.7374407215e-04	6.7373799377e-04
17097	6.7420946162e-04	6.7374808254e-04
17098	6.7450775404e-04	6.7375787836e-04
17099	6.7511072755e-04	6.7376548111e-04
17100	6.7538830139e-04	6.7376767017e-04
17101	6.7580714300e-04	6.7376040059e-04
17102	6.7559603172e-04	6.7374390937e-04
17103	6.7529860849e-04	6.7371780841e-04
17104	6.7437247725e-04	6.7368479148e-04
17105	6.7356059221e-04	6.7364606688e-04
17106	6.7273868448e-04	6.7360236590e-04
17107	6.7240186975e-04	6.7355371343e-04
17108	6.7242190417e-04	6.7349867804e-04
17109	6.7269834757e-04	6.7343719153e-04
17110	6.7310757214e-04	6.7336805684e-04
17111	6.7326501824e-04	6.7329210462e-04
17112	6.7333904517e-04	6.7320879535e-04
17113	6.7301565289e-04	6.7311949424e-04
17114	6.7273599432e-04	6.7302335132e-04
17115	6.7234801509e-04	6.7292256436e-04
17116	6.7219940933e-04	6.7281571975e-04
17117	6.7216666188e-04	6.7270659608e-04
17118	6.7225799144e-04	6.7259321501e-04
17119	6.7241990036e-04	6.7248116083e-04
17120	6.7244868463e-04	6.7236811448e-04
17121	6.7248795065e-04	6.7226170194e-04
17122	6.7231863867e-04	6.7216017827e-04
17123	6.7222106534e-04	6.7207374266e-04
17124	6.7203671810e-04	6.7200111152e-04
17125	6.7197729239e-04	6.7195358152e-04
17126	6.7194402506e-04	6.7192593904e-04
17127	6.7196055684e-04	6.7192424040e-04
17128	6.7202152997e-04	6.7193223407e-04
17129	6.7200812509e-04	6.7194603124e-04
17130	6.7203575188e-04	6.7194472296e-04
17131	6.7194339377e-04	6.7192689788e-04
17132	6.7191235948e-04	6.7188792911e-04
17133	6.7180811568e-04	6.7183907456e-04
17134	6.7177278900e-04	6.7178980723e-04
17135	6.7172977188e-04	6.7174907441e-04
17136	6.7171484409e-04	6.7172256333e-04
17137	6.7172737131e-04	6.7170529431e-04
17138	6.7170513481e-04	6.7169536937e-04
17139	6.7172255867e-04	6.7168119570e-04
17140	6.7167071743e-04	6.7166222229e-04
17141	6.7166474638e-04	6.7163395019e-04
17142	6.7159969872e-04	6.7160174866e-04
17143	6.7157809156e-04	6.7156889839e-04
17144	6.7153102901e-04	6.7153915996e-04
17145	6.7150793073e-04	6.7151563891e-04
17146	6.7149011217e-04	6.7149505165e-04
17147	6.7146574473e-04	6.7147816000e-04
17148	6.7146458299e-04	6.7145863555e-04
17149	6.7143228229e-04	6.7143799922e-04
17150	6.7143046093e-04	6.7141309615e-04
17151	6.7139005624e-04	6.7138698266e-04
17152	6.7137961286e-04	6.7136039254e-04
17153	6.7133893416e-04	6.7133476683e-04
17154	6.7132082236e-04	6.7131192117e-04
17155	6.7128803751e-04	6.7128980240e-04
17156	6.7126555637e-04	6.7127000288e-04
17157	6.7124317434e-04	6.7124877199e-04
17158	6.7121807509e-04	6.7122793524e-04
17159	6.7120316045e-04	6.7120486503e-04
17160	6.7117583126e-04	6.7118157578e-04
17161	6.7116353047e-04	6.7115748601e-04
17162	6.7113440066e-04	6.7113365977e-04
17163	6.7112095798e-04	6.7111074339e-04
17164	6.7109113220e-04	6.7108811655e-04
17165	6.7107498348e-04	6.7106676458e-04
17166	6.7104590700e-04	6.7104500713e-04
17167	6.7102717703e-04	6.7102384001e-04
17168	6.7099994853e-04	6.7100179838e-04
17169	6.7097943910e-04	6.7097968905e-04
17170	6.7095445463e-04	6.7095706877e-04
17171	6.7093290217e-04	6.7093417057e-04
17172	6.7090996166e-04	6.7091158038e-04
17173	6.7088775304e-04	6.7088864895e-04
17174	6.7086637955e-04	6.7086660821e-04
17175	6.7084358243e-04	6.7084401529e-04
17176	6.7082328453e-04	6.7082240120e-04
17177	6.7079979477e-04	6.7079993178e-04
17178	6.7078022684e-04	6.7077822940e-04
17179	6.7075595284e-04	6.7075545306e-04
17180	6.7073697161e-04	6.7073320076e-04
17181	6.7071192545e-04	6.7070974200e-04
17182	6.7069349880e-04	6.7068662242e-04
17183	6.7066776664e-04	6.7066202307e-04
17184	6.7064986951e-04	6.7063753093e-04
17185	6.7062357221e-04	6.7061078297e-04
17186	6.7060615699e-04	6.7058362683e-04
17187	6.7057942646e-04	6.7055249281e-04
17188	6.7056246146e-04	6.7051985027e-04
17189	6.7053542595e-04	6.7048016915e-04
17190	6.7051892213e-04	6.7043738210e-04
17191	6.7049165207e-04	6.7038388742e-04
17192	6.7047568575e-04	6.7032781277e-04
17193	6.7044817954e-04	6.7026235723e-04
17194	6.7043296699e-04	6.7020599596e-04
17195	6.7040517344e-04	6.7015848541e-04
17196	6.7039113435e-04	6.7014804857e-04
17197	6.7036296703e-04	6.7017337603e-04
17198	6.7035081716e-04	6.7024548199e-04
17199	6.7032221903e-04	6.7034264475e-04
17200	6.7031315834e-04	6.7044933710e-04
17201	6.7028425733e-04	6.7054430185e-04
17202	6.7028034890e-04	6.7061931803e-04
17203	6.7025181947e-04	6.7067962186e-04
17204	6.7025675216e-04	6.7073230029e-04
17205	6.7023060460e-04	6.7079372950e-04
17206	6.7025124216e-04	6.7086494881e-04
17207	6.7023257351e-04	6.7094712648e-04
17208	6.7028217311e-04	6.7102832749e-04
17209	6.7028296206e-04	6.7110054738e-04
17210	6.7038753654e-04	6.7115877143e-04
17211	6.7043401784e-04	6.7120312887e-04
17212	6.7064325991e-04	6.7124096593e-04
17213	6.7078644777e-04	6.7127547703e-04
17214	6.7118402274e-04	6.7131152235e-04
17215	6.7149678188e-04	6.7134563383e-04
17216	6.7216946525e-04	6.7137464727e-04
17217	6.7265434520e-04	6.7139397821e-04
17218	6.7349229145e-04	6.7140127009e-04
17219	6.7378298218e-04	6.7139819614e-04
17220	6.7412445490e-04	6.7138600517e-04
17221	6.7344379790e-04	6.7136832804e-04
17222	6.7264229741e-04	6.7134527406e-04
17223	6.7123261276e-04	6.7131651700e-04
17224	6.7032589824e-04	6.7128050821e-04
17225	6.6980646981e-04	6.7123457373e-04
17226	6.6997508708e-04	6.7117941161e-04
17227	6.7049437837e-04	6.7111329610e-04
17228	6.7092420654e-04	6.7103962082e-04
17229	6.7117980183e-04	6.7095705408e-04
17230	6.7086266317e-04	6.7086866793e-04
17231	6.7043800936e-04	6.7077227800e-04
17232	6.6986846254e-04	6.7066941453e-04
17233	6.6963327378e-04	6.7055805502e-04
17234	6.6964371896e-04	6.7043967590e-04
17235	6.6985735173e-04	6.7031372452e-04
17236	6.7010509330e-04	6.7018304544e-04
17237	6.7014027915e-04	6.7004814150e-04
17238	6.7005202107e-04	6.6991390240e-04
17239	6.6977273775e-04	6.6978089970e-04
17240	6.6955387438e-04	6.6965740154e-04
17241	6.6942164286e-04	6.6954379892e-04
17242	6.6942549817e-04	6.6945327863e-04
17243	6.6953556590e-04	6.6938429300e-04
17244	6.6959717420e-04	6.6935182452e-04
17245	6.6964149146e-04	6.6934380007e-04
17246	6.6954723131e-04	6.6936502855e-04
17247	6.6944643521e-04	6.6938518782e-04
17248	6.6932382603e-04	6.6939780043e-04
17249	6.6925498968e-04	6.6937894764e-04
17250	6.6925828055e-04	6.6933736846e-04
17251	6.6926269871e-04	6.6928042402e-04
17252	6.6931568821e-04	6.6922743222e-04
17253	6.6928514624e-04	6.6919101004e-04
17254	6.6927563166e-04	6.6917131137e-04
17255	6.6919155593e-04	6.6916592033e-04
17256	6.6914356252e-04	6.6915790785e-04
17257	6.6908821860e-04	6.6914275421e-04
17258	6.6906333666e-04	6.6911330370e-04
17259	6.6906659853e-04	6.6907756860e-04
17260	6.6905301130e-04	6.6904204914e-04
17261	6.6906660857e-04	6.6901363309e-04
17262	6.6902749472e-04	6.6899477451e-04
17263	6.6901642436e-04	6.6898020235e-04
17264	6.6896032445e-04	6.6896649214e-04
17265	6.6893778375e-04	6.6894699883e-04
17266	6.6889777952e-04	6.6892251603e-04
17267	6.6888193411e-04	6.6889445113e-04
17268	6.6886604620e-04	6.6886690887e-04
17269	6.6885122305e-04	6.6884314624e-04
17270	6.6884167229e-04	6.6882273885e-04
17271	6.6881636040e-04	6.6880530504e-04
17272	6.6879931894e-04	6.6878713940e-04
17273	6.6876661246e-04	6.6876731034e-04
17274	6.6874386437e-04	6.6874501143e-04
17275	6.6871563074e-04	6.6872106184e-04
17276	6.6869327323e-04	6.6869786475e-04
17277	6.6867491590e-04	6.6867522300e-04
17278	6.6865324687e-04	6.6865527278e-04
17279	6.6864049712e-04	6.6863528775e-04
17280	6.6861628820e-04	6.6861645570e-04
17281	6.6860267190e-04	6.6859579174e-04
17282	6.6857540354e-04	6.6857487682e-04
17283	6.6855830653e-04	6.6855234223e-04
17284	6.6853120853e-04	6.6853008887e-04
17285	6.6851147593e-04	6.6850752576e-04
17286	6.6848802493e-04	6.6848586810e-04
17287	6.6846683155e-04	6.6846385004e-04
17288	6.6844793159e-04	6.6844227804e-04
17289	6.6842530246e-04	6.6841889993e-04
17290	6.6840948192e-04	6.6839553256e-04
17291	6.6838499170e-04	6.6836941768e-04
17292	6.6837025373e-04	6.6834447417e-04
17293	6.6834408523e-04	6.6831822826e-04
17294	6.6832924364e-04	6.6829666559e-04
17295	6.6830227397e-04	6.6827713989e-04
17296	6.6828711391e-04	6.6826495481e-04
17297	6.6826027443e-04	6.6825482895e-04
17298	6.6824513932e-04	6.6824797992e-04
17299	6.6821881347e-04	6.6823972935e-04
17300	6.6820426924e-04	6.6822930142e-04
17301	6.6817812691e-04	6.6821724731e-04
17302	6.6816498807e-04	6.6820341327e-04
17303	6.6813820009e-04	6.6819106396e-04
17304	6.6812781284e-04	6.6817949832e-04
17305	6.6809938808e-04	6.6816991436e-04
17306	6.6809406713e-04	6.6816079091e-04
17307	6.6806324880e-04	6.6815033980e-04
17308	6.6806696714e-04	6.6813956690e-04
17309	6.6803387924e-04	6.6812576604e-04
17310	6.6805340843e-04	6.6811295581e-04
17311	6.6802037151e-04	6.6809791493e-04
17312	6.6806660753e-04	6.6808479308e-04
17313	6.6803990352e-04	6.6806953937e-04
17314	6.6812600055e-04	6.6805488617e-04
17315	6.6811293704e-04	6.6803735586e-04
17316	6.6823646659e-04	6.6801927374e-04
17317	6.6821948703e-04	6.6799832472e-04
17318	6.6831818542e-04	6.6797740153e-04
17319	6.6821488046e-04	6.6795376391e-04
17320	6.6819190854e-04	6.6793128922e-04
17321	6.6797365534e-04	6.6790555122e-04
17322	6.6789248090e-04	6.6788257320e-04
17323	6.6776042482e-04	6.6785676537e-04
17324	6.6776144570e-04	6.6783715716e-04
17325	6.6780538591e-04	6.6781800718e-04
17326	6.6783453443e-04	6.6780984103e-04
17327	6.6788429665e-04	6.6780669413e-04
17328	6.6782918611e-04	6.6781686247e-04
17329	6.6778762675e-04	6.6783349749e-04
17330	6.6770559529e-04	6.6785980558e-04
17331	6.6765412493e-04	6.6788881689e-04
17332	6.6767444690e-04	6.6791963512e-04
17333	6.6764974116e-04	6.6794742674e-04
17334	6.6773560818e-04	6.6797042840e-04
17335	6.6768034846e-04	6.6798724890e-04
17336	6.6774436093e-04	6.6799737456e-04
17337	6.6766418655e-04	6.6800207467e-04
17338	6.6772337282e-04	6.6800243398e-04
17339	6.6769733198e-04	6.6800051172e-04
17340	6.6779394666e-04	6.6799845579e-04
17341	6.6783296256e-04	6.6799725812e-04
17342	6.6795827296e-04	6.6799922392e-04
17343	6.6801234247e-04	6.6800286673e-04
17344	6.6816694889e-04	6.6800931714e-04
17345	6.6821913174e-04	6.6801372849e-04
17346	6.6843175858e-04	6.6801599902e-04
17347	6.6847178804e-04	6.6801007584e-04
17348	6.6871127720e-04	6.6799817822e-04
17349	6.6866830448e-04	6.6797810243e-04
17350	6.6881105734e-04	6.6795377815e-04
17351	6.6859320749e-04	6.6792601853e-04
17352	6.6853146625e-04	6.6789609475e-04
17353	6.6815204148e-04	6.6786376806e-04
17354	6.6792810287e-04	6.6782805245e-04
17355	6.6755116695e-04	6.6778759947e-04
17356	6.6733486072e-04	6.6774305520e-04
17357	6.6713375012e-04	6.6769329149e-04
17358	6.6704647648e-04	6.6764221035e-04
17359	6.6705046664e-04	6.6758696668e-04
17360	6.6707221324e-04	6.6753239088e-04
17361	6.6718298877e-04	6.6747330324e-04
17362	6.6721780459e-04	6.6741415624e-04
17363	6.6731556996e-04	6.6735002748e-04
17364	6.6728488318e-04	6.6728547434e-04
17365	6.6730479702e-04	6.6721788480e-04
17366	6.6719678025e-04	6.6715131862e-04
17367	6.6714996940e-04	6.6708460812e-04
17368	6.6701385997e-04	6.6702087516e-04
17369	6.6695312444e-04	6.6695892003e-04
17370	6.6684837482e-04	6.6690235842e-04
17371	6.6681170367e-04	6.6684933508e-04
17372	6.6676344652e-04	6.6680536752e-04
17373	6.6675117792e-04	6.6676683723e-04
17374	6.6674916988e-04	6.6674041906e-04
17375	6.6674109677e-04	6.6671927936e-04
17376	6.6676186993e-04	6.6670908529e-04
17377	6.6673982756e-04	6.6670008734e-04
17378	6.6676268153e-04	6.6669580611e-04
17379	6.6672022159e-04	6.6668681646e-04
17380	6.6673314822e-04	6.6667540122e-04
17381	6.6667532945e-04	6.6665659621e-04
17382	6.6667548798e-04	6.6663252200e-04
17383	6.6661371249e-04	6.6660379054e-04
17384	6.6660398742e-04	6.6657168463e-04
17385	6.6654889684e-04	6.6654020550e-04
17386	6.6653329664e-04	6.6650837939e-04
17387	6.6649006731e-04	6.6648106755e-04
17388	6.6647135340e-04	6.6645448142e-04
17389	6.6643982728e-04	6.6643313232e-04
17390	6.6641956554e-04	6.6641087937e-04
17391	6.6639697092e-04	6.6639200192e-04
17392	6.6637605337e-04	6.6636907148e-04
17393	6.6635925610e-04	6.6634702599e-04
17394	6.6633793583e-04	6.6631817650e-04
17395	6.6632455284e-04	6.6628900935e-04
17396	6.6630247576e-04	6.6625213480e-04
17397	6.6629132146e-04	6.6621633409e-04
17398	6.6626787803e-04	6.6617521775e-04
17399	6.6625889565e-04	6.6614089946e-04
17400	6.6623358659e-04	6.6610926240e-04
17401	6.6622741790e-04	6.6609518342e-04
17402	6.6620005318e-04	6.6609572130e-04
17403	6.6619765633e-04	6.6612174977e-04
17404	6.6616846437e-04	6.6616616554e-04
17405	6.6617103623e-04	6.6622816512e-04
17406	6.6614073968e-04	6.6629677998e-04
17407	6.6614998327e-04	6.6636431389e-04
17408	6.6611992157e-04	6.6642526277e-04
17409	6.6613871602e-04	6.6647443733e-04
17410	6.6611122102e-04	6.6651610320e-04
17411	6.6614477971e-04	6.6654868142e-04
17412	6.6612405116e-04	6.6658135170e-04
17413	6.6618165101e-04	6.6661200249e-04
17414	6.6617533745e-04	6.6664744418e-04
17415	6.6627278343e-04	6.6668251761e-04
17416	6.6629423051e-04	6.6671883940e-04
17417	6.6645644609e-04	6.6675073244e-04
17418	6.6652580918e-04	6.6677734654e-04
17419	6.6678536386e-04	6.6679655378e-04
17420	6.6692183861e-04	6.6680769882e-04
17421	6.6729886747e-04	6.6681280972e-04
17422	6.6748428405e-04	6.6681112947e-04
17423	6.6792200779e-04	6.6680641443e-04
17424	6.6802335515e-04	6.6679659824e-04
17425	6.6830023778e-04	6.6678479754e-04
17426	6.6805765226e-04	6.6676771325e-04
17427	6.6789503832e-04	6.6674726470e-04
17428	6.6723171555e-04	6.6672027666e-04
17429	6.6673689865e-04	6.6668810614e-04
17430	6.6609064940e-04	6.6664885331e-04
17431	6.6577959040e-04	6.6660373927e-04
17432	6.6561483665e-04	6.6655219570e-04
17433	6.6568802034e-04	6.6649519447e-04
17434	6.6590495547e-04	6.6643283053e-04
17435	6.6606475971e-04	6.6636571016e-04
17436	6.6626576592e-04	6.6629392263e-04
17437	6.6620425155e-04	6.6621799658e-04
17438	6.6617446500e-04	6.6613768939e-04
17439	6.6590568693e-04	6.6605408761e-04
17440	6.6575747386e-04	6.6596655725e-04
17441	6.6552910515e-04	6.6587746162e-04
17442	6.6546468529e-04	6.6578578127e-04
17443	6.6542328405e-04	6.6569579661e-04
17444	6.6546137024e-04	6.6560605645e-04
17445	6.6553080695e-04	6.6552326817e-04
17446	6.6555106173e-04	6.6544528580e-04
17447	6.6559722428e-04	6.6538129818e-04
17448	6.6552687767e-04	6.6532739442e-04
17449	6.6550797963e-04	6.6529380187e-04
17450	6.6538695519e-04	6.6527215291e-04
17451	6.6534914128e-04	6.6526997515e-04
17452	6.6525639571e-04	6.6527198279e-04
17453	6.6524387098e-04	6.6528070612e-04
17454	6.6521026492e-04	6.6527880614e-04
17455	6.6521596532e-04	6.6526908351e-04
17456	6.6521748122e-04	6.6524338776e-04
17457	6.6520933169e-04	6.6520972995e-04
17458	6.6521239452e-04	6.6517054894e-04
17459	6.6517470509e-04	6.6513330692e-04
17460	6.6516705237e-04	6.6510267303e-04
17461	6.6511039917e-04	6.6507872317e-04
17462	6.6509845672e-04	6.6506350784e-04
17463	6.6504314853e-04	6.6505033339e-04
17464	6.6503506567e-04	6.6503981380e-04
17465	6.6499349901e-04	6.6502456303e-04
17466	6.6498913567e-04	6.6500692116e-04
17467	6.6496166483e-04	6.6498377735e-04
17468	6.6495481770e-04	6.6495913005e-04
17469	6.6493592278e-04	6.6493354420e-04
17470	6.6492111702e-04	6.6490943369e-04
17471	6.6490602874e-04	6.6488814633e-04
17472	6.6488215429e-04	6.6486868224e-04
17473	6.6486906651e-04	6.6485205571e-04
17474	6.6483864934e-04	6.6483505616e-04
17475	6.6482758981e-04	6.6481892114e-04
17476	6.6479428168e-04	6.6480060538e-04
17477	6.6478534786e-04	6.6478196678e-04
17478	6.6475202270e-04	6.6476145115e-04
17479	6.6474459100e-04	6.6474084932e-04
17480	6.6471276658e-04	6.6471995443e-04
17481	6.6470567311e-04	6.6469942480e-04
17482	6.6467581103e-04	6.6467986245e-04
17483	6.6466788131e-04	6.6466035052e-04
17484	6.6463994767e-04	6.6464212205e-04
17485	6.6463037316e-04	6.6462298010e-04
17486	6.6460423208e-04	6.6460487584e-04
17487	6.6459264996e-04	6.6458485076e-04
17488	6.6456821498e-04	6.6456559387e-04
17489	6.6455461329e-04	6.6454363535e-04
17490	6.6453184807e-04	6.6452225680e-04
17491	6.6451640540e-04	6.6449728595e-04
17492	6.6449527910e-04	6.6447244923e-04
17493	6.6447823444e-04	6.6444231716e-04
17494	6.6445871457e-04	6.6441120196e-04
17495	6.6444028917e-04	6.6437176508e-04
17496	6.6442235853e-04	6.6432993465e-04
17497	6.6440271300e-04	6.6427669937e-04
17498	6.6438641183e-04	6.6422307120e-04
17499	6.6436563940e-04	6.6416187229e-04
17500	6.6435112848e-04	6.6411528946e-04
17501	6.6432926381e-04	6.6408240775e-04
17502	6.6431691405e-04	6.6409146095e-04
17503	6.6429396891e-04	6.6413641690e-04
17504	6.6428450670e-04	6.6422358115e-04
17505	6.6426054773e-04	6.6432858663e-04
17506	6.6425529772e-04	6.6443627458e-04
17507	6.6423062142e-04	6.6452974263e-04
17508	6.6423197407e-04	6.6460362745e-04
17509	6.6420751677e-04	6.6466705225e-04
17510	6.6421985386e-04	6.6472593387e-04
17511	6.6419811216e-04	6.6479655543e-04
17512	6.6422967770e-04	6.6487592395e-04
17513	6.6421674867e-04	6.6496453319e-04
17514	6.6428341718e-04	6.6504897685e-04
17515	6.6429327904e-04	6.6512299016e-04
17516	6.6442572314e-04	6.6518266686e-04
17517	6.6448807572e-04	6.6522937302e-04
17518	6.6474297580e-04	6.6527076884e-04
17519	6.6491225930e-04	6.6530929117e-04
17520	6.6537796736e-04	6.6534928798e-04
17521	6.6571922598e-04	6.6538633546e-04
17522	6.6646244097e-04	6.6541746652e-04
17523	6.6692620676e-04	6.6543811189e-04
17524	6.6775056975e-04	6.6544643604e-04
17525	6.6787232711e-04	6.6544435375e-04
17526	6.6804599821e-04	6.6543309831e-04
17527	6.6714054558e-04	6.6541638591e-04
17528	6.6626770092e-04	6.6539400359e-04
17529	6.6492464818e-04	6.6536583270e-04
17530	6.6422796619e-04	6.6533004500e-04
17531	6.6392240315e-04	6.6528427420e-04
17532	6.6421503954e-04	6.6522890328e-04
17533	6.6474740682e-04	6.6516245176e-04
17534	6.6507231456e-04	6.6508797350e-04
17535	6.6521604633e-04	6.6500442754e-04
17536	6.6479103265e-04	6.6491468736e-04
17537	6.6436262088e-04	6.6481695971e-04
17538	6.6383687985e-04	6.6471270875e-04
17539	6.6368870829e-04	6.6460020500e-04
17540	6.6375896080e-04	6.6448095126e-04
17541	6.6398375961e-04	6.6435445101e-04
17542	6.6421465373e-04	6.6422389586e-04
17543	6.6420033823e-04	6.6408964346e-04
17544	6.6409432917e-04	6.6395759730e-04
17545	6.6379866015e-04	6.6382792213e-04
17546	6.6360766865e-04	6.6371066276e-04
17547	6.6349033882e-04	6.6360507409e-04
17548	6.6352105617e-04	6.6352633618e-04
17549	6.6363465064e-04	6.6346985605e-04
17550	6.6369840847e-04	6.6345132645e-04
17551	6.6373848131e-04	6.6345293613e-04
17552	6.6364084538e-04	6.6347918415e-04
17553	6.6354272472e-04	6.6349625859e-04
17554	6.6341879472e-04	6.6350189935e-04
17555	6.6335550000e-04	6.6347562195e-04
17556	6.6335552354e-04	6.6343160995e-04
17557	6.6336644038e-04	6.6337814061e-04
17558	6.6341808548e-04	6.6333314294e-04
17559	6.6339951369e-04	6.6330617519e-04
17560	6.6339196007e-04	6.6329374142e-04
17561	6.6332129728e-04	6.6329258329e-04
17562	6.6327148165e-04	6.6328513893e-04
17563	6.6322392872e-04	6.6326975397e-04
17564	6.6319224638e-04	6.6324054072e-04
17565	6.6320004161e-04	6.6320740407e-04
17566	6.6318271153e-04	6.6317617246e-04
17567	6.6320255003e-04	6.6315281695e-04
17568	6.6316709364e-04	6.6313863546e-04
17569	6.6316137374e-04	6.6312750361e-04
17570	6.6311276796e-04	6.6311641080e-04
17571	6.6308923311e-04	6.6309891048e-04
17572	6.6305757700e-04	6.6307682384e-04
17573	6.6303491728e-04	6.6305153169e-04
17574	6.6303003086e-04	6.6302734002e-04
17575	6.6300743290e-04	6.6300713501e-04
17576	6.6301272702e-04	6.6299021438e-04
17577	6.6298116241e-04	6.6297624204e-04
17578	6.6297971827e-04	6.6296124002e-04
17579	6.6294153361e-04	6.6294472993e-04
17580	6.6293094270e-04	6.6292545173e-04
17581	6.6289783882e-04	6.6290479371e-04
17582	6.6288298697e-04	6.6288445823e-04
17583	6.6286232200e-04	6.6286502916e-04
17584	6.6284501409e-04	6.6284781786e-04
17585	6.6283436526e-04	6.6283120121e-04
17586	6.6281275197e-04	6.6281527769e-04
17587	6.6280528586e-04	6.6279841175e-04
17588	6.6277890099e-04	6.6278061853e-04
17589	6.6276996577e-04	6.6276221015e-04
17590	6.6274176057e-04	6.6274306789e-04
17591	6.6273033954e-04	6.6272489882e-04
17592	6.6270431573e-04	6.6270647541e-04
17593	6.6269096489e-04	6.6268962625e-04
17594	6.6266928066e-04	6.6267209755e-04
17595	6.6265425670e-04	6.6265551476e-04
17596	6.6263646312e-04	6.6263770691e-04
17597	6.6261958672e-04	6.6262025615e-04
17598	6.6260383523e-04	6.6260176574e-04
17599	6.6258526026e-04	6.6258365221e-04
17600	6.6256977188e-04	6.6256501423e-04
17601	6.6255033277e-04	6.6254691983e-04
17602	6.6253406331e-04	6.6252832067e-04
17603	6.6251496689e-04	6.6251020713e-04
17604	6.6249750268e-04	6.6249095765e-04
17605	6.6247976174e-04	6.6247213894e-04
17606	6.6246095001e-04	6.6245145976e-04
17607	6.6244508039e-04	6.6243165069e-04
17608	6.6242485277e-04	6.6241006796e-04
17609	6.6241094145e-04	6.6239082138e-04
17610	6.6238926896e-04	6.6237140907e-04
17611	6.6237717019e-04	6.6235657634e-04
17612	6.6235404715e-04	6.6234337230e-04
17613	6.6234361243e-04	6.6233482787e-04
17614	6.6231903850e-04	6.6232723078e-04
17615	6.6231028883e-04	6.6232048164e-04
17616	6.6228422245e-04	6.6231304885e-04
17617	6.6227749281e-04	6.6230299578e-04
17618	6.6224982280e-04	6.6229275512e-04
17619	6.6224588248e-04	6.6227967746e-04
17620	6.6221639514e-04	6.6226835039e-04
17621	6.6221662607e-04	6.6225514251e-04
17622	6.6218509806e-04	6.6224410707e-04
17623	6.6219187256e-04	6.6223066776e-04
17624	6.6215838120e-04	6.6221733493e-04
17625	6.6217563321e-04	6.6219993861e-04
17626	6.6214118318e-04	6.6218043519e-04
17627	6.6217502627e-04	6.6215537964e-04
17628	6.6214244728e-04	6.6212755365e-04
17629	6.6220061900e-04	6.6209298508e-04
17630	6.6217419265e-04	6.6205695582e-04
17631	6.6225987550e-04	6.6201477672e-04
17632	6.6223764175e-04	6.6197767801e-04
17633	6.6233048402e-04	6.6194277793e-04
17634	6.6228357331e-04	6.6192909735e-04
17635	6.6232494019e-04	6.6193469961e-04
17636	6.6220590322e-04	6.6197498278e-04
17637	6.6216152824e-04	6.6203899511e-04
17638	6.6201181186e-04	6.6212380361e-04
17639	6.6195110324e-04	6.6221172854e-04
17640	6.6190351325e-04	6.6229205799e-04
17641	6.6188508499e-04	6.6235907352e-04
17642	6.6195695696e-04	6.6240925126e-04
17643	6.6193941751e-04	6.6245296477e-04
17644	6.6203381969e-04	6.6249100475e-04
17645	6.6196901927e-04	6.6253634281e-04
17646	6.6203585333e-04	6.6258460986e-04
17647	6.6196364404e-04	6.6263903636e-04
17648	6.6205055910e-04	6.6269036112e-04
17649	6.6206462533e-04	6.6273548283e-04
17650	6.6223602310e-04	6.6277007990e-04
17651	6.6237383848e-04	6.6279320611e-04
17652	6.6266436941e-04	6.6280839460e-04
17653	6.6291214100e-04	6.6281705879e-04
17654	6.6335257640e-04	6.6282385116e-04
17655	6.6368094641e-04	6.6282905959e-04
17656	6.6424237075e-04	6.6283248048e-04
17657	6.6448379302e-04	6.6283387660e-04
17658	6.6486805012e-04	6.6282896618e-04
17659	6.6459220576e-04	6.6282029706e-04
17660	6.6431412396e-04	6.6280240921e-04
17661	6.6336903000e-04	6.6278054572e-04
17662	6.6262877106e-04	6.6274869798e-04
17663	6.6181992825e-04	6.6271223442e-04
17664	6.6151439322e-04	6.6266594465e-04
17665	6.6153233368e-04	6.6261379618e-04
17666	6.6178946022e-04	6.6255409348e-04
17667	6.6221609317e-04	6.6248752973e-04
17668	6.6236425234e-04	6.6241626884e-04
17669	6.6248717550e-04	6.6233705550e-04
17670	6.6217063381e-04	6.6225444661e-04
17671	6.6191817594e-04	6.6216294395e-04
17672	6.6152200423e-04	6.6206835927e-04
17673	6.6135491870e-04	6.6196562461e-04
17674	6.6131486234e-04	6.6186112588e-04
17675	6.6138829012e-04	6.6175209343e-04
17676	6.6157419415e-04	6.6164453399e-04
17677	6.6161371196e-04	6.6153787148e-04
17678	6.6168885299e-04	6.6143801322e-04
17679	6.6153627333e-04	6.6134555520e-04
17680	6.6144831997e-04	6.6126806333e-04
17681	6.6126500822e-04	6.6120553024e-04
17682	6.6118927267e-04	6.6116732363e-04
17683	6.6115422597e-04	6.6114787358e-04
17684	6.6116034990e-04	6.6115328769e-04
17685	6.6123280544e-04	6.6116600397e-04
17686	6.6123032047e-04	6.6118455422e-04
17687	6.6127596249e-04	6.6118691390e-04
17688	6.6120290905e-04	6.6117437938e-04
17689	6.6117996732e-04	6.6114096396e-04
17690	6.6108602194e-04	6.6109833477e-04
17691	6.6104551419e-04	6.6105524127e-04
17692	6.6100266148e-04	6.6101975121e-04
17693	6.6098266821e-04	6.6099879913e-04
17694	6.6099561953e-04	6.6098636932e-04
17695	6.6098074241e-04	6.6098252027e-04
17696	6.6100475321e-04	6.6097441121e-04
17697	6.6097011317e-04	6.6096225234e-04
17698	6.6097258362e-04	6.6094049954e-04
17699	6.6092224966e-04	6.6091412298e-04
17700	6.6090477455e-04	6.6088668079e-04
17701	6.6086236681e-04	6.6086144758e-04
17702	6.6084037324e-04	6.6084285098e-04
17703	6.6082059205e-04	6.6082716184e-04
17704	6.6080079273e-04	6.6081611768e-04
17705	6.6079878281e-04	6.6080280119e-04
17706	6.6077746754e-04	6.6078871609e-04
17707	6.6077933230e-04	6.6077030128e-04
17708	6.6075249994e-04	6.6075017417e-04
17709	6.6074844486e-04	6.6072925441e-04
17710	6.6071793261e-04	6.6070880315e-04
17711	6.6070633135e-04	6.6069109191e-04
17712	6.6067778812e-04	6.6067422407e-04
17713	6.6066159188e-04	6.6065989789e-04
17714	6.6063939174e-04	6.6064462142e-04
17715	6.6062146932e-04	6.6062979140e-04
17716	6.6060614952e-04	6.6061301217e-04
17717	6.6058744765e-04	6.6059568750e-04
17718	6.6057659345e-04	6.6057748366e-04
17719	6.6055681989e-04	6.6055913546e-04
17720	6.6054734982e-04	6.6054152490e-04
17721	6.6052628254e-04	6.6052411168e-04
17722	6.6051608070e-04	6.6050796497e-04
17723	6.6049410610e-04	6.6049166190e-04
17724	6.6048237431e-04	6.6047605769e-04
17725	6.6046028390e-04	6.6045984424e-04
17726	6.6044714218e-04	6.6044358806e-04
17727	6.6042572007e-04	6.6042682193e-04
17728	6.6041159989e-04	6.6040967571e-04
17729	6.6039132720e-04	6.6039260675e-04
17730	6.6037657386e-04	6.6037511215e-04
17731	6.6035758561e-04	6.6035826918e-04
17732	6.6034233710e-04	6.6034091419e-04
17733	6.6032452019e-04	6.6032443349e-04
17734	6.6030875752e-04	6.6030717730e-04
17735	6.6029191920e-04	6.6029068033e-04
17736	6.6027558053e-04	6.6027301697e-04
17737	6.6025956096e-04	6.6025583172e-04
17738	6.6024259151e-04	6.6023696785e-04
17739	6.6022728661e-04	6.6021820064e-04
17740	6.6020966097e-04	6.6019690170e-04
17741	6.6019502627e-04	6.6017504139e-04
17742	6.6017674954e-04	6.6014896890e-04
17743	6.6016278815e-04	6.6012102137e-04
17744	6.6014388046e-04	6.6008578906e-04
17745	6.6013064539e-04	6.6004667186e-04
17746	6.6011112618e-04	6.5999640127e-04
17747	6.6009872461e-04	6.5994229678e-04
17748	6.6007859297e-04	6.5987843174e-04
17749	6.6006721707e-04	6.5982308497e-04
17750	6.6004646269e-04	6.5977843339e-04
17751	6.6003645701e-04	6.5977344213e-04
17752	6.6001507728e-04	6.5980937160e-04
17753	6.6000703626e-04	6.5989494035e-04
17754	6.5998509221e-04	6.6000766218e-04
17755	6.5998006161e-04	6.6012722349e-04
17756	6.5995783130e-04	6.6023238255e-04
17757	6.5995768907e-04	6.6031408673e-04
17758	6.5993602697e-04	6.6038086400e-04
17759	6.5994425923e-04	6.6044158919e-04
17760	6.5992543108e-04	6.6051409219e-04
17761	6.5994873632e-04	6.6059909776e-04
17762	6.5993829407e-04	6.6069443018e-04
17763	6.5998995446e-04	6.6078756355e-04
17764	6.6000085355e-04	6.6086799327e-04
17765	6.6010759118e-04	6.6093381834e-04
17766	6.6016841601e-04	6.6098512614e-04
17767	6.6038262092e-04	6.6103249501e-04
17768	6.6054999663e-04	6.6107770625e-04
17769	6.6096256900e-04	6.6112530501e-04
17770	6.6132047506e-04	6.6116949761e-04
17771	6.6203061634e-04	6.6120621332e-04
17772	6.6259117851e-04	6.6123140358e-04
17773	6.6348688230e-04	6.6124338353e-04
17774	6.6384879025e-04	6.6124598870e-04
17775	6.6418662091e-04	6.6124029460e-04
17776	6.6346365878e-04	6.6123042642e-04
17777	6.6251717445e-04	6.6121468673e-04
17778	6.6100762078e-04	6.6119229535e-04
17779	6.6001420192e-04	6.6116067202e-04
17780	6.5956081052e-04	6.6111788527e-04
17781	6.5981593954e-04	6.6106500623e-04
17782	6.6046265595e-04	6.6100151676e-04
17783	6.6092899003e-04	6.6093067969e-04
17784	6.6115184591e-04	6.6085153043e-04
17785	6.6074526285e-04	6.6076587787e-04
17786	6.6021487015e-04	6.6067172645e-04
17787	6.5964876118e-04	6.6056946207e-04
17788	6.5943231779e-04	6.6045806419e-04
17789	6.5956570602e-04	6.6033851908e-04
17790	6.5980348682e-04	6.6021158663e-04
17791	6.6008700744e-04	6.6007959527e-04
17792	6.6003573821e-04	6.5994384117e-04
17793	6.5990022816e-04	6.5980837490e-04
17794	6.5956834164e-04	6.5967433698e-04
17795	6.5937800263e-04	6.5954931412e-04
17796	6.5930852836e-04	6.5943495445e-04
17797	6.5937245383e-04	6.5934415032e-04
17798	6.5952420296e-04	6.5927755348e-04
17799	6.5955765388e-04	6.5924939679e-04
17800	6.5956870152e-04	6.5924956112e-04
17801	6.5941763807e-04	6.5927940734e-04
17802	6.5931146882e-04	6.5930902499e-04
17803	6.5920172281e-04	6.5932600619e-04
17804	6.5918355830e-04	6.5930949894e-04
17805	6.5922230670e-04	6.5926499418e-04
17806	6.5925155403e-04	6.5920768325e-04
17807	6.5929077019e-04	6.5915438941e-04
17808	6.5924372673e-04	6.5912384680e-04
17809	6.5920254926e-04	6.5911036539e-04
17810	6.5912245061e-04	6.5911431107e-04
17811	6.5907574547e-04	6.5911314776e-04
17812	6.5905883762e-04	6.5910564552e-04
17813	6.5904813195e-04	6.5908389351e-04
17814	6.5907895241e-04	6.5905897494e-04
17815	6.5905727680e-04	6.5903774017e-04
17816	6.5907049501e-04	6.5902504764e-04
17817	6.5901401418e-04	6.5902279022e-04
17818	6.5900286464e-04	6.5902101187e-04
17819	6.5894767717e-04	6.5901836714e-04
17820	6.5894398860e-04	6.5900609790e-04
17821	6.5891773131e-04	6.5898991829e-04
17822	6.5892843238e-04	6.5897045993e-04
17823	6.5891533636e-04	6.5895459577e-04
17824	6.5892569541e-04	6.5894327297e-04
17825	6.5890165466e-04	6.5893549118e-04
17826	6.5891255555e-04	6.5892915774e-04
17827	6.5887599928e-04	6.5891981708e-04
17828	6.5890758399e-04	6.5890777014e-04
17829	6.5886913445e-04	6.5889201423e-04
17830	6.5893511787e-04	6.5887578188e-04
17831	6.5889599245e-04	6.5885988905e-04
17832	6.5898630449e-04	6.5884576596e-04
17833	6.5893176311e-04	6.5883268935e-04
17834	6.5901276228e-04	6.5881959243e-04
17835	6.5891872798e-04	6.5880524619e-04
17836	6.5895173372e-04	6.5878923620e-04
17837	6.5881450351e-04	6.5877143643e-04
17838	6.5879794105e-04	6.5875310934e-04
17839	6.5867167271e-04	6.5873417494e-04
17840	6.5864607383e-04	6.5871605028e-04
17841	6.5859630244e-04	6.5869749601e-04
17842	6.5858216042e-04	6.5867935216e-04
17843	6.5860560669e-04	6.5865994043e-04
17844	6.5858318500e-04	6.5864008930e-04
17845	6.5862755351e-04	6.5861880155e-04
17846	6.5857529897e-04	6.5859712870e-04
17847	6.5860062816e-04	6.5857468023e-04
17848	6.5852670824e-04	6.5855235299e-04
17849	6.5852912127e-04	6.5852964233e-04
17850	6.5846703025e-04	6.5850727807e-04
17851	6.5845930288e-04	6.5848427955e-04
17852	6.5843173618e-04	6.5846183339e-04
17853	6.5841715102e-04	6.5843846264e-04
17854	6.5841727620e-04	6.5841641396e-04
17855	6.5839038757e-04	6.5839359406e-04
17856	6.5839909545e-04	6.5837338428e-04
17857	6.5835983981e-04	6.5835282596e-04
17858	6.5836527943e-04	6.5833601562e-04
17859	6.5832335697e-04	6.5831898075e-04
17860	6.5832324687e-04	6.5830579896e-04
17861	6.5828985850e-04	6.5829162728e-04
17862	6.5828430836e-04	6.5827988769e-04
17863	6.5826301992e-04	6.5826576766e-04
17864	6.5825076683e-04	6.5825206254e-04
17865	6.5823764800e-04	6.5823576131e-04
17866	6.5821816903e-04	6.5821890225e-04
17867	6.5820782613e-04	6.5820131106e-04
17868	6.5818363584e-04	6.5818320617e-04
17869	6.5817307211e-04	6.5816661434e-04
17870	6.5814870719e-04	6.5814939134e-04
17871	6.5813707559e-04	6.5813462186e-04
17872	6.5811618203e-04	6.5811846411e-04
17873	6.5810318373e-04	6.5810437068e-04
17874	6.5808669292e-04	6.5808805387e-04
17875	6.5807197476e-04	6.5807304195e-04
17876	6.5805852777e-04	6.5805566184e-04
17877	6.5804209222e-04	6.5803912837e-04
17878	6.5802955817e-04	6.5802057927e-04
17879	6.5801214999e-04	6.5800254881e-04
17880	6.5799879504e-04	6.5798235425e-04
17881	6.5798174535e-04	6.5796202517e-04
17882	6.5796658539e-04	6.5793806983e-04
17883	6.5795127168e-04	6.5791277790e-04
17884	6.5793389320e-04	6.5788078335e-04
17885	6.5792125585e-04	6.5784593096e-04
17886	6.5790154909e-04	6.5780036245e-04
17887	6.5789194911e-04	6.5775218820e-04
17888	6.5786995653e-04	6.5769293664e-04
17889	6.5786336196e-04	6.5764078422e-04
17890	6.5783923774e-04	6.5759239897e-04
17891	6.5783555900e-04	6.5757788650e-04
17892	6.5780955340e-04	6.5759574129e-04
17893	6.5780896177e-04	6.5766434490e-04
17894	6.5778140079e-04	6.5776399782e-04
17895	6.5778464028e-04	6.5788256255e-04
17896	6.5775597931e-04	6.5799498357e-04
17897	6.5776478807e-04	6.5808879770e-04
17898	6.5773585959e-04	6.5816481893e-04
17899	6.5775370098e-04	6.5822670894e-04
17900	6.5772638342e-04	6.5829321592e-04
17901	6.5775989458e-04	6.5836650706e-04
17902	6.5773868279e-04	6.5845422263e-04
17903	6.5780063707e-04	6.5854458880e-04
17904	6.5779607022e-04	6.5863099572e-04
17905	6.5791124587e-04	6.5870454241e-04
17906	6.5794666145e-04	6.5876297893e-04
17907	6.5816209936e-04	6.5881183115e-04
17908	6.5828383450e-04	6.5885380751e-04
17909	6.5867993623e-04	6.5889669728e-04
17910	6.5895846083e-04	6.5893766889e-04
17911	6.5962877966e-04	6.5897641608e-04
17912	6.6008835232e-04	6.5900660740e-04
17913	6.6097695468e-04	6.5902582416e-04
17914	6.6133261431e-04	6.5903333995e-04
17915	6.6187075748e-04	6.5903007343e-04
17916	6.6136088287e-04	6.5901973517e-04
17917	6.6075982609e-04	6.5900312609e-04
17918	6.5932364427e-04	6.5898147607e-04
17919	6.5828701754e-04	6.5895320037e-04
17920	6.5749173042e-04	6.5891614833e-04
17921	6.5745133139e-04	6.5886975108e-04
17922	6.5788620164e-04	6.5881194296e-04
17923	6.5837315037e-04	6.5874535599e-04
17924	6.5883111362e-04	6.5866871204e-04
17925	6.5867128361e-04	6.5858561804e-04
17926	6.5838904702e-04	6.5849413723e-04
17927	6.5775444157e-04	6.5839661859e-04
17928	6.5742027272e-04	6.5829061602e-04
17929	6.5726826040e-04	6.5817791413e-04
17930	6.5741526821e-04	6.5805699287e-04
17931	6.5768485201e-04	6.5793086471e-04
17932	6.5780071935e-04	6.5779919630e-04
17933	6.5784017319e-04	6.5766736219e-04
17934	6.5759336101e-04	6.5753525611e-04
17935	6.5739654228e-04	6.5741182691e-04
17936	6.5717511412e-04	6.5729646831e-04
17937	6.5713836786e-04	6.5720326000e-04
17938	6.5719896989e-04	6.5712957076e-04
17939	6.5728871430e-04	6.5709276341e-04
17940	6.5738234166e-04	6.5708096116e-04
17941	6.5733829906e-04	6.5710396663e-04
17942	6.5727854656e-04	6.5713122506e-04
17943	6.5713643607e-04	6.5715890001e-04
17944	6.5705401379e-04	6.5715643401e-04
17945	6.5700793351e-04	6.5712982171e-04
17946	6.5701129705e-04	6.5708044890e-04
17947	6.5706139925e-04	6.5702869897e-04
17948	6.5706884114e-04	6.5698946703e-04
17949	6.5708778754e-04	6.5696721372e-04
17950	6.5703158180e-04	6.5696417771e-04
17951	6.5699095600e-04	6.5696323066e-04
17952	6.5692768450e-04	6.5696021177e-04
17953	6.5689027861e-04	6.5694208853e-04
17954	6.5688157928e-04	6.5691553600e-04
17955	6.5686836168e-04	6.5688429603e-04
17956	6.5689179118e-04	6.5685759222e-04
17957	6.5686940317e-04	6.5684008981e-04
17958	6.5687628912e-04	6.5682871898e-04
17959	6.5683228493e-04	6.5682175807e-04
17960	6.5681538387e-04	6.5681040403e-04
17961	6.5677625026e-04	6.5679506254e-04
17962	6.5675575721e-04	6.5677384017e-04
17963	6.5674293645e-04	6.5675168821e-04
17964	6.5672566600e-04	6.5673147353e-04
17965	6.5673085249e-04	6.5671479497e-04
17966	6.5670746055e-04	6.5670224656e-04
17967	6.5671140101e-04	6.5669023686e-04
17968	6.5667824540e-04	6.5667800522e-04
17969	6.5667324436e-04	6.5666277907e-04
17970	6.5663942282e-04	6.5664571327e-04
17971	6.5662914587e-04	6.5662760909e-04
17972	6.5660487629e-04	6.5660992579e-04
17973	6.5659292034e-04	6.5659418316e-04
17974	6.5657957563e-04	6.5657954670e-04
17975	6.5656486372e-04	6.5656632123e-04
17976	6.5655680857e-04	6.5655257420e-04
17977	6.5653758431e-04	6.5653825146e-04
17978	6.5652922264e-04	6.5652289153e-04
17979	6.5650685074e-04	6.5650658135e-04
17980	6.5649611343e-04	6.5649067038e-04
17981	6.5647424210e-04	6.5647440835e-04
17982	6.5646152038e-04	6.5645972107e-04
17983	6.5644309667e-04	6.5644449598e-04
17984	6.5642899827e-04	6.5643061180e-04
17985	6.5641453974e-04	6.5641538883e-04
17986	6.5639905569e-04	6.5640084066e-04
17987	6.5638715595e-04	6.5638461717e-04
17988	6.5637021012e-04	6.5636894167e-04
17989	6.5635898412e-04	6.5635175315e-04
17990	6.5634104585e-04	6.5633529826e-04
17991	6.5632915980e-04	6.5631718733e-04
17992	6.5631126063e-04	6.5629979485e-04
17993	6.5629810350e-04	6.5628021006e-04
17994	6.5628134476e-04	6.5626160869e-04
17995	6.5626668376e-04	6.5624145972e-04
17996	6.5625180796e-04	6.5622451475e-04
17997	6.5623552615e-04	6.5620916692e-04
17998	6.5622285757e-04	6.5620031052e-04
17999	6.5620485449e-04	6.5619459169e-04
18000	6.5619446409e-04	6.5619309279e-04
18001	6.5617462834e-04	6.5619175053e-04
18002	6.5616658156e-04	6.5618848214e-04
18003	6.5614476031e-04	6.5618404133e-04
18004	6.5613935512e-04	6.5617643785e-04
18005	6.5611532285e-04	6.5617032086e-04
18006	6.5611337697e-04	6.5616354376e-04
18007	6.5608685860e-04	6.5615973973e-04
18008	6.5609007178e-04	6.5615551861e-04
18009	6.5606084584e-04	6.5615142689e-04
18010	6.5607238430e-04	6.5614566766e-04
18011	6.5604073217e-04	6.5613782756e-04
18012	6.5606631272e-04	6.5612892342e-04
18013	6.5603420709e-04	6.5611885430e-04
18014	6.5608354166e-04	6.5610841625e-04
18015	6.5605664323e-04	6.5609755519e-04
18016	6.5614289465e-04	6.5608421510e-04
18017	6.5613005585e-04	6.5606971346e-04
18018	6.5625680409e-04	6.5604921738e-04
18019	6.5625139443e-04	6.5602687923e-04
18020	6.5637053015e-04	6.5599564098e-04
18021	6.5630353548e-04	6.5596194601e-04
18022	6.5630651066e-04	6.5591697850e-04
18023	6.5610987927e-04	6.5587011893e-04
18024	6.5601045118e-04	6.5581443825e-04
18025	6.5584950033e-04	6.5576736792e-04
18026	6.5580784277e-04	6.5572984930e-04
18027	6.5584669068e-04	6.5572659021e-04
18028	6.5585636692e-04	6.5575833283e-04
18029	6.5595770104e-04	6.5583249652e-04
18030	6.5589246970e-04	6.5593099230e-04
18031	6.5590821098e-04	6.5603671388e-04
18032	6.5578009308e-04	6.5613135344e-04
18033	6.5576376007e-04	6.5620476768e-04
18034	6.5571960599e-04	6.5626276507e-04
18035	6.5574075730e-04	6.5630972488e-04
18036	6.5578436955e-04	6.5636322041e-04
18037	6.5580024104e-04	6.5642317007e-04
18038	6.5582943947e-04	6.5649524437e-04
18039	6.5583110655e-04	6.5656686444e-04
18040	6.5584303429e-04	6.5663404302e-04
18041	6.5592852071e-04	6.5668810578e-04
18042	6.5599006610e-04	6.5673096976e-04
18043	6.5623938040e-04	6.5676582715e-04
18044	6.5638936898e-04	6.5679883820e-04
18045	6.5682883942e-04	6.5683393059e-04
18046	6.5711597006e-04	6.5687184440e-04
18047	6.5778566051e-04	6.5690809310e-04
18048	6.5823042582e-04	6.5693889532e-04
18049	6.5901566367e-04	6.5695615114e-04
18050	6.5928377661e-04	6.5696138584e-04
18051	6.5955386519e-04	6.5695177078e-04
18052	6.5891263264e-04	6.5693452330e-04
18053	6.5809125714e-04	6.5691099558e-04
18054	6.5677836954e-04	6.5688403636e-04
18055	6.5586974587e-04	6.5685358946e-04
18056	6.5538475252e-04	6.5681559483e-04
18057	6.5550977757e-04	6.5676993746e-04
18058	6.5601751937e-04	6.5671160659e-04
18059	6.5644831638e-04	6.5664424237e-04
18060	6.5676629818e-04	6.5656611619e-04
18061	6.5653076661e-04	6.5648184723e-04
18062	6.5619327453e-04	6.5639080450e-04
18063	6.5563120357e-04	6.5629462641e-04
18064	6.5535853922e-04	6.5619190458e-04
18065	6.5527432268e-04	6.5608273781e-04
18066	6.5542230900e-04	6.5596646466e-04
18067	6.5566766146e-04	6.5584534729e-04
18068	6.5574854278e-04	6.5571985527e-04
18069	6.5578601099e-04	6.5559572569e-04
18070	6.5555482367e-04	6.5547309307e-04
18071	6.5540202462e-04	6.5536121159e-04
18072	6.5519210348e-04	6.5525959924e-04
18073	6.5515868855e-04	6.5518146226e-04
18074	6.5518962910e-04	6.5512470297e-04
18075	6.5525348630e-04	6.5510291686e-04
18076	6.5534739556e-04	6.5510469298e-04
18077	6.5530524727e-04	6.5513281056e-04
18078	6.5529639959e-04	6.5515971270e-04
18079	6.5515629239e-04	6.5517764143e-04
18080	6.5510749764e-04	6.5516575219e-04
18081	6.5502706340e-04	6.5513100742e-04
18082	6.5502525075e-04	6.5508121761e-04
18083	6.5504702487e-04	6.5503416702e-04
18084	6.5505134075e-04	6.5500250530e-04
18085	6.5509014966e-04	6.5498715649e-04
18086	6.5503920648e-04	6.5498714229e-04
18087	6.5503878862e-04	6.5498660732e-04
18088	6.5495881205e-04	6.5498152755e-04
18089	6.5494118017e-04	6.5496254054e-04
18090	6.5489639854e-04	6.5493646640e-04
18091	6.5488753443e-04	6.5490742721e-04
18092	6.5489204268e-04	6.5488309493e-04
18093	6.5487811781e-04	6.5486713831e-04
18094	6.5489707891e-04	6.5485623323e-04
18095	6.5485971194e-04	6.5484932358e-04
18096	6.5486460836e-04	6.5483834138e-04
18097	6.5481528510e-04	6.5482451978e-04
18098	6.5480681902e-04	6.5480528364e-04
18099	6.5477211461e-04	6.5478525610e-04
18100	6.5475963595e-04	6.5476631191e-04
18101	6.5475004005e-04	6.5474992827e-04
18102	6.5473311944e-04	6.5473739072e-04
18103	6.5473769031e-04	6.5472515793e-04
18104	6.5471175376e-04	6.5471400721e-04
18105	6.5471527535e-04	6.5469996138e-04
18106	6.5468296349e-04	6.5468509362e-04
18107	6.5467898365e-04	6.5466837120e-04
18108	6.5464962021e-04	6.5465179711e-04
18109	6.5463912885e-04	6.5463636335e-04
18110	6.5461986156e-04	6.5462157893e-04
18111	6.5460482611e-04	6.5460881574e-04
18112	6.5459556234e-04	6.5459536850e-04
18113	6.5457667383e-04	6.5458279789e-04
18114	6.5457246063e-04	6.5456850888e-04
18115	6.5455058183e-04	6.5455425448e-04
18116	6.5454626582e-04	6.5453903533e-04
18117	6.5452347891e-04	6.5452393157e-04
18118	6.5451622997e-04	6.5450931693e-04
18119	6.5449506107e-04	6.5449478426e-04
18120	6.5448431965e-04	6.5448133392e-04
18121	6.5446641795e-04	6.5446740078e-04
18122	6.5445285160e-04	6.5445417952e-04
18123	6.5443844837e-04	6.5444006637e-04
18124	6.5442303102e-04	6.5442616435e-04
18125	6.5441120955e-04	6.5441166569e-04
18126	6.5439475102e-04	6.5439717811e-04
18127	6.5438417879e-04	6.5438278275e-04
18128	6.5436725629e-04	6.5436830281e-04
18129	6.5435684040e-04	6.5435437094e-04
18130	6.5433982565e-04	6.5434016990e-04
18131	6.5432896521e-04	6.5432651514e-04
18132	6.5431206040e-04	6.5431243632e-04
18133	6.5430060295e-04	6.5429865106e-04
18134	6.5428388928e-04	6.5428450705e-04
18135	6.5427195150e-04	6.5427040513e-04
18136	6.5425545738e-04	6.5425621845e-04
18137	6.5424324729e-04	6.5424190017e-04
18138	6.5422700168e-04	6.5422780173e-04
18139	6.5421465766e-04	6.5421344456e-04
18140	6.5419867510e-04	6.5419949318e-04
18141	6.5418619917e-04	6.5418517970e-04
18142	6.5417050151e-04	6.5417131208e-04
18143	6.5415781685e-04	6.5415700808e-04
18144	6.5414245817e-04	6.5414310216e-04
18145	6.5412946618e-04	6.5412870688e-04
18146	6.5411451214e-04	6.5411464220e-04
18147	6.5410112662e-04	6.5410000517e-04
18148	6.5408662448e-04	6.5408564193e-04
18149	6.5407278615e-04	6.5407048947e-04
18150	6.5405875021e-04	6.5405552779e-04
18151	6.5404444150e-04	6.5403923677e-04
18152	6.5403086852e-04	6.5402287043e-04
18153	6.5401611058e-04	6.5400393166e-04
18154	6.5400298207e-04	6.5398405885e-04
18155	6.5398780331e-04	6.5395885919e-04
18156	6.5397509776e-04	6.5393038628e-04
18157	6.5395951908e-04	6.5389086290e-04
18158	6.5394724333e-04	6.5384321602e-04
18159	6.5393126513e-04	6.5377533574e-04
18160	6.5391948078e-04	6.5369571704e-04
18161	6.5390306802e-04	6.5359452766e-04
18162	6.5389192196e-04	6.5350356608e-04
18163	6.5387499074e-04	6.5343374568e-04
18164	6.5386476117e-04	6.5344026247e-04
18165	6.5384718165e-04	6.5352409575e-04
18166	6.5383837591e-04	6.5368029674e-04
18167	6.5382001130e-04	6.5385435868e-04
18168	6.5381354923e-04	6.5400532501e-04
18169	6.5379436187e-04	6.5411852342e-04
18170	6.5379195808e-04	6.5420663499e-04
18171	6.5377232743e-04	6.5430904255e-04
18172	6.5377735121e-04	6.5444014112e-04
18173	6.5375895139e-04	6.5459916244e-04
18174	6.5377840964e-04	6.5475687863e-04
18175	6.5376655166e-04	6.5489049063e-04
18176	6.5381580524e-04	6.5499822475e-04
18177	6.5382551795e-04	6.5509146373e-04
18178	6.5393951645e-04	6.5519168899e-04
18179	6.5401048760e-04	6.5530060913e-04
18180	6.5426904333e-04	6.5540953776e-04
18181	6.5449702590e-04	6.5550412080e-04
18182	6.5506887637e-04	6.5557578876e-04
18183	6.5563883948e-04	6.5563269932e-04
18184	6.5677869810e-04	6.5568099275e-04
18185	6.5781685219e-04	6.5572916777e-04
18186	6.5942138041e-04	6.5577205779e-04
18187	6.6012814068e-04	6.5580230256e-04
18188	6.6053014511e-04	6.5581591889e-04
18189	6.5888615029e-04	6.5581128681e-04
18190	6.5681051891e-04	6.5579661296e-04
18191	6.5444142187e-04	6.5577248809e-04
18192	6.5360362938e-04	6.5574159313e-04
18193	6.5412007861e-04	6.5569845202e-04
18194	6.5530002728e-04	6.5564040975e-04
18195	6.5624404644e-04	6.5556688792e-04
18196	6.5589594490e-04	6.5547898488e-04
18197	6.5491172390e-04	6.5538042017e-04
18198	6.5373481594e-04	6.5527112921e-04
18199	6.5339882878e-04	6.5515054233e-04
18200	6.5384941341e-04	6.5501718836e-04
18201	6.5446294677e-04	6.5486917154e-04
18202	6.5477537712e-04	6.5470934446e-04
18203	6.5434068296e-04	6.5453728490e-04
18204	6.5374056795e-04	6.5435832570e-04
18205	6.5333755311e-04	6.5417122097e-04
18206	6.5338634296e-04	6.5398200106e-04
18207	6.5377225780e-04	6.5379070635e-04
18208	6.5393107388e-04	6.5360913626e-04
18209	6.5389469382e-04	6.5344221256e-04
18210	6.5352464918e-04	6.5331184189e-04
18211	6.5327342371e-04	6.5322339163e-04
18212	6.5324134609e-04	6.5320145583e-04
18213	6.5336032485e-04	6.5322748715e-04
18214	6.5356098293e-04	6.5329693097e-04
18215	6.5350421397e-04	6.5334693403e-04
18216	6.5340486120e-04	6.5335617238e-04
18217	6.5319394436e-04	6.5330345674e-04
18218	6.5313481258e-04	6.5322599224e-04
18219	6.5317886006e-04	6.5316220703e-04
18220	6.5324268354e-04	6.5313709863e-04
18221	6.5330006643e-04	6.5314988720e-04
18222	6.5321295333e-04	6.5316482893e-04
18223	6.5313987566e-04	6.5316012837e-04
18224	6.5305034596e-04	6.5312418861e-04
18225	6.5304473558e-04	6.5307793793e-04
18226	6.5308143040e-04	6.5304485647e-04
18227	6.5309660821e-04	6.5303297327e-04
18228	6.5309960900e-04	6.5303641756e-04
18229	6.5303823381e-04	6.5303286316e-04
18230	6.5299034914e-04	6.5301513110e-04
18231	6.5295801549e-04	6.5298590363e-04
18232	6.5294716504e-04	6.5295812742e-04
18233	6.5297203691e-04	6.5294266210e-04
18234	6.5295706194e-04	6.5293496240e-04
18235	6.5295629148e-04	6.5292948248e-04
18236	6.5290976221e-04	6.5291561085e-04
18237	6.5288586439e-04	6.5289504354e-04
18238	6.5286413932e-04	6.5287360180e-04
18239	6.5285287496e-04	6.5285606249e-04
18240	6.5286158819e-04	6.5284593499e-04
18241	6.5284224810e-04	6.5283613150e-04
18242	6.5284076548e-04	6.5282523080e-04
18243	6.5280546999e-04	6.5280893193e-04
18244	6.5279287887e-04	6.5279133819e-04
18245	6.5276975020e-04	6.5277508056e-04
18246	6.5276116686e-04	6.5276168843e-04
18247	6.5275461959e-04	6.5275078605e-04
18248	6.5274206706e-04	6.5273889380e-04
18249	6.5273272547e-04	6.5272523519e-04
18250	6.5271226364e-04	6.5270986923e-04
18251	6.5269599486e-04	6.5269402797e-04
18252	6.5268056757e-04	6.5268025226e-04
18253	6.5266399355e-04	6.5266681840e-04
18254	6.5265855943e-04	6.5265495181e-04
18255	6.5264021308e-04	6.5264092502e-04
18256	6.5263626158e-04	6.5262682635e-04
18257	6.5261376069e-04	6.5261056100e-04
18258	6.5260606729e-04	6.5259531592e-04
18259	6.5258459803e-04	6.5257904957e-04
18260	6.5257503800e-04	6.5256421167e-04
18261	6.5255909592e-04	6.5254739902e-04
18262	6.5254857989e-04	6.5253188330e-04
18263	6.5253560027e-04	6.5251439029e-04
18264	6.5252333170e-04	6.5250071515e-04
18265	6.5250896078e-04	6.5248758504e-04
18266	6.5249677112e-04	6.5248095251e-04
18267	6.5247973306e-04	6.5247561635e-04
18268	6.5247103341e-04	6.5247432103e-04
18269	6.5245151319e-04	6.5247222251e-04
18270	6.5244752964e-04	6.5246925193e-04
18271	6.5242510046e-04	6.5246510001e-04
18272	6.5242486876e-04	6.5245852265e-04
18273	6.5239927391e-04	6.5245291971e-04
18274	6.5240238846e-04	6.5244602120e-04
18275	6.5237436922e-04	6.5244149198e-04
18276	6.5238247172e-04	6.5243623913e-04
18277	6.5235283694e-04	6.5243199896e-04
18278	6.5236945684e-04	6.5242678593e-04
18279	6.5233833252e-04	6.5242045796e-04
18280	6.5236918420e-04	6.5241366599e-04
18281	6.5233712299e-04	6.5240515443e-04
18282	6.5239084690e-04	6.5239724329e-04
18283	6.5236052979e-04	6.5238802174e-04
18284	6.5244638519e-04	6.5237960115e-04
18285	6.5242026694e-04	6.5237010140e-04
18286	6.5253484879e-04	6.5236044966e-04
18287	6.5249918779e-04	6.5234982789e-04
18288	6.5259965462e-04	6.5233811435e-04
18289	6.5250424168e-04	6.5232583445e-04
18290	6.5252208664e-04	6.5231230657e-04
18291	6.5234501210e-04	6.5229860971e-04
18292	6.5229694875e-04	6.5228396454e-04
18293	6.5215760472e-04	6.5226901689e-04
18294	6.5213424192e-04	6.5225341585e-04
18295	6.5213408019e-04	6.5223691476e-04
18296	6.5213554359e-04	6.5222003369e-04
18297	6.5220210695e-04	6.5220171840e-04
18298	6.5216083777e-04	6.5218335313e-04
18299	6.5219216123e-04	6.5216337843e-04
18300	6.5209855267e-04	6.5214362005e-04
18301	6.5209059580e-04	6.5212233214e-04
18302	6.5202168134e-04	6.5210133925e-04
18303	6.5201559368e-04	6.5207897684e-04
18304	6.5201443474e-04	6.5205691832e-04
18305	6.5200407152e-04	6.5203369692e-04
18306	6.5202727356e-04	6.5201102828e-04
18307	6.5198715910e-04	6.5198751046e-04
18308	6.5199217386e-04	6.5196531586e-04
18309	6.5193743646e-04	6.5194276883e-04
18310	6.5192866715e-04	6.5192292165e-04
18311	6.5189860254e-04	6.5190340676e-04
18312	6.5188864300e-04	6.5188817306e-04
18313	6.5188994060e-04	6.5187363040e-04
18314	6.5187211796e-04	6.5186374185e-04
18315	6.5187971186e-04	6.5185314181e-04
18316	6.5184869966e-04	6.5184495097e-04
18317	6.5184537292e-04	6.5183314808e-04
18318	6.5181407578e-04	6.5182104107e-04
18319	6.5180127763e-04	6.5180543600e-04
18320	6.5178560706e-04	6.5178945638e-04
18321	6.5176734884e-04	6.5177373595e-04
18322	6.5176718509e-04	6.5175842404e-04
18323	6.5174276041e-04	6.5174577414e-04
18324	6.5174647100e-04	6.5173262424e-04
18325	6.5171738045e-04	6.5172143008e-04
18326	6.5171613993e-04	6.5170804407e-04
18327	6.5168960924e-04	6.5169527829e-04
18328	6.5168154368e-04	6.5168054549e-04
18329	6.5166447366e-04	6.5166631582e-04
18330	6.5165026898e-04	6.5165183028e-04
18331	6.5164309262e-04	6.5163790383e-04
18332	6.5162330106e-04	6.5162430791e-04
18333	6.5162116590e-04	6.5161056871e-04
18334	6.5159740563e-04	6.5159613947e-04
18335	6.5159518276e-04	6.5158092900e-04
18336	6.5157096175e-04	6.5156351087e-04
18337	6.5156600822e-04	6.5154541201e-04
18338	6.5154502299e-04	6.5152315089e-04
18339	6.5153673427e-04	6.5149989092e-04
18340	6.5152055142e-04	6.5146886593e-04
18341	6.5150919520e-04	6.5143470805e-04
18342	6.5149672166e-04	6.5138722655e-04
18343	6.5148316145e-04	6.5133443947e-04
18344	6.5147199034e-04	6.5126594728e-04
18345	6.5145788080e-04	6.5120071504e-04
18346	6.5144583761e-04	6.5113748481e-04
18347	6.5143337162e-04	6.5111224669e-04
18348	6.5141910722e-04	6.5112990759e-04
18349	6.5141033384e-04	6.5121139255e-04
18350	6.5139323134e-04	6.5133421293e-04
18351	6.5138969265e-04	6.5147629611e-04
18352	6.5136976970e-04	6.5160690315e-04
18353	6.5137288596e-04	6.5171073229e-04
18354	6.5135096703e-04	6.5179477983e-04
18355	6.5136311969e-04	6.5186916361e-04
18356	6.5134139844e-04	6.5195775867e-04
18357	6.5136777964e-04	6.5206140065e-04
18358	6.5135126173e-04	6.5217906555e-04
18359	6.5140331220e-04	6.5229301436e-04
18360	6.5140345928e-04	6.5239214301e-04
18361	6.5150579528e-04	6.5247355527e-04
18362	6.5154877970e-04	6.5254057875e-04
18363	6.5175270761e-04	6.5260562551e-04
18364	6.5189478889e-04	6.5267109866e-04
18365	6.5229866617e-04	6.5273923672e-04
18366	6.5263965684e-04	6.5280147771e-04
18367	6.5338537102e-04	6.5285225627e-04
18368	6.5400566999e-04	6.5288824470e-04
18369	6.5509776188e-04	6.5291039091e-04
18370	6.5570248058e-04	6.5292436121e-04
18371	6.5644610551e-04	6.5293228053e-04
18372	6.5595367129e-04	6.5293603826e-04
18373	6.5515270585e-04	6.5293252972e-04
18374	6.5333415606e-04	6.5291847841e-04
18375	6.5198094555e-04	6.5289219859e-04
18376	6.5112185008e-04	6.5285259579e-04
18377	6.5126310717e-04	6.5280284743e-04
18378	6.5198225658e-04	6.5274331448e-04
18379	6.5260891930e-04	6.5267655093e-04
18380	6.5297103284e-04	6.5260083463e-04
18381	6.5250403237e-04	6.5251584331e-04
18382	6.5190261016e-04	6.5241975651e-04
18383	6.5119010646e-04	6.5231264101e-04
18384	6.5100993503e-04	6.5219486212e-04
18385	6.5118598163e-04	6.5206820406e-04
18386	6.5153348398e-04	6.5193330303e-04
18387	6.5180468918e-04	6.5179283340e-04
18388	6.5168493722e-04	6.5164580620e-04
18389	6.5142740877e-04	6.5149704830e-04
18390	6.5104190038e-04	6.5134511691e-04
18391	6.5088703535e-04	6.5120001544e-04
18392	6.5091527352e-04	6.5106162483e-04
18393	6.5107579111e-04	6.5094685814e-04
18394	6.5123508017e-04	6.5085576887e-04
18395	6.5121826361e-04	6.5080901679e-04
18396	6.5111418618e-04	6.5079719327e-04
18397	6.5091898742e-04	6.5082964893e-04
18398	6.5079937174e-04	6.5087144045e-04
18399	6.5077732426e-04	6.5091071076e-04
18400	6.5082282665e-04	6.5091115875e-04
18401	6.5091224317e-04	6.5087760235e-04
18402	6.5091864835e-04	6.5081922578e-04
18403	6.5089619276e-04	6.5076307199e-04
18404	6.5080072910e-04	6.5072937039e-04
18405	6.5072429421e-04	6.5071902542e-04
18406	6.5068542042e-04	6.5072777061e-04
18407	6.5067363904e-04	6.5073103610e-04
18408	6.5071629660e-04	6.5072224098e-04
18409	6.5071354943e-04	6.5069461481e-04
18410	6.5072850090e-04	6.5066137105e-04
18411	6.5067667742e-04	6.5063328944e-04
18412	6.5064377554e-04	6.5061695457e-04
18413	6.5059816578e-04	6.5061225330e-04
18414	6.5057470344e-04	6.5060824055e-04
18415	6.5057929800e-04	6.5060001380e-04
18416	6.5056990065e-04	6.5058212214e-04
18417	6.5058868889e-04	6.5055981188e-04
18418	6.5056046860e-04	6.5053833511e-04
18419	6.5055723029e-04	6.5052204880e-04
18420	6.5051560940e-04	6.5051219143e-04
18421	6.5050089564e-04	6.5050393601e-04
18422	6.5047633561e-04	6.5049474241e-04
18423	6.5046620725e-04	6.5048101656e-04
18424	6.5046346894e-04	6.5046432836e-04
18425	6.5045090248e-04	6.5044711255e-04
18426	6.5045116941e-04	6.5043155124e-04
18427	6.5042754302e-04	6.5041940406e-04
18428	6.5042044249e-04	6.5040855929e-04
18429	6.5039335203e-04	6.5039831750e-04
18430	6.5038334132e-04	6.5038617495e-04
18431	6.5036422586e-04	6.5037244536e-04
18432	6.5035514853e-04	6.5035781731e-04
18433	6.5034460213e-04	6.5034320556e-04
18434	6.5033361190e-04	6.5033019238e-04
18435	6.5032473156e-04	6.5031782996e-04
18436	6.5030945370e-04	6.5030657634e-04
18437	6.5029792728e-04	6.5029462813e-04
18438	6.5028116508e-04	6.5028220647e-04
18439	6.5026769651e-04	6.5026895951e-04
18440	6.5025378957e-04	6.5025524293e-04
18441	6.5023991060e-04	6.5024207341e-04
18442	6.5022994983e-04	6.5022891542e-04
18443	6.5021546993e-04	6.5021690279e-04
18444	6.5020731919e-04	6.5020447764e-04
18445	6.5019160257e-04	6.5019262694e-04
18446	6.5018281232e-04	6.5017985786e-04
18447	6.5016645260e-04	6.5016724762e-04
18448	6.5015608486e-04	6.5015400910e-04
18449	6.5014066476e-04	6.5014108544e-04
18450	6.5012888651e-04	6.5012804271e-04
18451	6.5011556377e-04	6.5011543196e-04
18452	6.5010261060e-04	6.5010263092e-04
18453	6.5009138764e-04	6.5009014617e-04
18454	6.5007729381e-04	6.5007687528e-04
18455	6.5006739371e-04	6.5006396889e-04
18456	6.5005226019e-04	6.5004952528e-04
18457	6.5004284086e-04	6.5003580230e-04
18458	6.5002703998e-04	6.5001964126e-04
18459	6.5001759792e-04	6.5000457416e-04
18460	6.5000163244e-04	6.4998612567e-04
18461	6.4999200364e-04	6.4996933275e-04
18462	6.4997623957e-04	6.4994963414e-04
18463	6.4996649902e-04	6.4993403724e-04
18464	6.4995101650e-04	6.4991919174e-04
18465	6.4994138719e-04	6.4991243859e-04
18466	6.4992594031e-04	6.4990864806e-04
18467	6.4991677468e-04	6.4991040506e-04
18468	6.4990086942e-04	6.4991164101e-04
18469	6.4989272152e-04	6.4991098667e-04
18470	6.4987571255e-04	6.4990830988e-04
18471	6.4986944619e-04	6.4990288038e-04
18472	6.4985059188e-04	6.4989872481e-04
18473	6.4984755686e-04	6.4989528185e-04
18474	6.4982603939e-04	6.4989407248e-04
18475	6.4982838573e-04	6.4989363414e-04
18476	6.4980340128e-04	6.4989099524e-04
18477	6.4981475754e-04	6.4988822002e-04
18478	6.4978595374e-04	6.4988074945e-04
18479	6.4981273323e-04	6.4987501953e-04
18480	6.4978142538e-04	6.4986558756e-04
18481	6.4983483618e-04	6.4985901101e-04
18482	6.4980647865e-04	6.4984869588e-04
18483	6.4990336724e-04	6.4983943137e-04
18484	6.4988875379e-04	6.4982601787e-04
18485	6.5004003191e-04	6.4981362077e-04
18486	6.5003769774e-04	6.4979936135e-04
18487	6.5019882558e-04	6.4979014041e-04
18488	6.5013401461e-04	6.4978306569e-04
18489	6.5017344989e-04	6.4978629649e-04
18490	6.4994713395e-04	6.4979499394e-04
18491	6.4986359484e-04	6.4981746382e-04
18492	6.4966523668e-04	6.4984656151e-04
18493	6.4965833562e-04	6.4988785903e-04
18494	6.4969854440e-04	6.4993268193e-04
18495	6.4976139069e-04	6.4998188575e-04
18496	6.4985809729e-04	6.5002835740e-04
18497	6.4983246339e-04	6.5007011531e-04
18498	6.4981420600e-04	6.5010523996e-04
18499	6.4974162857e-04	6.5013155392e-04
18500	6.4970334938e-04	6.5015215446e-04
18501	6.4977313426e-04	6.5016525389e-04
18502	6.4977914877e-04	6.5017555535e-04
18503	6.4995804163e-04	6.5018152356e-04
18504	6.4993463307e-04	6.5018642137e-04
18505	6.5010588291e-04	6.5018942651e-04
18506	6.5006989147e-04	6.5019112487e-04
18507	6.5026510948e-04	6.5019200614e-04
18508	6.5032472529e-04	6.5019011066e-04
18509	6.5058026487e-04	6.5018776924e-04
18510	6.5069690471e-04	6.5018142616e-04
18511	6.5093114689e-04	6.5017562281e-04
18512	6.5095345818e-04	6.5016585539e-04
18513	6.5107145852e-04	6.5015769869e-04
18514	6.5090333094e-04	6.5014457444e-04
18515	6.5086333990e-04	6.5013065701e-04
18516	6.5049887309e-04	6.5010706116e-04
18517	6.5030968890e-04	6.5007880414e-04
18518	6.4987133048e-04	6.5004049555e-04
18519	6.4965377176e-04	6.4999916078e-04
18520	6.4936501092e-04	6.4995457169e-04
18521	6.4927261196e-04	6.4990969468e-04
18522	6.4924908103e-04	6.4986420638e-04
18523	6.4928110866e-04	6.4981638489e-04
18524	6.4942182921e-04	6.4976488385e-04
18525	6.4945725849e-04	6.4970891815e-04
18526	6.4959499104e-04	6.4964834388e-04
18527	6.4955526213e-04	6.4958690032e-04
18528	6.4960546838e-04	6.4952275726e-04
18529	6.4949944207e-04	6.4946158103e-04
18530	6.4946512178e-04	6.4939819848e-04
18531	6.4933944394e-04	6.4933860107e-04
18532	6.4926818867e-04	6.4927766805e-04
18533	6.4917195327e-04	6.4922246300e-04
18534	6.4911899840e-04	6.4917042051e-04
18535	6.4908004774e-04	6.4912808561e-04
18536	6.4906773092e-04	6.4909322573e-04
18537	6.4907597322e-04	6.4907024891e-04
18538	6.4908329338e-04	6.4905458025e-04
18539	6.4910865443e-04	6.4904932359e-04
18540	6.4910431761e-04	6.4904701029e-04
18541	6.4912687412e-04	6.4905048640e-04
18542	6.4909760290e-04	6.4905030016e-04
18543	6.4911303219e-04	6.4904935603e-04
18544	6.4906271914e-04	6.4903990159e-04
18545	6.4907095398e-04	6.4902549800e-04
18546	6.4901121281e-04	6.4900408436e-04
18547	6.4901186606e-04	6.4897893195e-04
18548	6.4895660083e-04	6.4895337972e-04
18549	6.4895076199e-04	6.4892736653e-04
18550	6.4891041698e-04	6.4890649003e-04
18551	6.4889979140e-04	6.4888610048e-04
18552	6.4887651229e-04	6.4887197859e-04
18553	6.4886205283e-04	6.4885662492e-04
18554	6.4885120165e-04	6.4884549432e-04
18555	6.4883424101e-04	6.4883049803e-04
18556	6.4882982199e-04	6.4881685360e-04
18557	6.4881249137e-04	6.4879704571e-04
18558	6.4881045670e-04	6.4877681068e-04
18559	6.4879398483e-04	6.4874952803e-04
18560	6.4879258002e-04	6.4872286352e-04
18561	6.4877627873e-04	6.4869122327e-04
18562	6.4877568446e-04	6.4866556933e-04
18563	6.4875794597e-04	6.4864176010e-04
18564	6.4875978315e-04	6.4863366934e-04
18565	6.4873947679e-04	6.4863790556e-04
18566	6.4874578677e-04	6.4866589320e-04
18567	6.4872280098e-04	6.4871123297e-04
18568	6.4873515615e-04	6.4877550461e-04
18569	6.4871039078e-04	6.4884863690e-04
18570	6.4873006127e-04	6.4892416469e-04
18571	6.4870540439e-04	6.4899558605e-04
18572	6.4873452793e-04	6.4905670307e-04
18573	6.4871295741e-04	6.4910976657e-04
18574	6.4875606701e-04	6.4915185097e-04
18575	6.4874205066e-04	6.4919122494e-04
18576	6.4880772504e-04	6.4922582617e-04
18577	6.4880831523e-04	6.4926364862e-04
18578	6.4891118721e-04	6.4930080262e-04
18579	6.4893788077e-04	6.4934075821e-04
18580	6.4910048158e-04	6.4937834967e-04
18581	6.4917012130e-04	6.4941316885e-04
18582	6.4942089862e-04	6.4944200201e-04
18583	6.4954898130e-04	6.4946338392e-04
18584	6.4990514655e-04	6.4947797103e-04
18585	6.5007631880e-04	6.4948437555e-04
18586	6.5049202880e-04	6.4948611042e-04
18587	6.5059830334e-04	6.4948128639e-04
18588	6.5089243568e-04	6.4947401455e-04
18589	6.5071472147e-04	6.4946139351e-04
18590	6.5063546213e-04	6.4944659104e-04
18591	6.5006650247e-04	6.4942617457e-04
18592	6.4963801416e-04	6.4940216242e-04
18593	6.4899478673e-04	6.4937166452e-04
18594	6.4863909451e-04	6.4933601933e-04
18595	6.4837636580e-04	6.4929361294e-04
18596	6.4836693089e-04	6.4924544702e-04
18597	6.4851318616e-04	6.4919114985e-04
18598	6.4867142731e-04	6.4913147715e-04
18599	6.4890880405e-04	6.4906674880e-04
18600	6.4893580047e-04	6.4899760629e-04
18601	6.4900294590e-04	6.4892443248e-04
18602	6.4881117294e-04	6.4884814074e-04
18603	6.4870689345e-04	6.4876873979e-04
18604	6.4845685783e-04	6.4868805613e-04
18605	6.4835123612e-04	6.4860552139e-04
18606	6.4823249850e-04	6.4852463957e-04
18607	6.4822536396e-04	6.4844418691e-04
18608	6.4826015927e-04	6.4837002753e-04
18609	6.4829740736e-04	6.4830007904e-04
18610	6.4838118546e-04	6.4824276113e-04
18611	6.4836952144e-04	6.4819426621e-04
18612	6.4841141910e-04	6.4816442081e-04
18613	6.4832674611e-04	6.4814551382e-04
18614	6.4831546236e-04	6.4814562536e-04
18615	6.4820654529e-04	6.4815092092e-04
18616	6.4818103320e-04	6.4816516009e-04
18617	6.4810695105e-04	6.4817157529e-04
18618	6.4809645589e-04	6.4817294585e-04
18619	6.4807678305e-04	6.4815913475e-04
18620	6.4807654042e-04	6.4813699184e-04
18621	6.4809273282e-04	6.4810658873e-04
18622	6.4808213641e-04	6.4807564449e-04
18623	6.4810626666e-04	6.4804829482e-04
18624	6.4807359135e-04	6.4802672655e-04
18625	6.4808921320e-04	6.4801374819e-04
18626	6.4803935428e-04	6.4800484700e-04
18627	6.4804430126e-04	6.4800098773e-04
18628	6.4799152966e-04	6.4799502560e-04
18629	6.4799027818e-04	6.4798827174e-04
18630	6.4794753435e-04	6.4797611609e-04
18631	6.4794356174e-04	6.4796137699e-04
18632	6.4791664692e-04	6.4794360608e-04
18633	6.4790992190e-04	6.4792531431e-04
18634	6.4789784136e-04	6.4790835911e-04
18635	6.4788640443e-04	6.4789262100e-04
18636	6.4788472126e-04	6.4788039373e-04
18637	6.4786708285e-04	6.4786867172e-04
18638	6.4787103842e-04	6.4785976183e-04
18639	6.4784733732e-04	6.4784934741e-04
18640	6.4785337961e-04	6.4784004027e-04
18641	6.4782519121e-04	6.4782801105e-04
18642	6.4783119807e-04	6.4781617371e-04
18643	6.4780073375e-04	6.4780198064e-04
18644	6.4780563323e-04	6.4778809106e-04
18645	6.4777496047e-04	6.4777299781e-04
18646	6.4777828981e-04	6.4775852700e-04
18647	6.4774888905e-04	6.4774358571e-04
18648	6.4775051036e-04	6.4772910626e-04
18649	6.4772317001e-04	6.4771379334e-04
18650	6.4772313620e-04	6.4769817732e-04
18651	6.4769806652e-04	6.4768011398e-04
18652	6.4769657587e-04	6.4766050790e-04
18653	6.4767359603e-04	6.4763556398e-04
18654	6.4767096604e-04	6.4760752331e-04
18655	6.4764967142e-04	6.4757025567e-04
18656	6.4764632894e-04	6.4752921461e-04
18657	6.4762622529e-04	6.4747690409e-04
18658	6.4762270893e-04	6.4742666866e-04
18659	6.4760329835e-04	6.4737444402e-04
18660	6.4760027940e-04	6.4734632668e-04
18661	6.4758111859e-04	6.4734289812e-04
18662	6.4757946949e-04	6.4738870316e-04
18663	6.4756022453e-04	6.4747090065e-04
18664	6.4756116754e-04	6.4758589858e-04
18665	6.4754171653e-04	6.4770545651e-04
18666	6.4754713636e-04	6.4781588668e-04
18667	6.4752781765e-04	6.4790604280e-04
18668	6.4754087157e-04	6.4797882811e-04
18669	6.4752304932e-04	6.4804623045e-04
18670	6.4754937704e-04	6.4811793824e-04
18671	6.4753672019e-04	6.4820310013e-04
18672	6.4758688539e-04	6.4829834826e-04
18673	6.4758814197e-04	6.4839569864e-04
18674	6.4768245930e-04	6.4848560673e-04
18675	6.4771703027e-04	6.4856016760e-04
18676	6.4789431089e-04	6.4862155128e-04
18677	6.4800143899e-04	6.4867123373e-04
18678	6.4833047144e-04	6.4871818346e-04
18679	6.4857512109e-04	6.4876328075e-04
18680	6.4914924497e-04	6.4880829266e-04
18681	6.4958250856e-04	6.4884875587e-04
18682	6.5041514074e-04	6.4888021256e-04
18683	6.5087754560e-04	6.4890086596e-04
18684	6.5158635191e-04	6.4890853140e-04
18685	6.5142990939e-04	6.4890741352e-04
18686	6.5118584392e-04	6.4889751771e-04
18687	6.4994873512e-04	6.4888281834e-04
18688	6.4888812267e-04	6.4886167106e-04
18689	6.4774614995e-04	6.4883372979e-04
18690	6.4738501511e-04	6.4879706004e-04
18691	6.4749441852e-04	6.4874949588e-04
18692	6.4800870460e-04	6.4869227888e-04
18693	6.4855945171e-04	6.4862377204e-04
18694	6.4873030799e-04	6.4854784830e-04
18695	6.4860301428e-04	6.4846253929e-04
18696	6.4805565931e-04	6.4837151414e-04
18697	6.4754839029e-04	6.4827176608e-04
18698	6.4719370831e-04	6.4816600629e-04
18699	6.4715653045e-04	6.4805141861e-04
18700	6.4737821654e-04	6.4793120332e-04
18701	6.4759673836e-04	6.4780391680e-04
18702	6.4777783651e-04	6.4767463189e-04
18703	6.4768408797e-04	6.4754299109e-04
18704	6.4751059808e-04	6.4741691383e-04
18705	6.4725431692e-04	6.4729631437e-04
18706	6.4709028562e-04	6.4719327252e-04
18707	6.4708002419e-04	6.4710683450e-04
18708	6.4711868702e-04	6.4705289522e-04
18709	6.4726788983e-04	6.4702450124e-04
18710	6.4727450985e-04	6.4703364468e-04
18711	6.4730089670e-04	6.4705680599e-04
18712	6.4716604876e-04	6.4709210876e-04
18713	6.4708437697e-04	6.4710626193e-04
18714	6.4698042890e-04	6.4709933116e-04
18715	6.4695188792e-04	6.4706234300e-04
18716	6.4697903942e-04	6.4701468360e-04
18717	6.4699629940e-04	6.4696913570e-04
18718	6.4705451368e-04	6.4693974570e-04
18719	6.4701918192e-04	6.4693074535e-04
18720	6.4701978113e-04	6.4693331811e-04
18721	6.4693690239e-04	6.4693934409e-04
18722	6.4691241092e-04	6.4693467317e-04
18723	6.4685983547e-04	6.4691801112e-04
18724	6.4685912932e-04	6.4689128136e-04
18725	6.4685783689e-04	6.4686308722e-04
18726	6.4686522277e-04	6.4684145170e-04
18727	6.4687216054e-04	6.4682782909e-04
18728	6.4685579291e-04	6.4682233196e-04
18729	6.4684156008e-04	6.4681729828e-04
18730	6.4680878651e-04	6.4680986448e-04
18731	6.4678439568e-04	6.4679632054e-04
18732	6.4676371927e-04	6.4677853839e-04
18733	6.4674572046e-04	6.4676028376e-04
18734	6.4674610502e-04	6.4674358554e-04
18735	6.4673159623e-04	6.4673184282e-04
18736	6.4673901492e-04	6.4672199680e-04
18737	6.4671782985e-04	6.4671420600e-04
18738	6.4671855154e-04	6.4670426004e-04
18739	6.4669094942e-04	6.4669237857e-04
18740	6.4668394141e-04	6.4667837876e-04
18741	6.4665918898e-04	6.4666308043e-04
18742	6.4664961670e-04	6.4664939703e-04
18743	6.4663422585e-04	6.4663573557e-04
18744	6.4662420167e-04	6.4662525534e-04
18745	6.4661660494e-04	6.4661319804e-04
18746	6.4660441683e-04	6.4660292678e-04
18747	6.4659905192e-04	6.4658868705e-04
18748	6.4658358888e-04	6.4657519813e-04
18749	6.4657644769e-04	6.4655715039e-04
18750	6.4655946551e-04	6.4654045220e-04
18751	6.4654961528e-04	6.4652035901e-04
18752	6.4653429804e-04	6.4650353262e-04
18753	6.4652231254e-04	6.4648681638e-04
18754	6.4651087484e-04	6.4647750642e-04
18755	6.4649707650e-04	6.4647224296e-04
18756	6.4648982248e-04	6.4647475569e-04
18757	6.4647390260e-04	6.4647858935e-04
18758	6.4646994525e-04	6.4648195544e-04
18759	6.4645145686e-04	6.4648313579e-04
18760	6.4644991905e-04	6.4648027903e-04
18761	6.4642868847e-04	6.4647822754e-04
18762	6.4642958353e-04	6.4647610013e-04
18763	6.4640567181e-04	6.4647775911e-04
18764	6.4641026191e-04	6.4648039834e-04
18765	6.4638362722e-04	6.4648268118e-04
18766	6.4639473277e-04	6.4648402585e-04
18767	6.4636518808e-04	6.4648155968e-04
18768	6.4638811219e-04	6.4647958857e-04
18769	6.4635615009e-04	6.4647562237e-04
18770	6.4640062408e-04	6.4647379314e-04
18771	6.4636980476e-04	6.4647111269e-04
18772	6.4645241518e-04	6.4646819663e-04
18773	6.4643296466e-04	6.4646403072e-04
18774	6.4657322243e-04	6.4645759264e-04
18775	6.4657623591e-04	6.4645085087e-04
18776	6.4675956035e-04	6.4644259938e-04
18777	6.4674365638e-04	6.4643451055e-04
18778	6.4684490037e-04	6.4642557484e-04
18779	6.4666756594e-04	6.4641502804e-04
18780	6.4657855966e-04	6.4640381899e-04
18781	6.4630682409e-04	6.4638939653e-04
18782	6.4622586954e-04	6.4637508265e-04
18783	6.4619848478e-04	6.4635716785e-04
18784	6.4623324658e-04	6.4633947950e-04
18785	6.4636787339e-04	6.4631738241e-04
18786	6.4633507865e-04	6.4629409860e-04
18787	6.4635516171e-04	6.4626460962e-04
18788	6.4620466880e-04	6.4623226040e-04
18789	6.4615331745e-04	6.4619135694e-04
18790	6.4611150847e-04	6.4614711740e-04
18791	6.4610647588e-04	6.4609273297e-04
18792	6.4618999659e-04	6.4603898500e-04
18793	6.4614707037e-04	6.4598040543e-04
18794	6.4618343854e-04	6.4593826462e-04
18795	6.4607959451e-04	6.4591087204e-04
18796	6.4607082601e-04	6.4592328008e-04
18797	6.4603445224e-04	6.4596710491e-04
18798	6.4603877315e-04	6.4604864063e-04
18799	6.4607372481e-04	6.4614463629e-04
18800	6.4605346378e-04	6.4624577902e-04
18801	6.4606500980e-04	6.4633542816e-04
18802	6.4602547583e-04	6.4641271112e-04
18803	6.4601093790e-04	6.4648068282e-04
18804	6.4602712028e-04	6.4654619449e-04
18805	6.4601346979e-04	6.4661646906e-04
18806	6.4609151065e-04	6.4669236656e-04
18807	6.4607018082e-04	6.4677111148e-04
18808	6.4617493693e-04	6.4684804363e-04
18809	6.4617236934e-04	6.4691825008e-04
18810	6.4632724790e-04	6.4697885375e-04
18811	6.4641242318e-04	6.4703014906e-04
18812	6.4668049082e-04	6.4707323256e-04
18813	6.4690128965e-04	6.4711008685e-04
18814	6.4734972583e-04	6.4714272944e-04
18815	6.4772096984e-04	6.4717136093e-04
18816	6.4838018224e-04	6.4719720545e-04
18817	6.4880075639e-04	6.4721689754e-04
18818	6.4945029080e-04	6.4723077153e-04
18819	6.4947334935e-04	6.4723437253e-04
18820	6.4947682079e-04	6.4722858693e-04
18821	6.4860008043e-04	6.4721256511e-04
18822	6.4774729467e-04	6.4718817013e-04
18823	6.4659293138e-04	6.4715801404e-04
18824	6.4595366615e-04	6.4712154967e-04
18825	6.4571960206e-04	6.4708064924e-04
18826	6.4593017095e-04	6.4703182474e-04
18827	6.4644471265e-04	6.4697516176e-04
18828	6.4675613986e-04	6.4690894135e-04
18829	6.4701688486e-04	6.4683290550e-04
18830	6.4674451394e-04	6.4674970818e-04
18831	6.4644917087e-04	6.4665775975e-04
18832	6.4595343181e-04	6.4656194000e-04
18833	6.4570138174e-04	6.4645847925e-04
18834	6.4563120982e-04	6.4635234529e-04
18835	6.4572834000e-04	6.4623970034e-04
18836	6.4596882933e-04	6.4612571560e-04
18837	6.4604915937e-04	6.4600883965e-04
18838	6.4613214221e-04	6.4589524133e-04
18839	6.4595606560e-04	6.4578576990e-04
18840	6.4582439892e-04	6.4568880831e-04
18841	6.4562150032e-04	6.4560588640e-04
18842	6.4554080222e-04	6.4554826925e-04
18843	6.4554152872e-04	6.4551356111e-04
18844	6.4557941535e-04	6.4551161889e-04
18845	6.4568424899e-04	6.4552724304e-04
18846	6.4568522477e-04	6.4556032229e-04
18847	6.4571299833e-04	6.4558332109e-04
18848	6.4561628370e-04	6.4559257244e-04
18849	6.4556432660e-04	6.4557369525e-04
18850	6.4547306133e-04	6.4553729524e-04
18851	6.4543845355e-04	6.4549255323e-04
18852	6.4543266846e-04	6.4545313606e-04
18853	6.4543588616e-04	6.4542974683e-04
18854	6.4547634508e-04	6.4541956127e-04
18855	6.4546471736e-04	6.4542255410e-04
18856	6.4548223537e-04	6.4542374226e-04
18857	6.4543348782e-04	6.4542073018e-04
18858	6.4541728925e-04	6.4540579627e-04
18859	6.4536543195e-04	6.4538390574e-04
18860	6.4534541023e-04	6.4535962806e-04
18861	6.4532497256e-04	6.4533804692e-04
18862	6.4531563459e-04	6.4532435543e-04
18863	6.4532302981e-04	6.4531506960e-04
18864	6.4531229666e-04	6.4531068852e-04
18865	6.4532291308e-04	6.4530376040e-04
18866	6.4529894116e-04	6.4529457434e-04
18867	6.4529836657e-04	6.4528049962e-04
18868	6.4526637077e-04	6.4526410324e-04
18869	6.4525725065e-04	6.4524792194e-04
18870	6.4523094787e-04	6.4523295334e-04
18871	6.4522035997e-04	6.4522191437e-04
18872	6.4520707970e-04	6.4521192212e-04
18873	6.4519647580e-04	6.4520414341e-04
18874	6.4519326792e-04	6.4519465735e-04
18875	6.4517959210e-04	6.4518457203e-04
18876	6.4517931671e-04	6.4517230299e-04
18877	6.4516079196e-04	6.4515928899e-04
18878	6.4515852534e-04	6.4514628758e-04
18879	6.4513714609e-04	6.4513363414e-04
18880	6.4513170397e-04	6.4512262742e-04
18881	6.4511142518e-04	6.4511186700e-04
18882	6.4510355671e-04	6.4510234902e-04
18883	6.4508741509e-04	6.4509205862e-04
18884	6.4507777002e-04	6.4508191133e-04
18885	6.4506645393e-04	6.4507065772e-04
18886	6.4505499946e-04	6.4505918232e-04
18887	6.4504733473e-04	6.4504732555e-04
18888	6.4503389783e-04	6.4503549582e-04
18889	6.4502809109e-04	6.4502413012e-04
18890	6.4501292579e-04	6.4501287475e-04
18891	6.4500749857e-04	6.4500229011e-04
18892	6.4499137559e-04	6.4499153669e-04
18893	6.4498544662e-04	6.4498113864e-04
18894	6.4496930368e-04	6.4497032527e-04
18895	6.4496244903e-04	6.4495951776e-04
18896	6.4494703474e-04	6.4494839501e-04
18897	6.4493913045e-04	6.4493712470e-04
18898	6.4492487201e-04	6.4492590019e-04
18899	6.4491596075e-04	6.4491446973e-04
18900	6.4490296415e-04	6.4490343107e-04
18901	6.4489315900e-04	6.4489206412e-04
18902	6.4488129803e-04	6.4488125240e-04
18903	6.4487073205e-04	6.4486989247e-04
18904	6.4485976309e-04	6.4485908233e-04
18905	6.4484857129e-04	6.4484745311e-04
18906	6.4483825732e-04	6.4483628005e-04
18907	6.4482658154e-04	6.4482396040e-04
18908	6.4481675434e-04	6.4481193420e-04
18909	6.4480470672e-04	6.4479822442e-04
18910	6.4479525821e-04	6.4478445096e-04
18911	6.4478289689e-04	6.4476788134e-04
18912	6.4477378163e-04	6.4475036276e-04
18913	6.4476111911e-04	6.4472771006e-04
18914	6.4475235798e-04	6.4470214376e-04
18915	6.4473937257e-04	6.4466708845e-04
18916	6.4473105590e-04	6.4462600577e-04
18917	6.4471769945e-04	6.4456998497e-04
18918	6.4470998449e-04	6.4450805903e-04
18919	6.4469617373e-04	6.4443438887e-04
18920	6.4468930336e-04	6.4437441116e-04
18921	6.4467494109e-04	6.4433474059e-04
18922	6.4466931721e-04	6.4435230972e-04
18923	6.4465432753e-04	6.4442573604e-04
18924	6.4465061639e-04	6.4455476838e-04
18925	6.4463500247e-04	6.4470405205e-04
18926	6.4463434963e-04	6.4484536271e-04
18927	6.4461836375e-04	6.4496014498e-04
18928	6.4462284004e-04	6.4504810190e-04
18929	6.4460740730e-04	6.4513005162e-04
18930	6.4462095631e-04	6.4522031762e-04
18931	6.4460871467e-04	6.4533311058e-04
18932	6.4463920191e-04	6.4545903831e-04
18933	6.4463695746e-04	6.4558397273e-04
18934	6.4470064276e-04	6.4569343515e-04
18935	6.4472501727e-04	6.4578144970e-04
18936	6.4485613327e-04	6.4585661922e-04
18937	6.4494550005e-04	6.4592602918e-04
18938	6.4521442136e-04	6.4599969140e-04
18939	6.4544818586e-04	6.4607453654e-04
18940	6.4598233947e-04	6.4614461548e-04
18941	6.4648159999e-04	6.4620264832e-04
18942	6.4741971519e-04	6.4624376152e-04
18943	6.4818743168e-04	6.4627246965e-04
18944	6.4932255704e-04	6.4629069023e-04
18945	6.4969828996e-04	6.4630521633e-04
18946	6.4987475792e-04	6.4631396592e-04
18947	6.4864930776e-04	6.4631562874e-04
18948	6.4718435096e-04	6.4630589937e-04
18949	6.4538262931e-04	6.4628223161e-04
18950	6.4451702389e-04	6.4624627942e-04
18951	6.4451980198e-04	6.4619833476e-04
18952	6.4522410516e-04	6.4614259874e-04
18953	6.4608483392e-04	6.4607776015e-04
18954	6.4633942169e-04	6.4600474195e-04
18955	6.4609621634e-04	6.4592058420e-04
18956	6.4525361849e-04	6.4582501300e-04
18957	6.4457611001e-04	6.4571736455e-04
18958	6.4428042040e-04	6.4559902438e-04
18959	6.4446853008e-04	6.4547104341e-04
18960	6.4491990155e-04	6.4533549562e-04
18961	6.4514575238e-04	6.4519212248e-04
18962	6.4514600250e-04	6.4504378706e-04
18963	6.4476862805e-04	6.4488912852e-04
18964	6.4441840403e-04	6.4473474776e-04
18965	6.4422049469e-04	6.4458038276e-04
18966	6.4425045295e-04	6.4443889565e-04
18967	6.4447689142e-04	6.4431180565e-04
18968	6.4457717049e-04	6.4421824311e-04
18969	6.4463237075e-04	6.4415763884e-04
18970	6.4443608668e-04	6.4414796405e-04
18971	6.4428306628e-04	6.4417125243e-04
18972	6.4413890279e-04	6.4422484468e-04
18973	6.4413718941e-04	6.4426518403e-04
18974	6.4422260143e-04	6.4427890499e-04
18975	6.4427858672e-04	6.4424717063e-04
18976	6.4432362618e-04	6.4419073756e-04
18977	6.4423818221e-04	6.4413227845e-04
18978	6.4416800529e-04	6.4409538659e-04
18979	6.4407322484e-04	6.4408821005e-04
18980	6.4405043089e-04	6.4409785688e-04
18981	6.4406963353e-04	6.4410832330e-04
18982	6.4409416335e-04	6.4410137011e-04
18983	6.4412571169e-04	6.4407530069e-04
18984	6.4409579543e-04	6.4404154840e-04
18985	6.4406587277e-04	6.4401099560e-04
18986	6.4401053985e-04	6.4399680251e-04
18987	6.4397697150e-04	6.4399063987e-04
18988	6.4397231728e-04	6.4399082640e-04
18989	6.4396498712e-04	6.4398109953e-04
18990	6.4399206017e-04	6.4396515085e-04
18991	6.4397073372e-04	6.4394166837e-04
18992	6.4397821917e-04	6.4392237403e-04
18993	6.4393270181e-04	6.4390971298e-04
18994	6.4392440518e-04	6.4390612689e-04
18995	6.4388943605e-04	6.4390665255e-04
18996	6.4388965056e-04	6.4390685317e-04
18997	6.4387813817e-04	6.4390350750e-04
18998	6.4388267472e-04	6.4389687249e-04
18999	6.4387332737e-04	6.4388958694e-04
19000	6.4386983280e-04	6.4388352042e-04
19001	6.4384762864e-04	6.4387992719e-04
19002	6.4384411794e-04	6.4387689306e-04
19003	6.4381410355e-04	6.4387371730e-04
19004	6.4382674217e-04	6.4386797941e-04
19005	6.4379437111e-04	6.4386155708e-04
19006	6.4382690195e-04	6.4385374687e-04
19007	6.4378841477e-04	6.4384759338e-04
19008	6.4383591592e-04	6.4384178222e-04
19009	6.4378848649e-04	6.4383710732e-04
19010	6.4385100173e-04	6.4383175386e-04
19011	6.4379940351e-04	6.4382493333e-04
19012	6.4388229101e-04	6.4381697811e-04
19013	6.4383146690e-04	6.4380700910e-04
19014	6.4393187074e-04	6.4379759648e-04
19015	6.4387378206e-04	6.4378712393e-04
19016	6.4396638368e-04	6.4377822273e-04
19017	6.4387552812e-04	6.4376822887e-04
19018	6.4392194474e-04	6.4375884355e-04
19019	6.4378706592e-04	6.4374781106e-04
19020	6.4378287679e-04	6.4373625268e-04
19021	6.4365752116e-04	6.4372345948e-04
19022	6.4364261900e-04	6.4370999495e-04
19023	6.4359788207e-04	6.4369624800e-04
19024	6.4359105883e-04	6.4368198057e-04
19025	6.4362285844e-04	6.4366772851e-04
19026	6.4360227979e-04	6.4365287118e-04
19027	6.4365367212e-04	6.4363760446e-04
19028	6.4359920033e-04	6.4362181884e-04
19029	6.4362927077e-04	6.4360513576e-04
19030	6.4355479546e-04	6.4358850900e-04
19031	6.4356203145e-04	6.4357069468e-04
19032	6.4350685151e-04	6.4355372764e-04
19033	6.4350448176e-04	6.4353533824e-04
19034	6.4349066650e-04	6.4351850555e-04
19035	6.4347943603e-04	6.4350008227e-04
19036	6.4349411823e-04	6.4348392613e-04
19037	6.4346695962e-04	6.4346629028e-04
19038	6.4348602277e-04	6.4345181377e-04
19039	6.4344481016e-04	6.4343628695e-04
19040	6.4345556116e-04	6.4342479966e-04
19041	6.4341446584e-04	6.4341258796e-04
19042	6.4341635865e-04	6.4340452469e-04
19043	6.4338994532e-04	6.4339518635e-04
19044	6.4338461735e-04	6.4338863414e-04
19045	6.4337612153e-04	6.4337943605e-04
19046	6.4336280491e-04	6.4337098841e-04
19047	6.4336515519e-04	6.4335966437e-04
19048	6.4334365129e-04	6.4334808108e-04
19049	6.4334799912e-04	6.4333562426e-04
19050	6.4332180914e-04	6.4332289687e-04
19051	6.4332302495e-04	6.4331164816e-04
19052	6.4329827581e-04	6.4329991740e-04
19053	6.4329487505e-04	6.4329053880e-04
19054	6.4327660720e-04	6.4327987354e-04
19055	6.4326853624e-04	6.4327103256e-04
19056	6.4325812928e-04	6.4326023186e-04
19057	6.4324559093e-04	6.4325043203e-04
19058	6.4324111963e-04	6.4323899484e-04
19059	6.4322478103e-04	6.4322813124e-04
19060	6.4322303642e-04	6.4321667717e-04
19061	6.4320439666e-04	6.4320557717e-04
19062	6.4320257457e-04	6.4319464402e-04
19063	6.4318373331e-04	6.4318373624e-04
19064	6.4318005242e-04	6.4317293845e-04
19065	6.4316302998e-04	6.4316181053e-04
19066	6.4315661234e-04	6.4315005340e-04
19067	6.4314273734e-04	6.4313783048e-04
19068	6.4313330579e-04	6.4312373220e-04
19069	6.4312301434e-04	6.4310913218e-04
19070	6.4311066868e-04	6.4309060298e-04
19071	6.4310367547e-04	6.4307092090e-04
19072	6.4308875128e-04	6.4304359846e-04
19073	6.4308439772e-04	6.4301293285e-04
19074	6.4306737184e-04	6.4296856773e-04
19075	6.4306496389e-04	6.4291789098e-04
19076	6.4304635557e-04	6.4284849717e-04
19077	6.4304538311e-04	6.4277826490e-04
19078	6.4302564954e-04	6.4270251972e-04
19079	6.4302590844e-04	6.4266059255e-04
19080	6.4300537156e-04	6.4265921717e-04
19081	6.4300704943e-04	6.4273131251e-04
19082	6.4298588391e-04	6.4285671306e-04
19083	6.4298969073e-04	6.4301546655e-04
19084	6.4296801424e-04	6.4316763761e-04
19085	6.4297545851e-04	6.4329180908e-04
19086	6.4295358843e-04	6.4339034178e-04
19087	6.4296757238e-04	6.4347470271e-04
19088	6.4294664729e-04	6.4357383131e-04
19089	6.4297278855e-04	6.4369158020e-04
19090	6.4295627213e-04	6.4382806617e-04
19091	6.4300585222e-04	6.4396186046e-04
19092	6.4300311455e-04	6.4407891758e-04
19093	6.4309959700e-04	6.4417476045e-04
19094	6.4313409280e-04	6.4425446606e-04
19095	6.4332684563e-04	6.4433270709e-04
19096	6.4345264934e-04	6.4441358739e-04
19097	6.4384092284e-04	6.4449776519e-04
19098	6.4416417601e-04	6.4457559456e-04
19099	6.4491100528e-04	6.4463886229e-04
19100	6.4555588728e-04	6.4468580827e-04
19101	6.4675133340e-04	6.4471773864e-04
19102	6.4753330995e-04	6.4474253869e-04
19103	6.4859320138e-04	6.4476198925e-04
19104	6.4838195389e-04	6.4477650515e-04
19105	6.4781001726e-04	6.4478226934e-04
19106	6.4584812978e-04	6.4477407228e-04
19107	6.4419135174e-04	6.4475268044e-04
19108	6.4291157888e-04	6.4471640311e-04
19109	6.4286348296e-04	6.4467138848e-04
19110	6.4359679444e-04	6.4461617036e-04
19111	6.4441153882e-04	6.4455370390e-04
19112	6.4494141509e-04	6.4448009093e-04
19113	6.4450140572e-04	6.4439495273e-04
19114	6.4378920370e-04	6.4429664440e-04
19115	6.4292739838e-04	6.4418592446e-04
19116	6.4266831005e-04	6.4406429896e-04
19117	6.4289375213e-04	6.4393325253e-04
19118	6.4332792524e-04	6.4379333215e-04
19119	6.4366646754e-04	6.4364599684e-04
19120	6.4351995688e-04	6.4348983932e-04
19121	6.4317950470e-04	6.4332926053e-04
19122	6.4274376984e-04	6.4316317978e-04
19123	6.4256756957e-04	6.4300178937e-04
19124	6.4267555855e-04	6.4284549371e-04
19125	6.4286015298e-04	6.4271115721e-04
19126	6.4305159772e-04	6.4259987215e-04
19127	6.4296840622e-04	6.4253376546e-04
19128	6.4281840809e-04	6.4250700109e-04
19129	6.4259920113e-04	6.4253361543e-04
19130	6.4249943597e-04	6.4258051274e-04
19131	6.4255284043e-04	6.4263552145e-04
19132	6.4261547678e-04	6.4265253384e-04
19133	6.4273106420e-04	6.4263022919e-04
19134	6.4266886686e-04	6.4257227924e-04
19135	6.4262077001e-04	6.4251074536e-04
19136	6.4248499050e-04	6.4247082589e-04
19137	6.4243622735e-04	6.4245955590e-04
19138	6.4243439309e-04	6.4247261639e-04
19139	6.4245900168e-04	6.4248262277e-04
19140	6.4251735148e-04	6.4247831193e-04
19141	6.4248944729e-04	6.4245159596e-04
19142	6.4248057412e-04	6.4241671522e-04
19143	6.4240079804e-04	6.4238829971e-04
19144	6.4237421149e-04	6.4237419522e-04
19145	6.4234635374e-04	6.4237413345e-04
19146	6.4235398796e-04	6.4237455850e-04
19147	6.4237245123e-04	6.4236856042e-04
19148	6.4236812879e-04	6.4235140190e-04
19149	6.4236528315e-04	6.4232897499e-04
19150	6.4232951599e-04	6.4230967662e-04
19151	6.4230482487e-04	6.4229663300e-04
19152	6.4228152439e-04	6.4229125084e-04
19153	6.4226636629e-04	6.4228598808e-04
19154	6.4227349718e-04	6.4227812026e-04
19155	6.4226143755e-04	6.4226498021e-04
19156	6.4227104308e-04	6.4224878678e-04
19157	6.4224543212e-04	6.4223456384e-04
19158	6.4224034378e-04	6.4222230283e-04
19159	6.4221240307e-04	6.4221498424e-04
19160	6.4220195962e-04	6.4220670527e-04
19161	6.4218930515e-04	6.4219870988e-04
19162	6.4217986683e-04	6.4218676499e-04
19163	6.4217952935e-04	6.4217430204e-04
19164	6.4216537153e-04	6.4216101060e-04
19165	6.4216421965e-04	6.4214955681e-04
19166	6.4214379495e-04	6.4213902136e-04
19167	6.4213753580e-04	6.4212944183e-04
19168	6.4211861201e-04	6.4211820841e-04
19169	6.4211050830e-04	6.4210639119e-04
19170	6.4209884915e-04	6.4209103025e-04
19171	6.4209008143e-04	6.4207657223e-04
19172	6.4208321871e-04	6.4205907498e-04
19173	6.4207226966e-04	6.4204523805e-04
19174	6.4206478813e-04	6.4203026501e-04
19175	6.4205232919e-04	6.4202193567e-04
19176	6.4204173800e-04	6.4201534078e-04
19177	6.4203136161e-04	6.4201614999e-04
19178	6.4201787717e-04	6.4201846889e-04
19179	6.4201250041e-04	6.4202228399e-04
19180	6.4199620032e-04	6.4202552667e-04
19181	6.4199600209e-04	6.4202490604e-04
19182	6.4197618798e-04	6.4202498329e-04
19183	6.4198011530e-04	6.4202215941e-04
19184	6.4195641933e-04	6.4202284950e-04
19185	6.4196450207e-04	6.4202295018e-04
19186	6.4193729757e-04	6.4202524537e-04
19187	6.4195179826e-04	6.4202675278e-04
19188	6.4192159821e-04	6.4202635483e-04
19189	6.4194741061e-04	6.4202562574e-04
19190	6.4191464917e-04	6.4202203278e-04
19191	6.4196031827e-04	6.4201997605e-04
19192	6.4192691135e-04	6.4201631609e-04
19193	6.4200612788e-04	6.4201407617e-04
19194	6.4197818127e-04	6.4201059590e-04
19195	6.4210631382e-04	6.4200616937e-04
19196	6.4209026177e-04	6.4200084462e-04
19197	6.4225804952e-04	6.4199337350e-04
19198	6.4222635542e-04	6.4198615513e-04
19199	6.4234537414e-04	6.4197727854e-04
19200	6.4219918730e-04	6.4196894108e-04
19201	6.4216633775e-04	6.4195938197e-04
19202	6.4192062710e-04	6.4194912301e-04
19203	6.4184252832e-04	6.4193792949e-04
19204	6.4175659030e-04	6.4192493749e-04
19205	6.4175784686e-04	6.4191169719e-04
19206	6.4186550073e-04	6.4189659343e-04
19207	6.4185237802e-04	6.4188170506e-04
19208	6.4193431273e-04	6.4186521842e-04
19209	6.4181524587e-04	6.4184858863e-04
19210	6.4179911163e-04	6.4183053374e-04
19211	6.4169371334e-04	6.4181174511e-04
19212	6.4167678807e-04	6.4179179070e-04
19213	6.4170367606e-04	6.4177105603e-04
19214	6.4169037245e-04	6.4174938879e-04
19215	6.4175653625e-04	6.4172747390e-04
19216	6.4168809256e-04	6.4170453511e-04
19217	6.4170301488e-04	6.4168229522e-04
19218	6.4162423138e-04	6.4165880701e-04
19219	6.4161583666e-04	6.4163754584e-04
19220	6.4160791921e-04	6.4161531331e-04
19221	6.4159467183e-04	6.4159757472e-04
19222	6.4163068670e-04	6.4157997960e-04
19223	6.4158876756e-04	6.4156909076e-04
19224	6.4160724420e-04	6.4155910657e-04
19225	6.4155303367e-04	6.4155515291e-04
19226	6.4154984427e-04	6.4154940619e-04
19227	6.4153021836e-04	6.4154464184e-04
19228	6.4151746189e-04	6.4153430867e-04
19229	6.4153271060e-04	6.4152187139e-04
19230	6.4150413737e-04	6.4150748660e-04
19231	6.4151986834e-04	6.4149258945e-04
19232	6.4148107686e-04	6.4148167079e-04
19233	6.4148242763e-04	6.4147036200e-04
19234	6.4145823561e-04	6.4146276108e-04
19235	6.4144860059e-04	6.4145153372e-04
19236	6.4144877127e-04	6.4144040987e-04
19237	6.4142839729e-04	6.4142454640e-04
19238	6.4143831013e-04	6.4140728280e-04
19239	6.4140920645e-04	6.4138677757e-04
19240	6.4141404654e-04	6.4136299234e-04
19241	6.4138793528e-04	6.4133266807e-04
19242	6.4138429693e-04	6.4129319400e-04
19243	6.4137155057e-04	6.4123736276e-04
19244	6.4136009225e-04	6.4116698429e-04
19245	6.4135849315e-04	6.4107487469e-04
19246	6.4134050290e-04	6.4098361360e-04
19247	6.4134078276e-04	6.4090189686e-04
19248	6.4132133993e-04	6.4088248545e-04
19249	6.4131709456e-04	6.4093636446e-04
19250	6.4130374745e-04	6.4107617497e-04
19251	6.4129316948e-04	6.4125596130e-04
19252	6.4129002210e-04	6.4143126284e-04
19253	6.4127344648e-04	6.4157066447e-04
19254	6.4127938594e-04	6.4167240045e-04
19255	6.4125904909e-04	6.4177084577e-04
19256	6.4127212270e-04	6.4188694970e-04
19257	6.4125330785e-04	6.4203868263e-04
19258	6.4127600231e-04	6.4220320844e-04
19259	6.4126749692e-04	6.4235735688e-04
19260	6.4131133985e-04	6.4248437648e-04
19261	6.4132838044e-04	6.4258708818e-04
19262	6.4142281981e-04	6.4268634785e-04
19263	6.4149947311e-04	6.4279092280e-04
19264	6.4171303225e-04	6.4290455291e-04
19265	6.4193118342e-04	6.4301123439e-04
19266	6.4241075412e-04	6.4310040652e-04
19267	6.4293731403e-04	6.4316864743e-04
19268	6.4392460690e-04	6.4322179762e-04
19269	6.4492835317e-04	6.4327073027e-04
19270	6.4645991635e-04	6.4331656487e-04
19271	6.4743347056e-04	6.4335676802e-04
19272	6.4823393151e-04	6.4338289268e-04
19273	6.4722784168e-04	6.4339128915e-04
19274	6.4545657762e-04	6.4338381371e-04
19275	6.4285818412e-04	6.4336430630e-04
19276	6.4132653650e-04	6.4333714570e-04
19277	6.4118415297e-04	6.4330095098e-04
19278	6.4217268871e-04	6.4325296746e-04
19279	6.4344050429e-04	6.4318987366e-04
19280	6.4370769385e-04	6.4311094371e-04
19281	6.4317783664e-04	6.4301825308e-04
19282	6.4189193177e-04	6.4291396505e-04
19283	6.4111840393e-04	6.4279898831e-04
19284	6.4109051565e-04	6.4267315818e-04
19285	6.4165800253e-04	6.4253383776e-04
19286	6.4225340768e-04	6.4238208123e-04
19287	6.4219795317e-04	6.4221658955e-04
19288	6.4177000171e-04	6.4204219360e-04
19289	6.4113838527e-04	6.4185887979e-04
19290	6.4092784271e-04	6.4167267219e-04
19291	6.4110720054e-04	6.4148403273e-04
19292	6.4141990855e-04	6.4130211285e-04
19293	6.4160257280e-04	6.4113144908e-04
19294	6.4140292053e-04	6.4098995089e-04
19295	6.4111648511e-04	6.4088592430e-04
19296	6.4087463221e-04	6.4084274999e-04
19297	6.4088127492e-04	6.4085327841e-04
19298	6.4104860990e-04	6.4091818805e-04
19299	6.4116108677e-04	6.4098505976e-04
19300	6.4116943502e-04	6.4102455166e-04
19301	6.4100446637e-04	6.4100041796e-04
19302	6.4085858958e-04	6.4093338509e-04
19303	6.4079493952e-04	6.4085943292e-04
19304	6.4082936939e-04	6.4081506813e-04
19305	6.4092609448e-04	6.4081484405e-04
19306	6.4093819439e-04	6.4083434101e-04
19307	6.4091067878e-04	6.4084969223e-04
19308	6.4081018852e-04	6.4083380791e-04
19309	6.4074428873e-04	6.4079637023e-04
19310	6.4073456992e-04	6.4075704342e-04
19311	6.4074955555e-04	6.4073535288e-04
19312	6.4079822808e-04	6.4073547822e-04
19313	6.4077847994e-04	6.4074017672e-04
19314	6.4075927461e-04	6.4073727134e-04
19315	6.4069925847e-04	6.4071784396e-04
19316	6.4066940289e-04	6.4069211856e-04
19317	6.4066565054e-04	6.4067145207e-04
19318	6.4066678158e-04	6.4066152159e-04
19319	6.4068992845e-04	6.4065996056e-04
19320	6.4066788066e-04	6.4065574950e-04
19321	6.4065944695e-04	6.4064502458e-04
19322	6.4062000740e-04	6.4062762588e-04
19323	6.4060495814e-04	6.4061034817e-04
19324	6.4059471242e-04	6.4059834532e-04
19325	6.4059094232e-04	6.4059111478e-04
19326	6.4059790044e-04	6.4058587107e-04
19327	6.4058211131e-04	6.4057739240e-04
19328	6.4057687363e-04	6.4056526886e-04
19329	6.4055041317e-04	6.4055151727e-04
19330	6.4053984299e-04	6.4053890539e-04
19331	6.4052571119e-04	6.4052974065e-04
19332	6.4051963233e-04	6.4052193560e-04
19333	6.4051695657e-04	6.4051432067e-04
19334	6.4050655504e-04	6.4050454675e-04
19335	6.4050046523e-04	6.4049313676e-04
19336	6.4048348337e-04	6.4048168771e-04
19337	6.4047292137e-04	6.4047091362e-04
19338	6.4045964512e-04	6.4046212214e-04
19339	6.4045012590e-04	6.4045339969e-04
19340	6.4044394456e-04	6.4044474217e-04
19341	6.4043392262e-04	6.4043478406e-04
19342	6.4042836163e-04	6.4042419605e-04
19343	6.4041539603e-04	6.4041374157e-04
19344	6.4040657007e-04	6.4040357437e-04
19345	6.4039408195e-04	6.4039451733e-04
19346	6.4038362559e-04	6.4038526957e-04
19347	6.4037527774e-04	6.4037623398e-04
19348	6.4036421498e-04	6.4036640865e-04
19349	6.4035864160e-04	6.4035640438e-04
19350	6.4034612466e-04	6.4034637073e-04
19351	6.4034007654e-04	6.4033646641e-04
19352	6.4032671571e-04	6.4032713873e-04
19353	6.4031907078e-04	6.4031766838e-04
19354	6.4030706535e-04	6.4030846394e-04
19355	6.4029824513e-04	6.4029875524e-04
19356	6.4028867233e-04	6.4028908628e-04
19357	6.4027880894e-04	6.4027919882e-04
19358	6.4027073993e-04	6.4026947734e-04
19359	6.4025978754e-04	6.4025988699e-04
19360	6.4025180993e-04	6.4025040113e-04
19361	6.4024040983e-04	6.4024094998e-04
19362	6.4023188787e-04	6.4023143654e-04
19363	6.4022106988e-04	6.4022175272e-04
19364	6.4021194982e-04	6.4021212554e-04
19365	6.4020220224e-04	6.4020226684e-04
19366	6.4019251735e-04	6.4019274762e-04
19367	6.4018354911e-04	6.4018288683e-04
19368	6.4017339672e-04	6.4017351788e-04
19369	6.4016458593e-04	6.4016354302e-04
19370	6.4015427725e-04	6.4015412586e-04
19371	6.4014515005e-04	6.4014377809e-04
19372	6.4013514858e-04	6.4013414510e-04
19373	6.4012549265e-04	6.4012312662e-04
19374	6.4011614448e-04	6.4011304963e-04
19375	6.4010589328e-04	6.4010069692e-04
19376	6.4009727545e-04	6.4008940800e-04
19377	6.4008643124e-04	6.4007434994e-04
19378	6.4007841757e-04	6.4006035679e-04
19379	6.4006702713e-04	6.4004146278e-04
19380	6.4005945471e-04	6.4002486538e-04
19381	6.4004759074e-04	6.4000624622e-04
19382	6.4004040947e-04	6.3999569048e-04
19383	6.4002809762e-04	6.3998967164e-04
19384	6.4002142786e-04	6.3999475284e-04
19385	6.4000854404e-04	6.4000227207e-04
19386	6.4000271237e-04	6.4001015713e-04
19387	6.3998891606e-04	6.4001540289e-04
19388	6.3998452079e-04	6.4001544514e-04
19389	6.3996921015e-04	6.4001690879e-04
19390	6.3996726080e-04	6.4001851630e-04
19391	6.3994955607e-04	6.4002522618e-04
19392	6.3995177036e-04	6.4003271102e-04
19393	6.3993053177e-04	6.4003894392e-04
19394	6.3993991711e-04	6.4004394212e-04
19395	6.3991392240e-04	6.4004469482e-04
19396	6.3993598404e-04	6.4004729631e-04
19397	6.3990471799e-04	6.4004860645e-04
19398	6.3994989140e-04	6.4005231980e-04
19399	6.3991600457e-04	6.4005470375e-04
19400	6.4000364156e-04	6.4005524132e-04
19401	6.3997827180e-04	6.4005444346e-04
19402	6.4013712193e-04	6.4005122196e-04
19403	6.4014045508e-04	6.4004856448e-04
19404	6.4037411723e-04	6.4004501805e-04
19405	6.4038080993e-04	6.4004090935e-04
19406	6.4055171755e-04	6.4003594397e-04
19407	6.4037608638e-04	6.4002791429e-04
19408	6.4029159069e-04	6.4001983532e-04
19409	6.3994231787e-04	6.4000863343e-04
19410	6.3984003078e-04	6.3999815512e-04
19411	6.3979817243e-04	6.3998488013e-04
19412	6.3985801763e-04	6.3997103116e-04
19413	6.4003138673e-04	6.3995403640e-04
19414	6.3999070132e-04	6.3993522978e-04
19415	6.3999083445e-04	6.3991300021e-04
19416	6.3980398399e-04	6.3988898679e-04
19417	6.3974042513e-04	6.3986019631e-04
19418	6.3974179410e-04	6.3982971100e-04
19419	6.3974318285e-04	6.3979184360e-04
19420	6.3986099336e-04	6.3975310355e-04
19421	6.3977440745e-04	6.3970607881e-04
19422	6.3978936567e-04	6.3966254980e-04
19423	6.3966884910e-04	6.3961581992e-04
19424	6.3966454628e-04	6.3958363395e-04
19425	6.3968091878e-04	6.3956159117e-04
19426	6.3968223451e-04	6.3956875915e-04
19427	6.3972805617e-04	6.3959790976e-04
19428	6.3967021332e-04	6.3965835779e-04
19429	6.3965900726e-04	6.3973421112e-04
19430	6.3963082728e-04	6.3982440942e-04
19431	6.3961347452e-04	6.3991217716e-04
19432	6.3967216463e-04	6.3999616139e-04
19433	6.3963671129e-04	6.4006658476e-04
19434	6.3970459110e-04	6.4012572736e-04
19435	6.3964973315e-04	6.4017327981e-04
19436	6.3970928907e-04	6.4021668450e-04
19437	6.3970664706e-04	6.4026458596e-04
19438	6.3979154431e-04	6.4031669880e-04
19439	6.3985489807e-04	6.4037765083e-04
19440	6.3997933985e-04	6.4043536506e-04
19441	6.4008208240e-04	6.4048840159e-04
19442	6.4029890334e-04	6.4052815453e-04
19443	6.4046445468e-04	6.4055622232e-04
19444	6.4084699592e-04	6.4057722251e-04
19445	6.4109297615e-04	6.4059072456e-04
19446	6.4161973322e-04	6.4060531939e-04
19447	6.4185678859e-04	6.4061340279e-04
19448	6.4232020717e-04	6.4062059649e-04
19449	6.4228363835e-04	6.4061966156e-04
19450	6.4229809746e-04	6.4061381037e-04
19451	6.4172013388e-04	6.4060168457e-04
19452	6.4115509928e-04	6.4058193767e-04
19453	6.4032650889e-04	6.4055652680e-04
19454	6.3975846165e-04	6.4052136752e-04
19455	6.3939129132e-04	6.4047995390e-04
19456	6.3935712523e-04	6.4043056873e-04
19457	6.3957632169e-04	6.4037575131e-04
19458	6.3983377772e-04	6.4031652880e-04
19459	6.4013888721e-04	6.4025145719e-04
19460	6.4018255578e-04	6.4018250920e-04
19461	6.4017905751e-04	6.4010628114e-04
19462	6.3989873926e-04	6.4002570210e-04
19463	6.3968217733e-04	6.3993872577e-04
19464	6.3939753279e-04	6.3984859162e-04
19465	6.3928707089e-04	6.3975458825e-04
19466	6.3925354314e-04	6.3966007758e-04
19467	6.3931459492e-04	6.3956458952e-04
19468	6.3944254823e-04	6.3947359039e-04
19469	6.3949265341e-04	6.3938623353e-04
19470	6.3957222610e-04	6.3931156561e-04
19471	6.3948995629e-04	6.3924707299e-04
19472	6.3945530608e-04	6.3920418744e-04
19473	6.3930959432e-04	6.3917656254e-04
19474	6.3924652067e-04	6.3917374688e-04
19475	6.3916804483e-04	6.3918260626e-04
19476	6.3915199488e-04	6.3920533755e-04
19477	6.3917274016e-04	6.3922350261e-04
19478	6.3918328369e-04	6.3923463936e-04
19479	6.3923787621e-04	6.3922763473e-04
19480	6.3922101580e-04	6.3920612227e-04
19481	6.3924560700e-04	6.3917390987e-04
19482	6.3919054068e-04	6.3913929359e-04
19483	6.3917733822e-04	6.3911088214e-04
19484	6.3911786030e-04	6.3909077033e-04
19485	6.3909388995e-04	6.3908270444e-04
19486	6.3906306245e-04	6.3907969354e-04
19487	6.3904790398e-04	6.3908119243e-04
19488	6.3904913337e-04	6.3907801440e-04
19489	6.3904055350e-04	6.3907116749e-04
19490	6.3905540057e-04	6.3905700551e-04
19491	6.3904212475e-04	6.3903985970e-04
19492	6.3905216665e-04	6.3902143256e-04
19493	6.3902902262e-04	6.3900479037e-04
19494	6.3902807108e-04	6.3899241261e-04
19495	6.3899943952e-04	6.3898267835e-04
19496	6.3899145259e-04	6.3897690519e-04
19497	6.3896543341e-04	6.3897045518e-04
19498	6.3895629873e-04	6.3896451509e-04
19499	6.3893822696e-04	6.3895538327e-04
19500	6.3893015708e-04	6.3894500302e-04
19501	6.3892054289e-04	6.3893254763e-04
19502	6.3891201697e-04	6.3891968537e-04
19503	6.3890836000e-04	6.3890751584e-04
19504	6.3889699315e-04	6.3889595541e-04
19505	6.3889627804e-04	6.3888647567e-04
19506	6.3888104522e-04	6.3887725483e-04
19507	6.3888099623e-04	6.3886949651e-04
19508	6.3886269275e-04	6.3886098800e-04
19509	6.3886193073e-04	6.3885267461e-04
19510	6.3884243899e-04	6.3884324768e-04
19511	6.3884022377e-04	6.3883335043e-04
19512	6.3882148518e-04	6.3882293626e-04
19513	6.3881750808e-04	6.3881209130e-04
19514	6.3880081778e-04	6.3880164127e-04
19515	6.3879508204e-04	6.3879094059e-04
19516	6.3878085442e-04	6.3878117817e-04
19517	6.3877359579e-04	6.3877107134e-04
19518	6.3876154886e-04	6.3876190895e-04
19519	6.3875315470e-04	6.3875203072e-04
19520	6.3874267249e-04	6.3874280513e-04
19521	6.3873355065e-04	6.3873239073e-04
19522	6.3872401801e-04	6.3872230358e-04
19523	6.3871448363e-04	6.3871049107e-04
19524	6.3870549040e-04	6.3869865812e-04
19525	6.3869569122e-04	6.3868423075e-04
19526	6.3868706787e-04	6.3866909194e-04
19527	6.3867698126e-04	6.3864953638e-04
19528	6.3866875902e-04	6.3862763376e-04
19529	6.3865826412e-04	6.3859766275e-04
19530	6.3865059765e-04	6.3856234443e-04
19531	6.3863954799e-04	6.3851350901e-04
19532	6.3863264406e-04	6.3845749031e-04
19533	6.3862092649e-04	6.3838711153e-04
19534	6.3861502454e-04	6.3832184256e-04
19535	6.3860258098e-04	6.3826554968e-04
19536	6.3859798308e-04	6.3825516725e-04
19537	6.3858481348e-04	6.3829686741e-04
19538	6.3858200283e-04	6.3840419968e-04
19539	6.3856820036e-04	6.3854934109e-04
19540	6.3856806077e-04	6.3870425342e-04
19541	6.3855392194e-04	6.3883984462e-04
19542	6.3855813298e-04	6.3894532193e-04
19543	6.3854448281e-04	6.3903348830e-04
19544	6.3855631480e-04	6.3911850322e-04
19545	6.3854534304e-04	6.3922286425e-04
19546	6.3857134025e-04	6.3934427297e-04
19547	6.3856861163e-04	6.3947569833e-04
19548	6.3862227140e-04	6.3959809995e-04
19549	6.3864138301e-04	6.3970143470e-04
19550	6.3875109210e-04	6.3978636020e-04
19551	6.3882374373e-04	6.3985967348e-04
19552	6.3904852748e-04	6.3993355565e-04
19553	6.3924250512e-04	6.4000974467e-04
19554	6.3969459770e-04	6.4008632908e-04
19555	6.4012570641e-04	6.4015446327e-04
19556	6.4095705132e-04	6.4020781079e-04
19557	6.4169553599e-04	6.4024574570e-04
19558	6.4285482067e-04	6.4027051022e-04
19559	6.4347853391e-04	6.4028843371e-04
19560	6.4407047129e-04	6.4030108874e-04
19561	6.4333693759e-04	6.4030822490e-04
19562	6.4219121275e-04	6.4030648940e-04
19563	6.4023929926e-04	6.4029168217e-04
19564	6.3891050284e-04	6.4026397414e-04
19565	6.3832905306e-04	6.4022251497e-04
19566	6.3872741048e-04	6.4017174611e-04
19567	6.3960632253e-04	6.4011130805e-04
19568	6.4019354657e-04	6.4004324296e-04
19569	6.4035705713e-04	6.3996502548e-04
19570	6.3969969224e-04	6.3987593028e-04
19571	6.3897366281e-04	6.3977470972e-04
19572	6.3835157902e-04	6.3966163630e-04
19573	6.3831018286e-04	6.3953810212e-04
19574	6.3863829647e-04	6.3940553602e-04
19575	6.3901210713e-04	6.3926508595e-04
19576	6.3920626417e-04	6.3911850951e-04
19577	6.3898018703e-04	6.3896554987e-04
19578	6.3863369873e-04	6.3881050452e-04
19579	6.3828428828e-04	6.3865364975e-04
19580	6.3818991275e-04	6.3850496986e-04
19581	6.3831810222e-04	6.3836673854e-04
19582	6.3849463562e-04	6.3825573792e-04
19583	6.3862915195e-04	6.3817408382e-04
19584	6.3854789655e-04	6.3814078327e-04
19585	6.3839514216e-04	6.3814571091e-04
19586	6.3821129602e-04	6.3819242798e-04
19587	6.3812363010e-04	6.3824267385e-04
19588	6.3816723911e-04	6.3827979671e-04
19589	6.3822718742e-04	6.3827244519e-04
19590	6.3832109041e-04	6.3822982309e-04
19591	6.3828434909e-04	6.3816910594e-04
19592	6.3823848582e-04	6.3811849788e-04
19593	6.3812795550e-04	6.3809606568e-04
19594	6.3807110163e-04	6.3809767836e-04
19595	6.3806122345e-04	6.3811320792e-04
19596	6.3807506816e-04	6.3811778276e-04
19597	6.3812829057e-04	6.3810535161e-04
19598	6.3811524139e-04	6.3807586272e-04
19599	6.3811760038e-04	6.3804413005e-04
19600	6.3805126255e-04	6.3802254817e-04
19601	6.3802396178e-04	6.3801410041e-04
19602	6.3798526156e-04	6.3801581404e-04
19603	6.3798483867e-04	6.3801498107e-04
19604	6.3799425220e-04	6.3800696633e-04
19605	6.3799763857e-04	6.3798945782e-04
19606	6.3800332799e-04	6.3796909220e-04
19607	6.3797877136e-04	6.3795228851e-04
19608	6.3796205488e-04	6.3794180111e-04
19609	6.3793208034e-04	6.3793702823e-04
19610	6.3791726191e-04	6.3793240718e-04
19611	6.3790940300e-04	6.3792467775e-04
19612	6.3790406978e-04	6.3791280178e-04
19613	6.3790828835e-04	6.3789794781e-04
19614	6.3789738814e-04	6.3788503318e-04
19615	6.3789349814e-04	6.3787350349e-04
19616	6.3787388202e-04	6.3786650036e-04
19617	6.3786123710e-04	6.3785846059e-04
19618	6.3784609538e-04	6.3785121676e-04
19619	6.3783336482e-04	6.3783976496e-04
19620	6.3782990762e-04	6.3782830579e-04
19621	6.3781749507e-04	6.3781438579e-04
19622	6.3781947610e-04	6.3780279984e-04
19623	6.3780269945e-04	6.3779018429e-04
19624	6.3780252310e-04	6.3778003062e-04
19625	6.3778196863e-04	6.3776732434e-04
19626	6.3777899353e-04	6.3775661129e-04
19627	6.3775990657e-04	6.3774348703e-04
19628	6.3775680286e-04	6.3773511891e-04
19629	6.3774189885e-04	6.3772740271e-04
19630	6.3773945545e-04	6.3772675976e-04
19631	6.3772653447e-04	6.3772741086e-04
19632	6.3772413180e-04	6.3773131055e-04
19633	6.3770947876e-04	6.3773427656e-04
19634	6.3770806726e-04	6.3773499266e-04
19635	6.3768962421e-04	6.3773480506e-04
19636	6.3769225126e-04	6.3773141596e-04
19637	6.3766944368e-04	6.3772988710e-04
19638	6.3767960023e-04	6.3772706273e-04
19639	6.3765186003e-04	6.3772737290e-04
19640	6.3767263909e-04	6.3772701703e-04
19641	6.3763901390e-04	6.3772746514e-04
19642	6.3767413861e-04	6.3772681778e-04
19643	6.3763420261e-04	6.3772428559e-04
19644	6.3768996729e-04	6.3772140201e-04
19645	6.3764519892e-04	6.3771627538e-04
19646	6.3773128534e-04	6.3771222461e-04
19647	6.3768556123e-04	6.3770671509e-04
19648	6.3781042989e-04	6.3770236993e-04
19649	6.3776490065e-04	6.3769688568e-04
19650	6.3791665004e-04	6.3769115236e-04
19651	6.3784927332e-04	6.3768444125e-04
19652	6.3796747123e-04	6.3767628007e-04
19653	6.3782291452e-04	6.3766774196e-04
19654	6.3784065741e-04	6.3765762413e-04
19655	6.3763428419e-04	6.3764767410e-04
19656	6.3759789043e-04	6.3763651822e-04
19657	6.3748716439e-04	6.3762531058e-04
19658	6.3747825675e-04	6.3761323039e-04
19659	6.3752530232e-04	6.3760029135e-04
19660	6.3751596663e-04	6.3758684361e-04
19661	6.3760635112e-04	6.3757185329e-04
19662	6.3753420706e-04	6.3755684938e-04
19663	6.3756945169e-04	6.3754006008e-04
19664	6.3745933898e-04	6.3752368497e-04
19665	6.3745436495e-04	6.3750555231e-04
19666	6.3740305976e-04	6.3748802101e-04
19667	6.3739612832e-04	6.3746883428e-04
19668	6.3742562039e-04	6.3745035602e-04
19669	6.3740186309e-04	6.3743038716e-04
19670	6.3744739896e-04	6.3741153482e-04
19671	6.3739001678e-04	6.3739149135e-04
19672	6.3740743907e-04	6.3737358567e-04
19673	6.3734847383e-04	6.3735498786e-04
19674	6.3734480741e-04	6.3734018874e-04
19675	6.3732738858e-04	6.3732532583e-04
19676	6.3731275567e-04	6.3731589057e-04
19677	6.3733360419e-04	6.3730637851e-04
19678	6.3730222216e-04	6.3730206820e-04
19679	6.3732839290e-04	6.3729555993e-04
19680	6.3728324392e-04	6.3729121435e-04
19681	6.3729570547e-04	6.3728205247e-04
19682	6.3725803619e-04	6.3727244663e-04
19683	6.3725699434e-04	6.3725983888e-04
19684	6.3724375651e-04	6.3724685414e-04
19685	6.3723139886e-04	6.3723541057e-04
19686	6.3723819795e-04	6.3722359984e-04
19687	6.3721454850e-04	6.3721506378e-04
19688	6.3722596992e-04	6.3720407738e-04
19689	6.3719622855e-04	6.3719459302e-04
19690	6.3720176806e-04	6.3718001042e-04
19691	6.3717680346e-04	6.3716439535e-04
19692	6.3717366991e-04	6.3714218807e-04
19693	6.3716143556e-04	6.3711607422e-04
19694	6.3714974484e-04	6.3707989760e-04
19695	6.3714955477e-04	6.3703415043e-04
19696	6.3713031215e-04	6.3696965257e-04
19697	6.3713582292e-04	6.3689054695e-04
19698	6.3711210729e-04	6.3679076747e-04
19699	6.3711720159e-04	6.3669882027e-04
19700	6.3709402859e-04	6.3663063482e-04
19701	6.3709556146e-04	6.3664120959e-04
19702	6.3707731889e-04	6.3673553890e-04
19703	6.3707472415e-04	6.3690744433e-04
19704	6.3706285485e-04	6.3710004580e-04
19705	6.3705731682e-04	6.3726934537e-04
19706	6.3705037599e-04	6.3739682814e-04
19707	6.3704483815e-04	6.3749634071e-04
19708	6.3704049076e-04	6.3760786788e-04
19709	6.3704034153e-04	6.3774887846e-04
19710	6.3703802755e-04	6.3792035208e-04
19711	6.3705259112e-04	6.3809186058e-04
19712	6.3705685231e-04	6.3824018991e-04
19713	6.3710346337e-04	6.3836008246e-04
19714	6.3713049740e-04	6.3846454320e-04
19715	6.3724567653e-04	6.3857443698e-04
19716	6.3733907283e-04	6.3869384064e-04
19717	6.3760496680e-04	6.3881410818e-04
19718	6.3786884691e-04	6.3891962597e-04
19719	6.3845985838e-04	6.3900172571e-04
19720	6.3909334917e-04	6.3906634091e-04
19721	6.4027362504e-04	6.3912191312e-04
19722	6.4141490262e-04	6.3917627798e-04
19723	6.4307573966e-04	6.3922644450e-04
19724	6.4388916609e-04	6.3926386694e-04
19725	6.4427984001e-04	6.3928423091e-04
19726	6.4261399118e-04	6.3928515905e-04
19727	6.4035408884e-04	6.3927437172e-04
19728	6.3785024534e-04	6.3925361380e-04
19729	6.3687542143e-04	6.3922532763e-04
19730	6.3740783251e-04	6.3918506237e-04
19731	6.3866898454e-04	6.3912900783e-04
19732	6.3973230586e-04	6.3905690754e-04
19733	6.3944607974e-04	6.3896893374e-04
19734	6.3845977687e-04	6.3886969375e-04
19735	6.3719753585e-04	6.3875880481e-04
19736	6.3680251235e-04	6.3863663177e-04
19737	6.3721760536e-04	6.3850096260e-04
19738	6.3788468397e-04	6.3835031367e-04
19739	6.3824002981e-04	6.3818673304e-04
19740	6.3783289239e-04	6.3801031375e-04
19741	6.3721548903e-04	6.3782624917e-04
19742	6.3675276148e-04	6.3763386795e-04
19743	6.3680061658e-04	6.3743930828e-04
19744	6.3717568915e-04	6.3724296261e-04
19745	6.3740722530e-04	6.3705671842e-04
19746	6.3738132658e-04	6.3688634749e-04
19747	6.3703045354e-04	6.3675394786e-04
19748	6.3674258256e-04	6.3666679775e-04
19749	6.3668208677e-04	6.3664904564e-04
19750	6.3680401378e-04	6.3668395569e-04
19751	6.3701100059e-04	6.3676387342e-04
19752	6.3699877878e-04	6.3682554994e-04
19753	6.3689549265e-04	6.3684218222e-04
19754	6.3669475234e-04	6.3679330218e-04
19755	6.3660895883e-04	6.3671511749e-04
19756	6.3665659326e-04	6.3665039613e-04
19757	6.3672468413e-04	6.3662614670e-04
19758	6.3680404574e-04	6.3664339289e-04
19759	6.3672994433e-04	6.3666504152e-04
19760	6.3666095118e-04	6.3666770943e-04
19761	6.3656386018e-04	6.3663694339e-04
19762	6.3655282696e-04	6.3659422337e-04
19763	6.3658997096e-04	6.3656323230e-04
19764	6.3661470799e-04	6.3655491585e-04
19765	6.3663175736e-04	6.3656304580e-04
19766	6.3657489696e-04	6.3656534366e-04
19767	6.3653508357e-04	6.3655296478e-04
19768	6.3649318899e-04	6.3652745962e-04
19769	6.3649213638e-04	6.3650294778e-04
19770	6.3651157048e-04	6.3649030490e-04
19771	6.3651494667e-04	6.3648725424e-04
19772	6.3651409525e-04	6.3648698571e-04
19773	6.3648026406e-04	6.3647886751e-04
19774	6.3645417449e-04	6.3646322790e-04
19775	6.3643599401e-04	6.3644555301e-04
19776	6.3642657171e-04	6.3643183202e-04
19777	6.3643861349e-04	6.3642524604e-04
19778	6.3642792570e-04	6.3642043683e-04
19779	6.3642984586e-04	6.3641411183e-04
19780	6.3640260569e-04	6.3640299874e-04
19781	6.3639057964e-04	6.3638934401e-04
19782	6.3637285298e-04	6.3637737348e-04
19783	6.3636511354e-04	6.3636772128e-04
19784	6.3636525577e-04	6.3636162134e-04
19785	6.3635552619e-04	6.3635422177e-04
19786	6.3635453971e-04	6.3634587722e-04
19787	6.3633567572e-04	6.3633470452e-04
19788	6.3632771885e-04	6.3632376489e-04
19789	6.3631131699e-04	6.3631361787e-04
19790	6.3630387518e-04	6.3630530454e-04
19791	6.3629688959e-04	6.3629732013e-04
19792	6.3628935107e-04	6.3628914434e-04
19793	6.3628418703e-04	6.3627894386e-04
19794	6.3627277251e-04	6.3626888371e-04
19795	6.3626362982e-04	6.3625707453e-04
19796	6.3625240124e-04	6.3624754897e-04
19797	6.3624116995e-04	6.3623576427e-04
19798	6.3623527690e-04	6.3622617245e-04
19799	6.3622312552e-04	6.3621235847e-04
19800	6.3622105584e-04	6.3620045094e-04
19801	6.3620647442e-04	6.3618476087e-04
19802	6.3620433038e-04	6.3617330169e-04
19803	6.3618787964e-04	6.3616164217e-04
19804	6.3618490503e-04	6.3615746681e-04
19805	6.3616919261e-04	6.3615555891e-04
19806	6.3616655120e-04	6.3615959042e-04
19807	6.3615221002e-04	6.3616397821e-04
19808	6.3615046319e-04	6.3616783273e-04
19809	6.3613537592e-04	6.3617060798e-04
19810	6.3613532023e-04	6.3616979728e-04
19811	6.3611714281e-04	6.3617003717e-04
19812	6.3612119427e-04	6.3616843962e-04
19813	6.3609863086e-04	6.3617006422e-04
19814	6.3611026219e-04	6.3617124142e-04
19815	6.3608236791e-04	6.3617380105e-04
19816	6.3610545254e-04	6.3617545036e-04
19817	6.3607131203e-04	6.3617520665e-04
19818	6.3611129044e-04	6.3617459329e-04
19819	6.3607109693e-04	6.3617156690e-04
19820	6.3613732107e-04	6.3616970078e-04
19821	6.3609423069e-04	6.3616643446e-04
19822	6.3620056161e-04	6.3616423017e-04
19823	6.3616107499e-04	6.3616093385e-04
19824	6.3631654273e-04	6.3615686232e-04
19825	6.3627912082e-04	6.3615192024e-04
19826	6.3645261370e-04	6.3614512395e-04
19827	6.3636946222e-04	6.3613824695e-04
19828	6.3645919742e-04	6.3612981492e-04
19829	6.3625467923e-04	6.3612161126e-04
19830	6.3621615529e-04	6.3611233831e-04
19831	6.3599817640e-04	6.3610246119e-04
19832	6.3595857794e-04	6.3609183328e-04
19833	6.3593791673e-04	6.3607958941e-04
19834	6.3594528109e-04	6.3606709682e-04
19835	6.3605982900e-04	6.3605268833e-04
19836	6.3601576821e-04	6.3603848752e-04
19837	6.3608199280e-04	6.3602253771e-04
19838	6.3595298115e-04	6.3600673660e-04
19839	6.3594619285e-04	6.3598937520e-04
19840	6.3586047949e-04	6.3597176794e-04
19841	6.3585343486e-04	6.3595278959e-04
19842	6.3588452649e-04	6.3593345706e-04
19843	6.3586648887e-04	6.3591296104e-04
19844	6.3592610225e-04	6.3589261343e-04
19845	6.3585881388e-04	6.3587118232e-04
19846	6.3587686850e-04	6.3585101369e-04
19847	6.3580517050e-04	6.3582974682e-04
19848	6.3580015724e-04	6.3581152539e-04
19849	6.3578997319e-04	6.3579248674e-04
19850	6.3577605400e-04	6.3577887531e-04
19851	6.3580947912e-04	6.3576513267e-04
19852	6.3577139857e-04	6.3575850508e-04
19853	6.3579608073e-04	6.3575125964e-04
19854	6.3574476077e-04	6.3574927987e-04
19855	6.3574762869e-04	6.3574316326e-04
19856	6.3572123058e-04	6.3573765405e-04
19857	6.3571091972e-04	6.3572653336e-04
19858	6.3571991827e-04	6.3571447761e-04
19859	6.3569543104e-04	6.3570199129e-04
19860	6.3571548023e-04	6.3568968361e-04
19861	6.3567874392e-04	6.3568148954e-04
19862	6.3568931853e-04	6.3567257066e-04
19863	6.3565768838e-04	6.3566682901e-04
19864	6.3565579169e-04	6.3565790725e-04
19865	6.3564462056e-04	6.3564957391e-04
19866	6.3563165529e-04	6.3563886284e-04
19867	6.3563751980e-04	6.3562823911e-04
19868	6.3561438916e-04	6.3561865395e-04
19869	6.3562366570e-04	6.3560896398e-04
19870	6.3559646053e-04	6.3560148015e-04
19871	6.3560009736e-04	6.3559261018e-04
19872	6.3557905898e-04	6.3558469292e-04
19873	6.3557475633e-04	6.3557507687e-04
19874	6.3556547318e-04	6.3556540469e-04
19875	6.3555348018e-04	6.3555571395e-04
19876	6.3555304411e-04	6.3554551941e-04
19877	6.3553518560e-04	6.3553671094e-04
19878	6.3553688728e-04	6.3552649538e-04
19879	6.3551750455e-04	6.3551741963e-04
19880	6.3551631245e-04	6.3550588741e-04
19881	6.3550067455e-04	6.3549443489e-04
19882	6.3549447573e-04	6.3547984060e-04
19883	6.3548545034e-04	6.3546386773e-04
19884	6.3547400801e-04	6.3544304765e-04
19885	6.3547078124e-04	6.3541796513e-04
19886	6.3545518621e-04	6.3538299400e-04
19887	6.3545483048e-04	6.3533871963e-04
19888	6.3543732427e-04	6.3527635556e-04
19889	6.3543695799e-04	6.3520239436e-04
19890	6.3542017445e-04	6.3511126552e-04
19891	6.3541806853e-04	6.3503189413e-04
19892	6.3540386616e-04	6.3497699409e-04
19893	6.3539957399e-04	6.3499489850e-04
19894	6.3538835906e-04	6.3508719696e-04
19895	6.3538259839e-04	6.3524838414e-04
19896	6.3537357837e-04	6.3542954678e-04
19897	6.3536818196e-04	6.3559180334e-04
19898	6.3536018338e-04	6.3571736392e-04
19899	6.3535816401e-04	6.3581414325e-04
19900	6.3535067531e-04	6.3591624270e-04
19901	6.3535676165e-04	6.3604040101e-04
19902	6.3535137680e-04	6.3619423510e-04
19903	6.3537381635e-04	6.3635427173e-04
19904	6.3537700268e-04	6.3649911934e-04
19905	6.3543232310e-04	6.3661770222e-04
19906	6.3546189399e-04	6.3671570069e-04
19907	6.3558625545e-04	6.3681139107e-04
19908	6.3568638969e-04	6.3691278936e-04
19909	6.3595992392e-04	6.3701991946e-04
19910	6.3622998073e-04	6.3711994890e-04
19911	6.3681414965e-04	6.3720209237e-04
19912	6.3742891879e-04	6.3726483055e-04
19913	6.3854157183e-04	6.3731261227e-04
19914	6.3957843012e-04	6.3735512668e-04
19915	6.4104522631e-04	6.3739417834e-04
19916	6.4168665613e-04	6.3742698690e-04
19917	6.4193388725e-04	6.3744757683e-04
19918	6.4038673343e-04	6.3745054300e-04
19919	6.3837002776e-04	6.3743847352e-04
19920	6.3613369207e-04	6.3741282440e-04
19921	6.3520200406e-04	6.3737932333e-04
19922	6.3556295513e-04	6.3733653751e-04
19923	6.3664111409e-04	6.3728323850e-04
19924	6.3766269786e-04	6.3721603374e-04
19925	6.3760082725e-04	6.3713325742e-04
19926	6.3687452356e-04	6.3703669565e-04
19927	6.3570500757e-04	6.3692734235e-04
19928	6.3514053500e-04	6.3680779140e-04
19929	6.3528002370e-04	6.3667756861e-04
19930	6.3584245651e-04	6.3653581942e-04
19931	6.3632876522e-04	6.3638250662e-04
19932	6.3620965522e-04	6.3621663061e-04
19933	6.3576584998e-04	6.3604239913e-04
19934	6.3521782292e-04	6.3586020831e-04
19935	6.3503009315e-04	6.3567764148e-04
19936	6.3521784606e-04	6.3549582917e-04
19937	6.3548974968e-04	6.3532640494e-04
19938	6.3566846338e-04	6.3517354383e-04
19939	6.3549941906e-04	6.3505685274e-04
19940	6.3524250628e-04	6.3498182847e-04
19941	6.3501586061e-04	6.3496920017e-04
19942	6.3498206099e-04	6.3500303788e-04
19943	6.3513238091e-04	6.3507530706e-04
19944	6.3522942210e-04	6.3513094964e-04
19945	6.3528493654e-04	6.3514663653e-04
19946	6.3514254636e-04	6.3510402729e-04
19947	6.3501989593e-04	6.3503311718e-04
19948	6.3492222926e-04	6.3497015553e-04
19949	6.3493020306e-04	6.3494134916e-04
19950	6.3501164052e-04	6.3495103437e-04
19951	6.3503953657e-04	6.3497103215e-04
19952	6.3505370881e-04	6.3497959382e-04
19953	6.3496351341e-04	6.3495868425e-04
19954	6.3490755075e-04	6.3492121068e-04
19955	6.3485693716e-04	6.3488679263e-04
19956	6.3486529786e-04	6.3487019158e-04
19957	6.3489848194e-04	6.3487239803e-04
19958	6.3490744418e-04	6.3487700592e-04
19959	6.3490673548e-04	6.3487312600e-04
19960	6.3486052461e-04	6.3485483037e-04
19961	6.3482628072e-04	6.3483093357e-04
19962	6.3480058618e-04	6.3481215576e-04
19963	6.3479360915e-04	6.3480290684e-04
19964	6.3481060001e-04	6.3480132722e-04
19965	6.3480567670e-04	6.3479807464e-04
19966	6.3481005680e-04	6.3478877826e-04
19967	6.3478016318e-04	6.3477380811e-04
19968	6.3476355630e-04	6.3475732835e-04
19969	6.3474142776e-04	6.3474600154e-04
19970	6.3473147030e-04	6.3473809474e-04
19971	6.3473427465e-04	6.3473396109e-04
19972	6.3472613866e-04	6.3472643046e-04
19973	6.3473033089e-04	6.3471679874e-04
19974	6.3470965704e-04	6.3470355494e-04
19975	6.3470307416e-04	6.3469156118e-04
19976	6.3468124725e-04	6.3468082409e-04
19977	6.3467407372e-04	6.3467294879e-04
19978	6.3466431793e-04	6.3466414319e-04
19979	6.3465938212e-04	6.3465514412e-04
19980	6.3465512542e-04	6.3464169180e-04
19981	6.3464598923e-04	6.3462910269e-04
19982	6.3463718663e-04	6.3461309910e-04
19983	6.3462552412e-04	6.3460171989e-04
19984	6.3461267472e-04	6.3458859098e-04
19985	6.3460633512e-04	6.3458204478e-04
19986	6.3459249762e-04	6.3457521901e-04
19987	6.3459312293e-04	6.3457534970e-04
19988	6.3457675058e-04	6.3457624293e-04
19989	6.3457996574e-04	6.3458038650e-04
19990	6.3455944422e-04	6.3458464938e-04
19991	6.3456297839e-04	6.3458651956e-04
19992	6.3454028772e-04	6.3458857868e-04
19993	6.3454590840e-04	6.3458669448e-04
19994	6.3452304725e-04	6.3458702409e-04
19995	6.3453323149e-04	6.3458563698e-04
19996	6.3450879693e-04	6.3458733190e-04
19997	6.3452606300e-04	6.3458867199e-04
19998	6.3449680960e-04	6.3459021380e-04
19999	6.3452619188e-04	6.3459129224e-04
20000	6.3449015120e-04	6.3458968143e-04
20001	6.3454091006e-04	6.3458837812e-04
20002	6.3449892748e-04	6.3458450691e-04
20003	6.3458414843e-04	6.3458207309e-04
20004	6.3454025461e-04	6.3457830725e-04
20005	6.3467245947e-04	6.3457527537e-04
20006	6.3463011506e-04	6.3457136276e-04
20007	6.3480189676e-04	6.3456625031e-04
20008	6.3474169309e-04	6.3456058037e-04
20009	6.3488678331e-04	6.3455286267e-04
20010	6.3474087259e-04	6.3454523776e-04
20011	6.3476683288e-04	6.3453604926e-04
20012	6.3453210775e-04	6.3452702465e-04
20013	6.3448449533e-04	6.3451707590e-04
20014	6.3435305453e-04	6.3450636448e-04
20015	6.3434205541e-04	6.3449514777e-04
20016	6.3440397898e-04	6.3448216609e-04
20017	6.3439607930e-04	6.3446914217e-04
20018	6.3450436353e-04	6.3445405886e-04
20019	6.3441700927e-04	6.3443931308e-04
20020	6.3445089943e-04	6.3442272110e-04
20021	6.3432446729e-04	6.3440642888e-04
20022	6.3431647632e-04	6.3438855979e-04
20023	6.3427670712e-04	6.3437068235e-04
20024	6.3427034175e-04	6.3435144288e-04
20025	6.3432072246e-04	6.3433216504e-04
20026	6.3428549480e-04	6.3431172077e-04
20027	6.3433414975e-04	6.3429187312e-04
20028	6.3425903971e-04	6.3427101387e-04
20029	6.3427044236e-04	6.3425214373e-04
20030	6.3421385598e-04	6.3423245982e-04
20031	6.3420916261e-04	6.3421686493e-04
20032	6.3421236323e-04	6.3420089315e-04
20033	6.3419425462e-04	6.3419122271e-04
20034	6.3422654503e-04	6.3418131037e-04
20035	6.3418489645e-04	6.3417792874e-04
20036	6.3420517286e-04	6.3417218316e-04
20037	6.3415790667e-04	6.3416948530e-04
20038	6.3415953145e-04	6.3416113508e-04
20039	6.3413858631e-04	6.3415242310e-04
20040	6.3412744698e-04	6.3414003657e-04
20041	6.3413684473e-04	6.3412742291e-04
20042	6.3411202144e-04	6.3411680988e-04
20043	6.3413023221e-04	6.3410630998e-04
20044	6.3409542454e-04	6.3409988596e-04
20045	6.3410544198e-04	6.3409161011e-04
20046	6.3407587318e-04	6.3408538121e-04
20047	6.3407431664e-04	6.3407582179e-04
20048	6.3406267701e-04	6.3406659711e-04
20049	6.3405041046e-04	6.3405618304e-04
20050	6.3405459408e-04	6.3404597081e-04
20051	6.3403280709e-04	6.3403735009e-04
20052	6.3404180242e-04	6.3402831255e-04
20053	6.3401552291e-04	6.3402104572e-04
20054	6.3402068637e-04	6.3401221715e-04
20055	6.3399835371e-04	6.3400392161e-04
20056	6.3399649235e-04	6.3399436816e-04
20057	6.3398390224e-04	6.3398460324e-04
20058	6.3397474036e-04	6.3397523097e-04
20059	6.3397122977e-04	6.3396510883e-04
20060	6.3395600858e-04	6.3395627595e-04
20061	6.3395668293e-04	6.3394568380e-04
20062	6.3393850862e-04	6.3393583375e-04
20063	6.3393847001e-04	6.3392310246e-04
20064	6.3392164157e-04	6.3390979856e-04
20065	6.3391798872e-04	6.3389234544e-04
20066	6.3390587741e-04	6.3387215256e-04
20067	6.3389756573e-04	6.3384467728e-04
20068	6.3389108192e-04	6.3381037284e-04
20069	6.3387838096e-04	6.3376207628e-04
20070	6.3387620605e-04	6.3370209729e-04
20071	6.3386038422e-04	6.3362263799e-04
20072	6.3386029440e-04	6.3353939640e-04
20073	6.3384324099e-04	6.3345701014e-04
20074	6.3384333073e-04	6.3341876901e-04
20075	6.3382691924e-04	6.3344024166e-04
20076	6.3382621992e-04	6.3354663058e-04
20077	6.3381172277e-04	6.3370857037e-04
20078	6.3381042051e-04	6.3388945888e-04
20079	6.3379834263e-04	6.3404734318e-04
20080	6.3379790801e-04	6.3416736372e-04
20081	6.3378837299e-04	6.3426581343e-04
20082	6.3379197887e-04	6.3436544724e-04
20083	6.3378582197e-04	6.3449349717e-04
20084	6.3379961362e-04	6.3464507539e-04
20085	6.3380060012e-04	6.3480378325e-04
20086	6.3383689932e-04	6.3494553446e-04
20087	6.3385644484e-04	6.3506078053e-04
20088	6.3394142844e-04	6.3515836612e-04
20089	6.3400925390e-04	6.3525118861e-04
20090	6.3420022446e-04	6.3535177145e-04
20091	6.3438655753e-04	6.3545611999e-04
20092	6.3480420423e-04	6.3555353415e-04
20093	6.3525011779e-04	6.3563406676e-04
20094	6.3609893664e-04	6.3569393444e-04
20095	6.3696779471e-04	6.3574093408e-04
20096	6.3834037014e-04	6.3578045124e-04
20097	6.3933923171e-04	6.3581754486e-04
20098	6.4036349761e-04	6.3584824657e-04
20099	6.3991860406e-04	6.3586634578e-04
20100	6.3873968631e-04	6.3586885081e-04
20101	6.3633647512e-04	6.3585404600e-04
20102	6.3446448650e-04	6.3582796145e-04
20103	6.3358974998e-04	6.3579141056e-04
20104	6.3406319228e-04	6.3574739949e-04
20105	6.3522930326e-04	6.3569216185e-04
20106	6.3599399110e-04	6.3562375889e-04
20107	6.3607333045e-04	6.3554041717e-04
20108	6.3511641980e-04	6.3544248323e-04
20109	6.3412732374e-04	6.3533252188e-04
20110	6.3354298132e-04	6.3521158069e-04
20111	6.3372480125e-04	6.3508044720e-04
20112	6.3432252084e-04	6.3493859754e-04
20113	6.3469190421e-04	6.3478460050e-04
20114	6.3466891522e-04	6.3462026346e-04
20115	6.3414414020e-04	6.3444539597e-04
20116	6.3366603198e-04	6.3426603438e-04
20117	6.3347700868e-04	6.3408329630e-04
20118	6.3362607618e-04	6.3390660641e-04
20119	6.3395223141e-04	6.3373882808e-04
20120	6.3404691031e-04	6.3359531992e-04
20121	6.3396855701e-04	6.3348219634e-04
20122	6.3366543029e-04	6.3342104057e-04
20123	6.3346292346e-04	6.3340991757e-04
20124	6.3343237980e-04	6.3345628145e-04
20125	6.3352818184e-04	6.3352092837e-04
20126	6.3369178650e-04	6.3357817425e-04
20127	6.3368119544e-04	6.3358291620e-04
20128	6.3362206378e-04	6.3353865594e-04
20129	6.3345177944e-04	6.3346716632e-04
20130	6.3337562240e-04	6.3340728982e-04
20131	6.3337087931e-04	6.3338443718e-04
20132	6.3342414895e-04	6.3339297218e-04
20133	6.3349298005e-04	6.3341569691e-04
20134	6.3347189298e-04	6.3341988420e-04
20135	6.3343251520e-04	6.3339953136e-04
20136	6.3334556300e-04	6.3336167291e-04
20137	6.3330647657e-04	6.3332843256e-04
20138	6.3330464005e-04	6.3331371438e-04
20139	6.3332311105e-04	6.3331474923e-04
20140	6.3335554331e-04	6.3332036146e-04
20141	6.3333850694e-04	6.3331547775e-04
20142	6.3331891343e-04	6.3329768575e-04
20143	6.3327220669e-04	6.3327472271e-04
20144	6.3324586077e-04	6.3325528988e-04
20145	6.3324121784e-04	6.3324731774e-04
20146	6.3323876282e-04	6.3324390794e-04
20147	6.3325855684e-04	6.3324184363e-04
20148	6.3324137587e-04	6.3323157188e-04
20149	6.3323998531e-04	6.3321701296e-04
20150	6.3320501593e-04	6.3319972145e-04
20151	6.3319411886e-04	6.3318693110e-04
20152	6.3317585434e-04	6.3317734268e-04
20153	6.3317435207e-04	6.3317091868e-04
20154	6.3317368244e-04	6.3316075266e-04
20155	6.3316903298e-04	6.3314910273e-04
20156	6.3316254134e-04	6.3313202141e-04
20157	6.3314819862e-04	6.3311913082e-04
20158	6.3313243878e-04	6.3310653029e-04
20159	6.3312315795e-04	6.3310329392e-04
20160	6.3310750750e-04	6.3310112971e-04
20161	6.3311109432e-04	6.3310483410e-04
20162	6.3309415857e-04	6.3310691534e-04
20163	6.3310243808e-04	6.3310916018e-04
20164	6.3307860546e-04	6.3311071712e-04
20165	6.3308551914e-04	6.3310998430e-04
20166	6.3305769686e-04	6.3311103961e-04
20167	6.3306663937e-04	6.3310921212e-04
20168	6.3304024636e-04	6.3310998829e-04
20169	6.3305559906e-04	6.3310855875e-04
20170	6.3302921800e-04	6.3310918437e-04
20171	6.3305299521e-04	6.3310906446e-04
20172	6.3302112299e-04	6.3310890498e-04
20173	6.3305852721e-04	6.3310891184e-04
20174	6.3301873772e-04	6.3310654343e-04
20175	6.3308107652e-04	6.3310483288e-04
20176	6.3303547205e-04	6.3310028353e-04
20177	6.3313622128e-04	6.3309694580e-04
20178	6.3308845776e-04	6.3309189656e-04
20179	6.3323329368e-04	6.3308770283e-04
20180	6.3317999167e-04	6.3308270462e-04
20181	6.3334325158e-04	6.3307700463e-04
20182	6.3325134265e-04	6.3307080836e-04
20183	6.3335652201e-04	6.3306274536e-04
20184	6.3317491290e-04	6.3305455297e-04
20185	6.3317343369e-04	6.3304465887e-04
20186	6.3296727636e-04	6.3303488049e-04
20187	6.3293519628e-04	6.3302413190e-04
20188	6.3287196245e-04	6.3301298092e-04
20189	6.3286753059e-04	6.3300134736e-04
20190	6.3295030398e-04	6.3298832784e-04
20191	6.3292209836e-04	6.3297516200e-04
20192	6.3301365475e-04	6.3296002046e-04
20193	6.3291504934e-04	6.3294514591e-04
20194	6.3294180788e-04	6.3292832284e-04
20195	6.3283186597e-04	6.3291206956e-04
20196	6.3282744360e-04	6.3289410478e-04
20197	6.3280073380e-04	6.3287674581e-04
20198	6.3279076753e-04	6.3285783319e-04
20199	6.3283733452e-04	6.3283959593e-04
20200	6.3279905406e-04	6.3281995390e-04
20201	6.3284633157e-04	6.3280158465e-04
20202	6.3277656068e-04	6.3278210094e-04
20203	6.3279362299e-04	6.3276527016e-04
20204	6.3273770162e-04	6.3274780951e-04
20205	6.3273637317e-04	6.3273496856e-04
20206	6.3272963227e-04	6.3272197551e-04
20207	6.3271420099e-04	6.3271508759e-04
20208	6.3273972457e-04	6.3270746233e-04
20209	6.3270419843e-04	6.3270490617e-04
20210	6.3272810499e-04	6.3269883380e-04
20211	6.3268256144e-04	6.3269434823e-04
20212	6.3269153901e-04	6.3268456918e-04
20213	6.3266051872e-04	6.3267447049e-04
20214	6.3265648110e-04	6.3266241279e-04
20215	6.3265199452e-04	6.3265051975e-04
20216	6.3263586914e-04	6.3264113323e-04
20217	6.3264798096e-04	6.3263166464e-04
20218	6.3262071228e-04	6.3262550810e-04
20219	6.3263343773e-04	6.3261741058e-04
20220	6.3260291512e-04	6.3261072752e-04
20221	6.3260781262e-04	6.3260135842e-04
20222	6.3258567417e-04	6.3259212493e-04
20223	6.3258121837e-04	6.3258226470e-04
20224	6.3257324306e-04	6.3257234760e-04
20225	6.3255993478e-04	6.3256401769e-04
20226	6.3256276873e-04	6.3255506810e-04
20227	6.3254241318e-04	6.3254788101e-04
20228	6.3254860204e-04	6.3253922588e-04
20229	6.3252550212e-04	6.3253136182e-04
20230	6.3252910776e-04	6.3252225484e-04
20231	6.3250892905e-04	6.3251326371e-04
20232	6.3250713622e-04	6.3250433753e-04
20233	6.3249384514e-04	6.3249517438e-04
20234	6.3248602425e-04	6.3248702372e-04
20235	6.3248004856e-04	6.3247820471e-04
20236	6.3246691985e-04	6.3247031081e-04
20237	6.3246586890e-04	6.3246152035e-04
20238	6.3244924788e-04	6.3245304514e-04
20239	6.3244983467e-04	6.3244408084e-04
20240	6.3243225354e-04	6.3243482508e-04
20241	6.3243179772e-04	6.3242584808e-04
20242	6.3241573672e-04	6.3241596274e-04
20243	6.3241269313e-04	6.3240679230e-04
20244	6.3239976358e-04	6.3239588782e-04
20245	6.3239361031e-04	6.3238538942e-04
20246	6.3238418364e-04	6.3237190674e-04
20247	6.3237515095e-04	6.3235754415e-04
20248	6.3236854626e-04	6.3233784031e-04
20249	6.3235737357e-04	6.3231429559e-04
20250	6.3235237293e-04	6.3228032001e-04
20251	6.3234011384e-04	6.3223675760e-04
20252	6.3233547705e-04	6.3217390319e-04
20253	6.3232328206e-04	6.3209613731e-04
20254	6.3231801863e-04	6.3199663659e-04
20255	6.3230690821e-04	6.3190147711e-04
20256	6.3230034663e-04	6.3182638237e-04
20257	6.3229110637e-04	6.3182545325e-04
20258	6.3228288971e-04	6.3191027774e-04
20259	6.3227614100e-04	6.3207789180e-04
20260	6.3226622019e-04	6.3227545221e-04
20261	6.3226266730e-04	6.3245351634e-04
20262	6.3225136506e-04	6.3258945072e-04
20263	6.3225225297e-04	6.3269263937e-04
20264	6.3224054122e-04	6.3280313257e-04
20265	6.3224854823e-04	6.3294281124e-04
20266	6.3223893186e-04	6.3311549867e-04
20267	6.3226017339e-04	6.3329374560e-04
20268	6.3225913983e-04	6.3344956702e-04
20269	6.3230783201e-04	6.3357652626e-04
20270	6.3233215310e-04	6.3368373321e-04
20271	6.3244172314e-04	6.3379522375e-04
20272	6.3253390365e-04	6.3391600206e-04
20273	6.3278234967e-04	6.3404023155e-04
20274	6.3304338638e-04	6.3415136493e-04
20275	6.3359924470e-04	6.3423871496e-04
20276	6.3422700444e-04	6.3430765039e-04
20277	6.3535781467e-04	6.3436522202e-04
20278	6.3651800321e-04	6.3442225760e-04
20279	6.3818000379e-04	6.3447467773e-04
20280	6.3914126423e-04	6.3451626969e-04
20281	6.3969190579e-04	6.3453985606e-04
20282	6.3824184162e-04	6.3454412712e-04
20283	6.3601156530e-04	6.3453512502e-04
20284	6.3336477840e-04	6.3451609333e-04
20285	6.3212426188e-04	6.3448945658e-04
20286	6.3247454050e-04	6.3445116244e-04
20287	6.3374051715e-04	6.3439730385e-04
20288	6.3492973267e-04	6.3432675310e-04
20289	6.3483313412e-04	6.3424007332e-04
20290	6.3389120694e-04	6.3414126319e-04
20291	6.3256726589e-04	6.3403091931e-04
20292	6.3200261570e-04	6.3390894450e-04
20293	6.3235069377e-04	6.3377362153e-04
20294	6.3302880152e-04	6.3362290456e-04
20295	6.3349401962e-04	6.3345885755e-04
20296	6.3315390398e-04	6.3328151679e-04
20297	6.3254039098e-04	6.3309588579e-04
20298	6.3201006788e-04	6.3290174097e-04
20299	6.3199006462e-04	6.3270443121e-04
20300	6.3236316898e-04	6.3250500819e-04
20301	6.3262066164e-04	6.3231380301e-04
20302	6.3265709239e-04	6.3213772786e-04
20303	6.3229885163e-04	6.3199690761e-04
20304	6.3200618784e-04	6.3190112775e-04
20305	6.3189178616e-04	6.3187346581e-04
20306	6.3201739878e-04	6.3190258385e-04
20307	6.3222500538e-04	6.3198134457e-04
20308	6.3224675495e-04	6.3205000009e-04
20309	6.3215107076e-04	6.3207622039e-04
20310	6.3194474350e-04	6.3203509932e-04
20311	6.3184330206e-04	6.3195714836e-04
20312	6.3187573636e-04	6.3188739900e-04
20313	6.3195062982e-04	6.3185659110e-04
20314	6.3203556187e-04	6.3187104650e-04
20315	6.3197549671e-04	6.3189477011e-04
20316	6.3190371843e-04	6.3190269765e-04
20317	6.3180324829e-04	6.3187487276e-04
20318	6.3178462851e-04	6.3183161786e-04
20319	6.3182031992e-04	6.3179556301e-04
20320	6.3185028192e-04	6.3178349289e-04
20321	6.3187017199e-04	6.3178769630e-04
20322	6.3181947000e-04	6.3179024173e-04
20323	6.3177405847e-04	6.3177471912e-04
20324	6.3173459254e-04	6.3174723504e-04
20325	6.3172518975e-04	6.3171555993e-04
20326	6.3175246279e-04	6.3170093829e-04
20327	6.3174988132e-04	6.3169677582e-04
20328	6.3176053453e-04	6.3170561563e-04
20329	6.3171767259e-04	6.3170856353e-04
20330	6.3170216203e-04	6.3170872823e-04
20331	6.3167171386e-04	6.3170500928e-04
20332	6.3167490592e-04	6.3170279480e-04
20333	6.3167486414e-04	6.3170706979e-04
20334	6.3168056003e-04	6.3171005529e-04
20335	6.3166890612e-04	6.3171440232e-04
20336	6.3166097556e-04	6.3171234188e-04
20337	6.3163145535e-04	6.3171111862e-04
20338	6.3163888605e-04	6.3171028487e-04
20339	6.3160957144e-04	6.3171228936e-04
20340	6.3164668799e-04	6.3171676873e-04
20341	6.3161033076e-04	6.3171790895e-04
20342	6.3166558666e-04	6.3171812768e-04
20343	6.3161440816e-04	6.3171353600e-04
20344	6.3169406765e-04	6.3171021832e-04
20345	6.3164352711e-04	6.3170689272e-04
20346	6.3177128547e-04	6.3170541480e-04
20347	6.3173549049e-04	6.3170410668e-04
20348	6.3191362698e-04	6.3170035359e-04
20349	6.3187466542e-04	6.3169526925e-04
20350	6.3204267348e-04	6.3168715762e-04
20351	6.3192312148e-04	6.3167942115e-04
20352	6.3196917089e-04	6.3167115753e-04
20353	6.3172211067e-04	6.3166347089e-04
20354	6.3166639756e-04	6.3165534142e-04
20355	6.3148939209e-04	6.3164543801e-04
20356	6.3147316771e-04	6.3163456632e-04
20357	6.3152195874e-04	6.3162132473e-04
20358	6.3152540727e-04	6.3160813318e-04
20359	6.3164644678e-04	6.3159355478e-04
20360	6.3156113131e-04	6.3157939404e-04
20361	6.3159861203e-04	6.3156391296e-04
20362	6.3145807601e-04	6.3154796223e-04
20363	6.3144805813e-04	6.3153039884e-04
20364	6.3140627327e-04	6.3151209424e-04
20365	6.3140215351e-04	6.3149250668e-04
20366	6.3146277330e-04	6.3147285412e-04
20367	6.3142285697e-04	6.3145209630e-04
20368	6.3147389387e-04	6.3143207306e-04
20369	6.3138819169e-04	6.3141060771e-04
20370	6.3139745282e-04	6.3139102665e-04
20371	6.3134342372e-04	6.3136995814e-04
20372	6.3133921969e-04	6.3135287826e-04
20373	6.3135519657e-04	6.3133505764e-04
20374	6.3133221772e-04	6.3132379594e-04
20375	6.3136907385e-04	6.3131260941e-04
20376	6.3131732000e-04	6.3130881877e-04
20377	6.3133427700e-04	6.3130358626e-04
20378	6.3128660086e-04	6.3130229943e-04
20379	6.3128635705e-04	6.3129545034e-04
20380	6.3127725470e-04	6.3128812883e-04
20381	6.3126366673e-04	6.3127611864e-04
20382	6.3128193955e-04	6.3126350802e-04
20383	6.3125097320e-04	6.3125265125e-04
20384	6.3126759767e-04	6.3124202699e-04
20385	6.3123051813e-04	6.3123599515e-04
20386	6.3123459590e-04	6.3122819832e-04
20387	6.3121331874e-04	6.3122263239e-04
20388	6.3120615381e-04	6.3121346944e-04
20389	6.3120689897e-04	6.3120444053e-04
20390	6.3118871444e-04	6.3119435991e-04
20391	6.3119892171e-04	6.3118428452e-04
20392	6.3117284466e-04	6.3117640905e-04
20393	6.3117935796e-04	6.3116772375e-04
20394	6.3115560298e-04	6.3116124060e-04
20395	6.3115383021e-04	6.3115261255e-04
20396	6.3114168914e-04	6.3114478084e-04
20397	6.3113160315e-04	6.3113550434e-04
20398	6.3113100308e-04	6.3112641072e-04
20399	6.3111392953e-04	6.3111793783e-04
20400	6.3111781840e-04	6.3110915454e-04
20401	6.3109755425e-04	6.3110178582e-04
20402	6.3109923372e-04	6.3109330073e-04
20403	6.3108161238e-04	6.3108566432e-04
20404	6.3107797972e-04	6.3107689409e-04
20405	6.3106722222e-04	6.3106838382e-04
20406	6.3105783844e-04	6.3105977322e-04
20407	6.3105387375e-04	6.3105105862e-04
20408	6.3103982520e-04	6.3104308135e-04
20409	6.3103935026e-04	6.3103457044e-04
20410	6.3102306301e-04	6.3102677509e-04
20411	6.3102235904e-04	6.3101825689e-04
20412	6.3100699388e-04	6.3101004604e-04
20413	6.3100362841e-04	6.3100151076e-04
20414	6.3099167285e-04	6.3099293788e-04
20415	6.3098469307e-04	6.3098466006e-04
20416	6.3097687744e-04	6.3097606990e-04
20417	6.3096647528e-04	6.3096805405e-04
20418	6.3096183710e-04	6.3095954278e-04
20419	6.3094905840e-04	6.3095147424e-04
20420	6.3094584533e-04	6.3094298628e-04
20421	6.3093224927e-04	6.3093465746e-04
20422	6.3092879065e-04	6.3092624426e-04
20423	6.3091591582e-04	6.3091772911e-04
20424	6.3091105694e-04	6.3090947538e-04
20425	6.3089993847e-04	6.3090092527e-04
20426	6.3089315342e-04	6.3089277682e-04
20427	6.3088412808e-04	6.3088425079e-04
20428	6.3087544582e-04	6.3087605433e-04
20429	6.3086823741e-04	6.3086755971e-04
20430	6.3085807830e-04	6.3085922117e-04
20431	6.3085205188e-04	6.3085078678e-04
20432	6.3084103992e-04	6.3084232621e-04
20433	6.3083547228e-04	6.3083397822e-04
20434	6.3082425428e-04	6.3082545932e-04
20435	6.3081853097e-04	6.3081716963e-04
20436	6.3080764112e-04	6.3080863042e-04
20437	6.3080135184e-04	6.3080032687e-04
20438	6.3079113308e-04	6.3079177221e-04
20439	6.3078407836e-04	6.3078338676e-04
20440	6.3077466605e-04	6.3077479683e-04
20441	6.3076681888e-04	6.3076628004e-04
20442	6.3075817599e-04	6.3075758100e-04
20443	6.3074962725e-04	6.3074884696e-04
20444	6.3074160728e-04	6.3073982032e-04
20445	6.3073251765e-04	6.3073060219e-04
20446	6.3072493240e-04	6.3072067536e-04
20447	6.3071549105e-04	6.3071018501e-04
20448	6.3070815367e-04	6.3069788058e-04
20449	6.3069854052e-04	6.3068391003e-04
20450	6.3069128540e-04	6.3066535180e-04
20451	6.3068165137e-04	6.3064194586e-04
20452	6.3067434371e-04	6.3060722452e-04
20453	6.3066481069e-04	6.3055982735e-04
20454	6.3065734907e-04	6.3048743008e-04
20455	6.3064802475e-04	6.3039102776e-04
20456	6.3064033561e-04	6.3025937255e-04
20457	6.3063133232e-04	6.3012287912e-04
20458	6.3062335387e-04	6.3000685544e-04
20459	6.3061481837e-04	6.2999233904e-04
20460	6.3060649588e-04	6.3010155855e-04
20461	6.3059867777e-04	6.3031895651e-04
20462	6.3058998937e-04	6.3055962811e-04
20463	6.3058337490e-04	6.3075292051e-04
20464	6.3057441856e-04	6.3088893176e-04
20465	6.3057001677e-04	6.3100530041e-04
20466	6.3056128547e-04	6.3116591450e-04
20467	6.3056131888e-04	6.3137936289e-04
20468	6.3055452286e-04	6.3161149822e-04
20469	6.3056418523e-04	6.3181468257e-04
20470	6.3056461689e-04	6.3197237534e-04
20471	6.3059669740e-04	6.3211580278e-04
20472	6.3061992137e-04	6.3227159833e-04
20473	6.3070717273e-04	6.3244962359e-04
20474	6.3079746501e-04	6.3262251936e-04
20475	6.3102498601e-04	6.3276612301e-04
20476	6.3130196490e-04	6.3288043646e-04
20477	6.3188125380e-04	6.3308684187e-04
20478	6.3262462726e-04	6.3328222128e-04
20479	6.3397552576e-04	6.3346411233e-04
20480	6.3555554189e-04	6.3363005265e-04
20481	6.3785541522e-04	6.3377757989e-04
20482	6.3945549225e-04	6.3390423169e-04
20483	6.4037189007e-04	6.3400754568e-04
20484	6.3836790461e-04	6.3408505951e-04
20485	6.3502274824e-04	6.3413431081e-04
20486	6.3150484338e-04	6.3415283722e-04
20487	6.3039823241e-04	6.3413817639e-04
20488	6.3171081067e-04	6.3408786595e-04
20489	6.3366586140e-04	6.3399944353e-04
20490	6.3460901422e-04	6.3387044679e-04
20491	6.3332129044e-04	6.3369841336e-04
20492	6.3141010866e-04	6.3348088087e-04
20493	6.3035832205e-04	6.3321538697e-04
20494	6.3086851674e-04	6.3289946930e-04
20495	6.3210808052e-04	6.3253066549e-04
20496	6.3242948215e-04	6.3210651318e-04
20497	6.3180614074e-04	6.3162455002e-04
20498	6.3066431818e-04	6.3108231365e-04
20499	6.3030296476e-04	6.3047734169e-04
20500	6.3076944670e-04	6.2980717180e-04
20501	6.3133718920e-04	6.2906934160e-04
